z,s_hat,chi
0.00100000,-0.0025743108,2.5729532596
0.00129993,-0.0033460166,2.5726403526
0.00159986,-0.0041175348,2.5720147131
0.00189979,-0.0048888653,2.5713894224
0.00219972,-0.0056600084,2.5707644802
0.00249965,-0.0064309641,2.5701398863
0.00279958,-0.0072017325,2.5695156404
0.00309951,-0.0079723137,2.5688917421
0.00339944,-0.0087427078,2.5682681913
0.00369937,-0.0095129150,2.5676449877
0.00399930,-0.0102829353,2.5670221310
0.00429923,-0.0110527689,2.5663996209
0.00459916,-0.0118224158,2.5657774571
0.00489909,-0.0125918761,2.5651556394
0.00519902,-0.0133611500,2.5645341675
0.00549895,-0.0141302375,2.5639130412
0.00579888,-0.0148991388,2.5632922601
0.00609881,-0.0156678540,2.5626718241
0.00639874,-0.0164363831,2.5620517327
0.00669867,-0.0172047263,2.5614319858
0.00699860,-0.0179728837,2.5608125831
0.00729853,-0.0187408553,2.5601935243
0.00759846,-0.0195086413,2.5595748092
0.00789839,-0.0202762418,2.5589564375
0.00819832,-0.0210436569,2.5583384088
0.00849825,-0.0218108867,2.5577207231
0.00879818,-0.0225779312,2.5571033799
0.00909811,-0.0233447907,2.5564863790
0.00939804,-0.0241114651,2.5558697202
0.00969797,-0.0248779546,2.5552534031
0.00999790,-0.0256442594,2.5546374276
0.01029783,-0.0264103794,2.5540217933
0.01059776,-0.0271763149,2.5534065001
0.01089769,-0.0279420658,2.5527915475
0.01119762,-0.0287076324,2.5521769354
0.01149755,-0.0294730146,2.5515626635
0.01179748,-0.0302382127,2.5509487315
0.01209741,-0.0310032267,2.5503351392
0.01239734,-0.0317680567,2.5497218863
0.01269727,-0.0325327028,2.5491089725
0.01299720,-0.0332971652,2.5484963976
0.01329713,-0.0340614438,2.5478841614
0.01359706,-0.0348255389,2.5472722634
0.01389699,-0.0355894505,2.5466607036
0.01419692,-0.0363531788,2.5460494816
0.01449685,-0.0371167238,2.5454385972
0.01479678,-0.0378800855,2.5448280500
0.01509671,-0.0386432643,2.5442178400
0.01539664,-0.0394062600,2.5436079667
0.01569657,-0.0401690729,2.5429984299
0.01599650,-0.0409317030,2.5423936465
0.01629643,-0.0416941505,2.5417803580
0.01659636,-0.0424564154,2.5411718293
0.01689629,-0.0432184978,2.5405636360
0.01719622,-0.0439803978,2.5399557780
0.01749615,-0.0447421156,2.5393482550
0.01779608,-0.0455036512,2.5387410666
0.01809601,-0.0462650048,2.5381342127
0.01839594,-0.0470261764,2.5375276931
0.01869587,-0.0477871661,2.5369215073
0.01899580,-0.0485479741,2.5363156553
0.01929573,-0.0493086004,2.5357101367
0.01959566,-0.0500690452,2.5351049512
0.01989559,-0.0508293084,2.5345000987
0.02019552,-0.0515893904,2.5338955788
0.02049545,-0.0523492910,2.5332913914
0.02079538,-0.0531090105,2.5326875360
0.02109531,-0.0538685489,2.5320840126
0.02139524,-0.0546279064,2.5314808208
0.02169517,-0.0553870830,2.5308779605
0.02199510,-0.0561460788,2.5302754312
0.02229503,-0.0569048940,2.5296732328
0.02259496,-0.0576635286,2.5290713651
0.02289489,-0.0584219827,2.5284698277
0.02319482,-0.0591802564,2.5278686205
0.02349475,-0.0599383499,2.5272677431
0.02379468,-0.0606962632,2.5266671953
0.02409461,-0.0614539965,2.5260669769
0.02439454,-0.0622115497,2.5254670876
0.02469447,-0.0629689231,2.5248675272
0.02499440,-0.0637261167,2.5242682954
0.02529433,-0.0644831307,2.5236693919
0.02559426,-0.0652399650,2.5230708166
0.02589419,-0.0659966199,2.5224725691
0.02619412,-0.0667530954,2.5218746492
0.02649405,-0.0675093916,2.5212770567
0.02679398,-0.0682655086,2.5206797913
0.02709391,-0.0690214466,2.5200828528
0.02739384,-0.0697772055,2.5194862409
0.02769377,-0.0705327855,2.5188899553
0.02799370,-0.0712881868,2.5182939958
0.02829363,-0.0720434093,2.5176983623
0.02859356,-0.0727984533,2.5171030543
0.02889349,-0.0735533187,2.5165080717
0.02919342,-0.0743080058,2.5159134143
0.02949335,-0.0750625145,2.5153190817
0.02979328,-0.0758168451,2.5147250738
0.03009321,-0.0765709975,2.5141313902
0.03039314,-0.0773249719,2.5135380308
0.03069307,-0.0780787684,2.5129449953
0.03099300,-0.0788323870,2.5123522834
0.03129293,-0.0795858280,2.5117598950
0.03159286,-0.0803390913,2.5111678297
0.03189279,-0.0810921771,2.5105760873
0.03219272,-0.0818450854,2.5099846676
0.03249265,-0.0825978165,2.5093935703
0.03279258,-0.0833503702,2.5088027952
0.03309251,-0.0841027469,2.5082123421
0.03339244,-0.0848549465,2.5076222106
0.03369237,-0.0856069691,2.5070324006
0.03399230,-0.0863588149,2.5064429118
0.03429223,-0.0871104839,2.5058537440
0.03459216,-0.0878619763,2.5052648969
0.03489209,-0.0886132921,2.5046763703
0.03519202,-0.0893644314,2.5040881640
0.03549195,-0.0901153944,2.5035002776
0.03579188,-0.0908661811,2.5029127110
0.03609181,-0.0916167916,2.5023254640
0.03639174,-0.0923672260,2.5017385362
0.03669167,-0.0931174844,2.5011519275
0.03699160,-0.0938675670,2.5005656375
0.03729153,-0.0946174737,2.4999796661
0.03759146,-0.0953672047,2.4993940131
0.03789139,-0.0961167602,2.4988086781
0.03819132,-0.0968661401,2.4982236610
0.03849125,-0.0976153446,2.4976389615
0.03879118,-0.0983643737,2.4970545793
0.03909111,-0.0991132277,2.4964705143
0.03939104,-0.0998619065,2.4958867662
0.03969097,-0.1006104103,2.4953033347
0.03999090,-0.1013587391,2.4947202196
0.04029083,-0.1021068931,2.4941374208
0.04059076,-0.1028548724,2.4935549378
0.04089069,-0.1036026770,2.4929727706
0.04119062,-0.1043503070,2.4923909189
0.04149055,-0.1050977626,2.4918093823
0.04179048,-0.1058450437,2.4912281608
0.04209041,-0.1065921507,2.4906472541
0.04239034,-0.1073390834,2.4900666619
0.04269027,-0.1080858420,2.4894863839
0.04299020,-0.1088324266,2.4889064201
0.04329013,-0.1095788374,2.4883267700
0.04359006,-0.1103250743,2.4877474336
0.04388999,-0.1110711375,2.4871684105
0.04418992,-0.1118170271,2.4865897006
0.04448985,-0.1125627432,2.4860113035
0.04478978,-0.1133082858,2.4854332191
0.04508971,-0.1140536551,2.4848554471
0.04538964,-0.1147988512,2.4842779873
0.04568957,-0.1155438741,2.4837008395
0.04598950,-0.1162887239,2.4831240034
0.04628943,-0.1170334008,2.4825474788
0.04658936,-0.1177779048,2.4819712655
0.04688929,-0.1185222361,2.4813953632
0.04718922,-0.1192663946,2.4808197717
0.04748915,-0.1200103806,2.4802444908
0.04778908,-0.1207541941,2.4796695203
0.04808901,-0.1214978351,2.4790948598
0.04838894,-0.1222413039,2.4785205092
0.04868887,-0.1229846004,2.4779464683
0.04898880,-0.1237277248,2.4773727368
0.04928873,-0.1244706772,2.4767993145
0.04958866,-0.1252134576,2.4762262012
0.04988859,-0.1259560662,2.4756533966
0.05018852,-0.1266985030,2.4750809006
0.05048845,-0.1274407682,2.4745087128
0.05078838,-0.1281828618,2.4739368330
0.05108831,-0.1289247839,2.4733652611
0.05138824,-0.1296665347,2.4727939968
0.05168817,-0.1304081141,2.4722230399
0.05198810,-0.1311495223,2.4716523901
0.05228803,-0.1318907595,2.4710820472
0.05258796,-0.1326318256,2.4705120110
0.05288789,-0.1333727208,2.4699422813
0.05318782,-0.1341134451,2.4693728578
0.05348775,-0.1348539987,2.4688037404
0.05378768,-0.1355943817,2.4682349287
0.05408761,-0.1363345941,2.4676664226
0.05438754,-0.1370746361,2.4670982219
0.05468747,-0.1378145076,2.4665303262
0.05498740,-0.1385542089,2.4659627355
0.05528733,-0.1392937400,2.4653954494
0.05558726,-0.1400331010,2.4648284678
0.05588719,-0.1407722920,2.4642617903
0.05618712,-0.1415113130,2.4636954169
0.05648705,-0.1422501643,2.4631293473
0.05678698,-0.1429888458,2.4625635812
0.05708691,-0.1437273576,2.4619981184
0.05738684,-0.1444656999,2.4614329588
0.05768677,-0.1452038728,2.4608681020
0.05798670,-0.1459418762,2.4603035479
0.05828663,-0.1466797104,2.4597392962
0.05858656,-0.1474173754,2.4591753468
0.05888649,-0.1481548713,2.4586116993
0.05918642,-0.1488921982,2.4580483537
0.05948635,-0.1496293562,2.4574853096
0.05978628,-0.1503663453,2.4569225668
0.06008621,-0.1511031657,2.4563601251
0.06038614,-0.1518398175,2.4557979844
0.06068607,-0.1525763007,2.4552361443
0.06098600,-0.1533126154,2.4546746047
0.06128593,-0.1540487617,2.4541133653
0.06158586,-0.1547847398,2.4535524259
0.06188579,-0.1555205497,2.4529917864
0.06218572,-0.1562561914,2.4524314464
0.06248565,-0.1569916652,2.4518714058
0.06278558,-0.1577269710,2.4513116643
0.06308551,-0.1584621090,2.4507522218
0.06338544,-0.1591970792,2.4501930780
0.06368537,-0.1599318817,2.4496342327
0.06398530,-0.1606665167,2.4490756856
0.06428523,-0.1614009843,2.4485174366
0.06458516,-0.1621352844,2.4479594855
0.06488509,-0.1628694172,2.4474018320
0.06518502,-0.1636033828,2.4468444759
0.06548495,-0.1643371813,2.4462874170
0.06578488,-0.1650708127,2.4457306551
0.06608481,-0.1658042773,2.4451741899
0.06638474,-0.1665375749,2.4446180213
0.06668467,-0.1672707058,2.4440621491
0.06698460,-0.1680036700,2.4435065729
0.06728453,-0.1687364676,2.4429512927
0.06758446,-0.1694690987,2.4423963082
0.06788439,-0.1702015634,2.4418416191
0.06818432,-0.1709338618,2.4412872253
0.06848425,-0.1716659940,2.4407331266
0.06878418,-0.1723979600,2.4401793227
0.06908411,-0.1731297599,2.4396258134
0.06938404,-0.1738613939,2.4390725986
0.06968397,-0.1745928619,2.4385196779
0.06998390,-0.1753241642,2.4379670513
0.07028383,-0.1760553008,2.4374147184
0.07058376,-0.1767862718,2.4368626791
0.07088369,-0.1775170772,2.4363109331
0.07118362,-0.1782477173,2.4357594803
0.07148355,-0.1789781919,2.4352083204
0.07178348,-0.1797085013,2.4346574532
0.07208341,-0.1804386455,2.4341068786
0.07238334,-0.1811686246,2.4335565962
0.07268327,-0.1818984387,2.4330066059
0.07298320,-0.1826280879,2.4324569076
0.07328313,-0.1833575723,2.4319075008
0.07358306,-0.1840868919,2.4313583856
0.07388299,-0.1848160469,2.4308095616
0.07418292,-0.1855450373,2.4302610286
0.07448285,-0.1862738632,2.4297127865
0.07478278,-0.1870025248,2.4291648350
0.07508271,-0.1877310220,2.4286171739
0.07538264,-0.1884593551,2.4280698031
0.07568257,-0.1891875240,2.4275227222
0.07598250,-0.1899155288,2.4269759311
0.07628243,-0.1906433697,2.4264294297
0.07658236,-0.1913710467,2.4258832176
0.07688229,-0.1920985600,2.4253372946
0.07718222,-0.1928259095,2.4247916607
0.07748215,-0.1935530955,2.4242463155
0.07778208,-0.1942801179,2.4237012588
0.07808201,-0.1950069769,2.4231564905
0.07838194,-0.1957336725,2.4226120103
0.07868187,-0.1964602049,2.4220678181
0.07898180,-0.1971865741,2.4215239136
0.07928173,-0.1979127802,2.4209802966
0.07958166,-0.1986388233,2.4204369670
0.07988159,-0.1993647035,2.4198939245
0.08018152,-0.2000904208,2.4193511688
0.08048145,-0.2008159754,2.4188086999
0.08078138,-0.2015413674,2.4182665175
0.08108131,-0.2022665968,2.4177246214
0.08138124,-0.2029916637,2.4171830114
0.08168117,-0.2037165681,2.4166416873
0.08198110,-0.2044413103,2.4161006489
0.08228103,-0.2051658902,2.4155598959
0.08258096,-0.2058903080,2.4150194283
0.08288089,-0.2066145638,2.4144792457
0.08318082,-0.2073386575,2.4139393480
0.08348075,-0.2080625894,2.4133997350
0.08378068,-0.2087863595,2.4128604064
0.08408061,-0.2095099678,2.4123213622
0.08438054,-0.2102334145,2.4117826020
0.08468047,-0.2109566997,2.4112441257
0.08498040,-0.2116798234,2.4107059330
0.08528033,-0.2124027857,2.4101680238
0.08558026,-0.2131255868,2.4096303979
0.08588019,-0.2138482266,2.4090930551
0.08618012,-0.2145707053,2.4085559951
0.08648005,-0.2152930229,2.4080192178
0.08677998,-0.2160151797,2.4074827230
0.08707991,-0.2167371755,2.4069465104
0.08737984,-0.2174590106,2.4064105799
0.08767977,-0.2181806849,2.4058749313
0.08797970,-0.2189021987,2.4053395644
0.08827963,-0.2196235519,2.4048044789
0.08857956,-0.2203447447,2.4042696747
0.08887949,-0.2210657771,2.4037351516
0.08917942,-0.2217866492,2.4032009094
0.08947935,-0.2225073611,2.4026669478
0.08977928,-0.2232279130,2.4021332668
0.09007921,-0.2239483048,2.4015998660
0.09037914,-0.2246685366,2.4010667453
0.09067907,-0.2253886086,2.4005339046
0.09097900,-0.2261085209,2.4000013435
0.09127893,-0.2268282734,2.3994690619
0.09157886,-0.2275478663,2.3989370596
0.09187879,-0.2282672998,2.3984053365
0.09217872,-0.2289865737,2.3978738922
0.09247865,-0.2297056884,2.3973427267
0.09277858,-0.2304246437,2.3968118397
0.09307851,-0.2311434399,2.3962812310
0.09337844,-0.2318620769,2.3957509005
0.09367837,-0.2325805550,2.3952208479
0.09397830,-0.2332988741,2.3946910730
0.09427823,-0.2340170343,2.3941615757
0.09457816,-0.2347350358,2.3936323557
0.09487809,-0.2354528786,2.3931034129
0.09517802,-0.2361705628,2.3925747471
0.09547795,-0.2368880885,2.3920463581
0.09577788,-0.2376054557,2.3915182456
0.09607781,-0.2383226646,2.3909904095
0.09637774,-0.2390397152,2.3904628497
0.09667767,-0.2397566076,2.3899355658
0.09697760,-0.2404733419,2.3894085577
0.09727753,-0.2411899182,2.3888818253
0.09757746,-0.2419063365,2.3883553683
0.09787739,-0.2426225970,2.3878291865
0.09817732,-0.2433386997,2.3873032797
0.09847725,-0.2440546447,2.3867776479
0.09877718,-0.2447704321,2.3862522906
0.09907711,-0.2454860620,2.3857272079
0.09937704,-0.2462015344,2.3852023994
0.09967697,-0.2469168495,2.3846778650
0.09997690,-0.2476320072,2.3841536045
0.10027683,-0.2483470078,2.3836296178
0.10057676,-0.2490618513,2.3831059045
0.10087669,-0.2497765377,2.3825824646
0.10117662,-0.2504910672,2.3820592978
0.10147655,-0.2512054397,2.3815364040
0.10177648,-0.2519196555,2.3810137829
0.10207641,-0.2526337146,2.3804914344
0.10237634,-0.2533476171,2.3799693583
0.10267627,-0.2540613630,2.3794475544
0.10297620,-0.2547749525,2.3789260224
0.10327613,-0.2554883856,2.3784047623
0.10357606,-0.2562016623,2.3778837739
0.10387599,-0.2569147829,2.3773630569
0.10417592,-0.2576277473,2.3768426111
0.10447585,-0.2583405557,2.3763224364
0.10477578,-0.2590532081,2.3758025326
0.10507571,-0.2597657046,2.3752828995
0.10537564,-0.2604780452,2.3747635369
0.10567557,-0.2611902302,2.3742444446
0.10597550,-0.2619022595,2.3737256224
0.10627543,-0.2626141332,2.3732070702
0.10657536,-0.2633258514,2.3726887878
0.10687529,-0.2640374143,2.3721707749
0.10717522,-0.2647488218,2.3716530314
0.10747515,-0.2654600740,2.3711355572
0.10777508,-0.2661711711,2.3706183519
0.10807501,-0.2668821131,2.3701014155
0.10837494,-0.2675929001,2.3695847478
0.10867487,-0.2683035322,2.3690683485
0.10897480,-0.2690140094,2.3685522175
0.10927473,-0.2697243319,2.3680363546
0.10957466,-0.2704344997,2.3675207596
0.10987459,-0.2711445129,2.3670054324
0.11017452,-0.2718543715,2.3664903727
0.11047445,-0.2725640757,2.3659755804
0.11077438,-0.2732736256,2.3654610552
0.11107431,-0.2739830212,2.3649467971
0.11137424,-0.2746922626,2.3644328057
0.11167417,-0.2754013498,2.3639190810
0.11197410,-0.2761102830,2.3634056228
0.11227403,-0.2768190623,2.3628924308
0.11257396,-0.2775276877,2.3623795049
0.11287389,-0.2782361592,2.3618668449
0.11317382,-0.2789444771,2.3613544507
0.11347375,-0.2796526413,2.3608423220
0.11377368,-0.2803606519,2.3603304586
0.11407361,-0.2810685091,2.3598188604
0.11437354,-0.2817762128,2.3593075273
0.11467347,-0.2824837633,2.3587964589
0.11497340,-0.2831911604,2.3582856552
0.11527333,-0.2838984045,2.3577751159
0.11557326,-0.2846054954,2.3572648410
0.11587319,-0.2853124333,2.3567548301
0.11617312,-0.2860192183,2.3562450831
0.11647305,-0.2867258505,2.3557355999
0.11677298,-0.2874323298,2.3552263803
0.11707291,-0.2881386565,2.3547174240
0.11737284,-0.2888448306,2.3542087309
0.11767277,-0.2895508521,2.3537003009
0.11797270,-0.2902567212,2.3531921337
0.11827263,-0.2909624380,2.3526842292
0.11857256,-0.2916680024,2.3521765872
0.11887249,-0.2923734146,2.3516692074
0.11917242,-0.2930786746,2.3511620898
0.11947235,-0.2937837826,2.3506552342
0.11977228,-0.2944887386,2.3501486404
0.12007221,-0.2951935428,2.3496423081
0.12037214,-0.2958981951,2.3491362373
0.12067207,-0.2966026956,2.3486304277
0.12097200,-0.2973070445,2.3481248792
0.12127193,-0.2980112418,2.3476195916
0.12157186,-0.2987152875,2.3471145647
0.12187179,-0.2994191819,2.3466097984
0.12217172,-0.3001229249,2.3461052924
0.12247165,-0.3008265166,2.3456010466
0.12277158,-0.3015299571,2.3450970608
0.12307151,-0.3022332465,2.3445933349
0.12337144,-0.3029363848,2.3440898686
0.12367137,-0.3036393722,2.3435866619
0.12397130,-0.3043422087,2.3430837144
0.12427123,-0.3050448943,2.3425810261
0.12457116,-0.3057474293,2.3420785968
0.12487109,-0.3064498136,2.3415764262
0.12517102,-0.3071520473,2.3410745143
0.12547095,-0.3078541305,2.3405728608
0.12577088,-0.3085560633,2.3400714656
0.12607081,-0.3092578457,2.3395703285
0.12637074,-0.3099594779,2.3390694493
0.12667067,-0.3106609599,2.3385688279
0.12697060,-0.3113622918,2.3380684640
0.12727053,-0.3120634736,2.3375683576
0.12757046,-0.3127645055,2.3370685083
0.12787039,-0.3134653875,2.3365689162
0.12817032,-0.3141661197,2.3360695809
0.12847025,-0.3148667022,2.3355705024
0.12877018,-0.3155671350,2.3350716804
0.12907011,-0.3162674183,2.3345731148
0.12937004,-0.3169675520,2.3340748053
0.12966997,-0.3176675363,2.3335767520
0.12996990,-0.3183673713,2.3330789544
0.13026983,-0.3190670570,2.3325814126
0.13056976,-0.3197665936,2.3320841263
0.13086969,-0.3204659810,2.3315870953
0.13116962,-0.3211652194,2.3310903195
0.13146955,-0.3218643088,2.3305937987
0.13176948,-0.3225632493,2.3300975328
0.13206941,-0.3232620411,2.3296015215
0.13236934,-0.3239606841,2.3291057648
0.13266927,-0.3246591784,2.3286102623
0.13296920,-0.3253575242,2.3281150140
0.13326913,-0.3260557215,2.3276200197
0.13356906,-0.3267537703,2.3271252793
0.13386899,-0.3274516708,2.3266307924
0.13416892,-0.3281494230,2.3261365591
0.13446885,-0.3288470271,2.3256425791
0.13476878,-0.3295444830,2.3251488522
0.13506871,-0.3302417908,2.3246553783
0.13536864,-0.3309389507,2.3241621573
0.13566857,-0.3316359627,2.3236691888
0.13596850,-0.3323328269,2.3231764729
0.13626843,-0.3330295433,2.3226840092
0.13656836,-0.3337261121,2.3221917977
0.13686829,-0.3344225333,2.3216998382
0.13716822,-0.3351188069,2.3212081305
0.13746815,-0.3358149331,2.3207166744
0.13776808,-0.3365109120,2.3202254698
0.13806801,-0.3372067436,2.3197345166
0.13836794,-0.3379024279,2.3192438144
0.13866787,-0.3385979651,2.3187533633
0.13896780,-0.3392933553,2.3182631629
0.13926773,-0.3399885984,2.3177732132
0.13956766,-0.3406836947,2.3172835140
0.13986759,-0.3413786441,2.3167940651
0.14016752,-0.3420734467,2.3163048663
0.14046745,-0.3427681027,2.3158159176
0.14076738,-0.3434626120,2.3153272186
0.14106731,-0.3441569749,2.3148387693
0.14136724,-0.3448511912,2.3143505695
0.14166717,-0.3455452612,2.3138626191
0.14196710,-0.3462391848,2.3133749178
0.14226703,-0.3469329622,2.3128874655
0.14256696,-0.3476265934,2.3124002620
0.14286689,-0.3483200786,2.3119133072
0.14316682,-0.3490134177,2.3114266009
0.14346675,-0.3497066109,2.3109401430
0.14376668,-0.3503996583,2.3104539332
0.14406661,-0.3510925598,2.3099679715
0.14436654,-0.3517853156,2.3094822576
0.14466647,-0.3524779258,2.3089967915
0.14496640,-0.3531703904,2.3085115728
0.14526633,-0.3538627095,2.3080266015
0.14556626,-0.3545548832,2.3075418775
0.14586619,-0.3552469116,2.3070574005
0.14616612,-0.3559387946,2.3065731703
0.14646605,-0.3566305325,2.3060891869
0.14676598,-0.3573221253,2.3056054501
0.14706591,-0.3580135730,2.3051219597
0.14736584,-0.3587048757,2.3046387155
0.14766577,-0.3593960335,2.3041557174
0.14796570,-0.3600870465,2.3036729652
0.14826563,-0.3607779147,2.3031904587
0.14856556,-0.3614686383,2.3027081979
0.14886549,-0.3621592173,2.3022261825
0.14916542,-0.3628496517,2.3017444124
0.14946535,-0.3635399416,2.3012628874
0.14976528,-0.3642300872,2.3007816074
0.15006521,-0.3649200885,2.3003005721
0.15036514,-0.3656099455,2.2998197816
0.15066507,-0.3662996583,2.2993392354
0.15096500,-0.3669892271,2.2988589337
0.15126493,-0.3676786518,2.2983788760
0.15156486,-0.3683679326,2.2978990624
0.15186479,-0.3690570695,2.2974194926
0.15216472,-0.3697460626,2.2969401666
0.15246465,-0.3704349120,2.2964610840
0.15276458,-0.3711236177,2.2959822448
0.15306451,-0.3718121799,2.2955036489
0.15336444,-0.3725005985,2.2950252960
0.15366437,-0.3731888737,2.2945471860
0.15396430,-0.3738770056,2.2940693187
0.15426423,-0.3745649941,2.2935916940
0.15456416,-0.3752528395,2.2931143118
0.15486409,-0.3759405416,2.2926371718
0.15516402,-0.3766281008,2.2921602740
0.15546395,-0.3773155169,2.2916836181
0.15576388,-0.3780027901,2.2912072040
0.15606381,-0.3786899204,2.2907310315
0.15636374,-0.3793769080,2.2902551006
0.15666367,-0.3800637528,2.2897794109
0.15696360,-0.3807504550,2.2893039625
0.15726353,-0.3814370146,2.2888287551
0.15756346,-0.3821234318,2.2883537885
0.15786339,-0.3828097065,2.2878790627
0.15816332,-0.3834958389,2.2874045774
0.15846325,-0.3841818290,2.2869303325
0.15876318,-0.3848676769,2.2864563279
0.15906311,-0.3855533827,2.2859825633
0.15936304,-0.3862389464,2.2855090387
0.15966297,-0.3869243681,2.2850357539
0.15996290,-0.3876096479,2.2845627087
0.16026283,-0.3882947858,2.2840899030
0.16056276,-0.3889797820,2.2836173367
0.16086269,-0.3896646365,2.2831450094
0.16116262,-0.3903493494,2.2826729213
0.16146255,-0.3910339207,2.2822010719
0.16176248,-0.3917183505,2.2817294613
0.16206241,-0.3924026389,2.2812580892
0.16236234,-0.3930867859,2.2807869556
0.16266227,-0.3937707917,2.2803160602
0.16296220,-0.3944546563,2.2798454028
0.16326213,-0.3951383797,2.2793749835
0.16356206,-0.3958219621,2.2789048019
0.16386199,-0.3965054035,2.2784348580
0.16416192,-0.3971887040,2.2779651515
0.16446185,-0.3978718637,2.2774956824
0.16476178,-0.3985548826,2.2770264505
0.16506171,-0.3992377607,2.2765574557
0.16536164,-0.3999204983,2.2760886977
0.16566157,-0.4006030953,2.2756201764
0.16596150,-0.4012855518,2.2751518918
0.16626143,-0.4019678679,2.2746838435
0.16656136,-0.4026500436,2.2742160316
0.16686129,-0.4033320790,2.2737484557
0.16716122,-0.4040139743,2.2732811159
0.16746115,-0.4046957294,2.2728140119
0.16776108,-0.4053773445,2.2723471435
0.16806101,-0.4060588196,2.2718805107
0.16836094,-0.4067401547,2.2714141133
0.16866087,-0.4074213500,2.2709479511
0.16896080,-0.4081024055,2.2704820240
0.16926073,-0.4087833213,2.2700163318
0.16956066,-0.4094640975,2.2695508744
0.16986059,-0.4101447341,2.2690856517
0.17016052,-0.4108252312,2.2686206634
0.17046045,-0.4115055888,2.2681559095
0.17076038,-0.4121858071,2.2676913898
0.17106031,-0.4128658862,2.2672271041
0.17136024,-0.4135458260,2.2667630522
0.17166017,-0.4142256266,2.2662992342
0.17196010,-0.4149052882,2.2658356497
0.17226003,-0.4155848108,2.2653722987
0.17255996,-0.4162641944,2.2649091810
0.17285989,-0.4169434392,2.2644462964
0.17315982,-0.4176225451,2.2639836449
0.17345975,-0.4183015124,2.2635212262
0.17375968,-0.4189803409,2.2630590402
0.17405961,-0.4196590309,2.2625970868
0.17435954,-0.4203375824,2.2621353658
0.17465947,-0.4210159954,2.2616738771
0.17495940,-0.4216942701,2.2612126205
0.17525933,-0.4223724064,2.2607515959
0.17555926,-0.4230504045,2.2602908031
0.17585919,-0.4237282644,2.2598302420
0.17615912,-0.4244059862,2.2593699125
0.17645905,-0.4250835700,2.2589098144
0.17675898,-0.4257610158,2.2584499475
0.17705891,-0.4264383238,2.2579903117
0.17735884,-0.4271154939,2.2575309069
0.17765877,-0.4277925262,2.2570717329
0.17795870,-0.4284694209,2.2566127895
0.17825863,-0.4291461779,2.2561540767
0.17855856,-0.4298227974,2.2556955943
0.17885849,-0.4304992795,2.2552373421
0.17915842,-0.4311756241,2.2547793200
0.17945835,-0.4318518314,2.2543215279
0.17975828,-0.4325279014,2.2538639656
0.18005821,-0.4332038342,2.2534066329
0.18035814,-0.4338796298,2.2529495298
0.18065807,-0.4345552884,2.2524926560
0.18095800,-0.4352308101,2.2520360114
0.18125793,-0.4359061947,2.2515795960
0.18155786,-0.4365814426,2.2511234095
0.18185779,-0.4372565536,2.2506674518
0.18215772,-0.4379315279,2.2502117227
0.18245765,-0.4386063656,2.2497562222
0.18275758,-0.4392810666,2.2493009501
0.18305751,-0.4399556312,2.2488459061
0.18335744,-0.4406300593,2.2483910903
0.18365737,-0.4413043511,2.2479365024
0.18395730,-0.4419785065,2.2474821424
0.18425723,-0.4426525257,2.2470280100
0.18455716,-0.4433264087,2.2465741051
0.18485709,-0.4440001556,2.2461204276
0.18515702,-0.4446737664,2.2456669773
0.18545695,-0.4453472413,2.2452137541
0.18575688,-0.4460205803,2.2447607579
0.18605681,-0.4466937835,2.2443079885
0.18635674,-0.4473668509,2.2438554458
0.18665667,-0.4480397826,2.2434031297
0.18695660,-0.4487125787,2.2429510399
0.18725653,-0.4493852392,2.2424991764
0.18755646,-0.4500577642,2.2420475390
0.18785639,-0.4507301538,2.2415961275
0.18815632,-0.4514024080,2.2411449419
0.18845625,-0.4520745270,2.2406939820
0.18875618,-0.4527465107,2.2402432477
0.18905611,-0.4534183592,2.2397927387
0.18935604,-0.4540900727,2.2393424551
0.18965597,-0.4547616512,2.2388923966
0.18995590,-0.4554330947,2.2384425631
0.19025583,-0.4561044033,2.2379929544
0.19055576,-0.4567755771,2.2375435705
0.19085569,-0.4574466162,2.2370944111
0.19115562,-0.4581175205,2.2366454762
0.19145555,-0.4587882903,2.2361967656
0.19175548,-0.4594589255,2.2357482792
0.19205541,-0.4601294262,2.2353000168
0.19235534,-0.4607997925,2.2348519783
0.19265527,-0.4614700245,2.2344041635
0.19295520,-0.4621401222,2.2339565724
0.19325513,-0.4628100857,2.2335092047
0.19355506,-0.4634799150,2.2330620604
0.19385499,-0.4641496102,2.2326151393
0.19415492,-0.4648191715,2.2321684412
0.19445485,-0.4654885988,2.2317219661
0.19475478,-0.4661578922,2.2312757138
0.19505471,-0.4668270518,2.2308296841
0.19535464,-0.4674960777,2.2303838770
0.19565457,-0.4681649698,2.2299382922
0.19595450,-0.4688337284,2.2294929297
0.19625443,-0.4695023534,2.2290477893
0.19655436,-0.4701708450,2.2286028708
0.19685429,-0.4708392031,2.2281581742
0.19715422,-0.4715074279,2.2277136994
0.19745415,-0.4721755194,2.2272694460
0.19775408,-0.4728434777,2.2268254142
0.19805401,-0.4735113029,2.2263816036
0.19835394,-0.4741789950,2.2259380142
0.19865387,-0.4748465540,2.2254946458
0.19895380,-0.4755139802,2.2250514983
0.19925373,-0.4761812734,2.2246085715
0.19955366,-0.4768484338,2.2241658654
0.19985359,-0.4775154615,2.2237233798
0.20015352,-0.4781823565,2.2232811145
0.20045345,-0.4788491189,2.2228390694
0.20075338,-0.4795157487,2.2223972445
0.20105331,-0.4801822461,2.2219556395
0.20135324,-0.4808486110,2.2215142543
0.20165317,-0.4815148436,2.2210730888
0.20195310,-0.4821809439,2.2206321428
0.20225303,-0.4828469120,2.2201914163
0.20255296,-0.4835127479,2.2197509090
0.20285289,-0.4841784517,2.2193106209
0.20315282,-0.4848440235,2.2188705518
0.20345275,-0.4855094634,2.2184307016
0.20375268,-0.4861747713,2.2179910702
0.20405261,-0.4868399475,2.2175516574
0.20435254,-0.4875049918,2.2171124630
0.20465247,-0.4881699045,2.2166734870
0.20495240,-0.4888346856,2.2162347293
0.20525233,-0.4894993351,2.2157961896
0.20555226,-0.4901638530,2.2153578679
0.20585219,-0.4908282396,2.2149197641
0.20615212,-0.4914924948,2.2144818779
0.20645205,-0.4921566187,2.2140442093
0.20675198,-0.4928206113,2.2136067581
0.20705191,-0.4934844728,2.2131695242
0.20735184,-0.4941482032,2.2127325075
0.20765177,-0.4948118025,2.2122957079
0.20795170,-0.4954752708,2.2118591251
0.20825163,-0.4961386083,2.2114227591
0.20855156,-0.4968018149,2.2109866098
0.20885149,-0.4974648907,2.2105506770
0.20915142,-0.4981278358,2.2101149606
0.20945135,-0.4987906502,2.2096794604
0.20975128,-0.4994533340,2.2092441764
0.21005121,-0.5001158874,2.2088091084
0.21035114,-0.5007783102,2.2083742562
0.21065107,-0.5014406027,2.2079396198
0.21095100,-0.5021027649,2.2075051990
0.21125093,-0.5027647968,2.2070709936
0.21155086,-0.5034266985,2.2066370036
0.21185079,-0.5040884700,2.2062032289
0.21215072,-0.5047501115,2.2057696692
0.21245065,-0.5054116230,2.2053363245
0.21275058,-0.5060730045,2.2049031946
0.21305051,-0.5067342562,2.2044702794
0.21335044,-0.5073953780,2.2040375788
0.21365037,-0.5080563701,2.2036050927
0.21395030,-0.5087172325,2.2031728209
0.21425023,-0.5093779653,2.2027407632
0.21455016,-0.5100385686,2.2023089196
0.21485009,-0.5106990423,2.2018772900
0.21515002,-0.5113593867,2.2014458742
0.21544994,-0.5120196016,2.2010146720
0.21574987,-0.5126796873,2.2005836835
0.21604980,-0.5133396437,2.2001529083
0.21634973,-0.5139994710,2.1997223464
0.21664966,-0.5146591692,2.1992919977
0.21694959,-0.5153187383,2.1988618621
0.21724952,-0.5159781784,2.1984319394
0.21754945,-0.5166374896,2.1980022294
0.21784938,-0.5172966720,2.1975727322
0.21814931,-0.5179557256,2.1971434474
0.21844924,-0.5186146504,2.1967143751
0.21874917,-0.5192734466,2.1962855151
0.21904910,-0.5199321142,2.1958568672
0.21934903,-0.5205906533,2.1954284314
0.21964896,-0.5212490639,2.1950002074
0.21994889,-0.5219073461,2.1945721953
0.22024882,-0.5225655000,2.1941443948
0.22054875,-0.5232235255,2.1937168058
0.22084868,-0.5238814229,2.1932894283
0.22114861,-0.5245391921,2.1928622620
0.22144854,-0.5251968332,2.1924353069
0.22174847,-0.5258543463,2.1920085628
0.22204840,-0.5265117314,2.1915820296
0.22234833,-0.5271689887,2.1911557072
0.22264826,-0.5278261181,2.1907295955
0.22294819,-0.5284831197,2.1903036943
0.22324812,-0.5291399936,2.1898780035
0.22354805,-0.5297967399,2.1894525230
0.22384798,-0.5304533586,2.1890272526
0.22414791,-0.5311098498,2.1886021923
0.22444784,-0.5317662135,2.1881773419
0.22474777,-0.5324224498,2.1877527013
0.22504770,-0.5330785588,2.1873282703
0.22534763,-0.5337345405,2.1869040489
0.22564756,-0.5343903950,2.1864800369
0.22594749,-0.5350461224,2.1860562342
0.22624742,-0.5357017227,2.1856326407
0.22654735,-0.5363571959,2.1852092562
0.22684728,-0.5370125423,2.1847860807
0.22714721,-0.5376677617,2.1843631139
0.22744714,-0.5383228543,2.1839403558
0.22774707,-0.5389778201,2.1835178063
0.22804700,-0.5396326593,2.1830954653
0.22834693,-0.5402873717,2.1826733325
0.22864686,-0.5409419577,2.1822514079
0.22894679,-0.5415964170,2.1818296914
0.22924672,-0.5422507500,2.1814081829
0.22954665,-0.5429049565,2.1809868822
0.22984658,-0.5435590367,2.1805657891
0.23014651,-0.5442129907,2.1801449037
0.23044644,-0.5448668184,2.1797242257
0.23074637,-0.5455205200,2.1793037551
0.23104630,-0.5461740956,2.1788834917
0.23134623,-0.5468275451,2.1784634354
0.23164616,-0.5474808686,2.1780435860
0.23194609,-0.5481340663,2.1776239435
0.23224602,-0.5487871381,2.1772045078
0.23254595,-0.5494400841,2.1767852787
0.23284588,-0.5500929045,2.1763662560
0.23314581,-0.5507455992,2.1759474398
0.23344574,-0.5513981683,2.1755288298
0.23374567,-0.5520506119,2.1751104259
0.23404560,-0.5527029300,2.1746922280
0.23434553,-0.5533551227,2.1742742360
0.23464546,-0.5540071901,2.1738564499
0.23494539,-0.5546591322,2.1734388693
0.23524532,-0.5553109491,2.1730214943
0.23554525,-0.5559626408,2.1726043247
0.23584518,-0.5566142075,2.1721873604
0.23614511,-0.5572656491,2.1717706013
0.23644504,-0.5579169658,2.1713540473
0.23674497,-0.5585681575,2.1709376982
0.23704490,-0.5592192244,2.1705215539
0.23734483,-0.5598701666,2.1701056143
0.23764476,-0.5605209840,2.1696898793
0.23794469,-0.5611716767,2.1692743488
0.23824462,-0.5618222449,2.1688590226
0.23854455,-0.5624726885,2.1684439006
0.23884448,-0.5631230076,2.1680289828
0.23914441,-0.5637732023,2.1676142689
0.23944434,-0.5644232727,2.1671997589
0.23974427,-0.5650732187,2.1667854527
0.24004420,-0.5657230405,2.1663713501
0.24034413,-0.5663727382,2.1659574511
0.24064406,-0.5670223118,2.1655437554
0.24094399,-0.5676717613,2.1651302631
0.24124392,-0.5683210868,2.1647169739
0.24154385,-0.5689702883,2.1643038877
0.24184378,-0.5696193661,2.1638910045
0.24214371,-0.5702683200,2.1634783241
0.24244364,-0.5709171501,2.1630658465
0.24274357,-0.5715658566,2.1626535714
0.24304350,-0.5722144395,2.1622414988
0.24334343,-0.5728628988,2.1618296285
0.24364336,-0.5735112346,2.1614179605
0.24394329,-0.5741594469,2.1610064946
0.24424322,-0.5748075359,2.1605952307
0.24454315,-0.5754555016,2.1601841686
0.24484308,-0.5761033440,2.1597733084
0.24514301,-0.5767510631,2.1593626498
0.24544294,-0.5773986592,2.1589521928
0.24574287,-0.5780461322,2.1585419372
0.24604280,-0.5786934821,2.1581318829
0.24634273,-0.5793407091,2.1577220298
0.24664266,-0.5799878132,2.1573123778
0.24694259,-0.5806347945,2.1569029267
0.24724252,-0.5812816530,2.1564936765
0.24754245,-0.5819283888,2.1560846271
0.24784238,-0.5825750019,2.1556757783
0.24814231,-0.5832214924,2.1552671299
0.24844224,-0.5838678604,2.1548586820
0.24874217,-0.5845141059,2.1544504343
0.24904210,-0.5851602290,2.1540423869
0.24934203,-0.5858062298,2.1536345394
0.24964196,-0.5864521082,2.1532268919
0.24994189,-0.5870978644,2.1528194443
0.25024182,-0.5877434985,2.1524121963
0.25054175,-0.5883890104,2.1520051479
0.25084168,-0.5890344002,2.1515982991
0.25114161,-0.5896796681,2.1511916495
0.25144154,-0.5903248140,2.1507851993
0.25174147,-0.5909698381,2.1503789482
0.25204140,-0.5916147403,2.1499728961
0.25234133,-0.5922595208,2.1495670429
0.25264126,-0.5929041796,2.1491613886
0.25294119,-0.5935487167,2.1487559329
0.25324112,-0.5941931323,2.1483506758
0.25354105,-0.5948374263,2.1479456172
0.25384098,-0.5954815989,2.1475407569
0.25414091,-0.5961256501,2.1471360949
0.25444084,-0.5967695799,2.1467316310
0.25474077,-0.5974133885,2.1463273651
0.25504070,-0.5980570758,2.1459232972
0.25534063,-0.5987006420,2.1455194270
0.25564056,-0.5993440871,2.1451157545
0.25594049,-0.5999874111,2.1447122796
0.25624042,-0.6006306142,2.1443090021
0.25654035,-0.6012736963,2.1439059220
0.25684028,-0.6019166576,2.1435030391
0.25714021,-0.6025594980,2.1431003533
0.25744014,-0.6032022177,2.1426978646
0.25774007,-0.6038448167,2.1422955728
0.25804000,-0.6044872951,2.1418934777
0.25833993,-0.6051296529,2.1414915794
0.25863986,-0.6057718902,2.1410898776
0.25893979,-0.6064140071,2.1406883722
0.25923972,-0.6070560035,2.1402870633
0.25953965,-0.6076978796,2.1398859505
0.25983958,-0.6083396355,2.1394850339
0.26013951,-0.6089812711,2.1390843133
0.26043944,-0.6096227866,2.1386837886
0.26073937,-0.6102641819,2.1382834597
0.26103930,-0.6109054572,2.1378833265
0.26133923,-0.6115466126,2.1374833889
0.26163916,-0.6121876480,2.1370836468
0.26193909,-0.6128285635,2.1366841000
0.26223902,-0.6134693593,2.1362847485
0.26253895,-0.6141100353,2.1358855921
0.26283888,-0.6147505916,2.1354866307
0.26313881,-0.6153910283,2.1350878643
0.26343874,-0.6160313454,2.1346892927
0.26373867,-0.6166715430,2.1342909158
0.26403860,-0.6173116211,2.1338927335
0.26433853,-0.6179515798,2.1334947456
0.26463846,-0.6185914192,2.1330969522
0.26493839,-0.6192311393,2.1326993530
0.26523832,-0.6198707402,2.1323019480
0.26553825,-0.6205102220,2.1319047371
0.26583818,-0.6211495846,2.1315077201
0.26613811,-0.6217888281,2.1311108969
0.26643804,-0.6224279527,2.1307142675
0.26673797,-0.6230669584,2.1303178317
0.26703790,-0.6237058452,2.1299215894
0.26733783,-0.6243446131,2.1295255405
0.26763776,-0.6249832623,2.1291296849
0.26793769,-0.6256217928,2.1287340226
0.26823762,-0.6262602047,2.1283385533
0.26853755,-0.6268984980,2.1279432769
0.26883748,-0.6275366727,2.1275481935
0.26913741,-0.6281747290,2.1271533028
0.26943734,-0.6288126669,2.1267586048
0.26973727,-0.6294504864,2.1263640993
0.27003720,-0.6300881876,2.1259697863
0.27033713,-0.6307257706,2.1255756656
0.27063706,-0.6313632354,2.1251817372
0.27093699,-0.6320005821,2.1247880009
0.27123692,-0.6326378107,2.1243944566
0.27153685,-0.6332749213,2.1240011042
0.27183678,-0.6339119140,2.1236079436
0.27213671,-0.6345487887,2.1232149747
0.27243664,-0.6351855457,2.1228221974
0.27273657,-0.6358221848,2.1224296117
0.27303650,-0.6364587063,2.1220372173
0.27333643,-0.6370951100,2.1216450141
0.27363636,-0.6377313962,2.1212530022
0.27393629,-0.6383675648,2.1208611813
0.27423622,-0.6390036160,2.1204695514
0.27453615,-0.6396395497,2.1200781123
0.27483608,-0.6402753660,2.1196868640
0.27513601,-0.6409110650,2.1192958064
0.27543594,-0.6415466468,2.1189049393
0.27573587,-0.6421821113,2.1185142626
0.27603580,-0.6428174587,2.1181237762
0.27633573,-0.6434526890,2.1177334801
0.27663566,-0.6440878023,2.1173433742
0.27693559,-0.6447227986,2.1169534582
0.27723552,-0.6453576780,2.1165637322
0.27753545,-0.6459924405,2.1161741959
0.27783538,-0.6466270862,2.1157848494
0.27813531,-0.6472616151,2.1153956925
0.27843524,-0.6478960274,2.1150067251
0.27873517,-0.6485303230,2.1146179471
0.27903510,-0.6491645021,2.1142293584
0.27933503,-0.6497985646,2.1138409589
0.27963496,-0.6504325107,2.1134527484
0.27993489,-0.6510663404,2.1130647270
0.28023482,-0.6517000537,2.1126768944
0.28053475,-0.6523336507,2.1122892506
0.28083468,-0.6529671315,2.1119017955
0.28113461,-0.6536004961,2.1115145290
0.28143454,-0.6542337446,2.1111274509
0.28173447,-0.6548668770,2.1107405612
0.28203440,-0.6554998934,2.1103538597
0.28233433,-0.6561327938,2.1099673465
0.28263426,-0.6567655784,2.1095810212
0.28293419,-0.6573982471,2.1091948840
0.28323412,-0.6580308000,2.1088089346
0.28353405,-0.6586632372,2.1084231729
0.28383398,-0.6592955587,2.1080375989
0.28413391,-0.6599277646,2.1076522125
0.28443384,-0.6605598549,2.1072670135
0.28473377,-0.6611918297,2.1068820018
0.28503370,-0.6618236891,2.1064971774
0.28533363,-0.6624554331,2.1061125401
0.28563356,-0.6630870617,2.1057280899
0.28593349,-0.6637185751,2.1053438266
0.28623342,-0.6643499733,2.1049597502
0.28653335,-0.6649812562,2.1045758605
0.28683328,-0.6656124241,2.1041921574
0.28713321,-0.6662434769,2.1038086409
0.28743314,-0.6668744147,2.1034253108
0.28773307,-0.6675052376,2.1030421670
0.28803300,-0.6681359456,2.1026592095
0.28833293,-0.6687665387,2.1022764381
0.28863286,-0.6693970171,2.1018938527
0.28893279,-0.6700273807,2.1015114533
0.28923272,-0.6706576297,2.1011292397
0.28953265,-0.6712877641,2.1007472118
0.28983258,-0.6719177839,2.1003653696
0.29013251,-0.6725476892,2.0999837129
0.29043244,-0.6731774801,2.0996022416
0.29073237,-0.6738071566,2.0992209557
0.29103230,-0.6744367188,2.0988398550
0.29133223,-0.6750661667,2.0984589394
0.29163216,-0.6756955003,2.0980782089
0.29193209,-0.6763247198,2.0976976633
0.29223202,-0.6769538252,2.0973173025
0.29253195,-0.6775828166,2.0969371265
0.29283188,-0.6782116939,2.0965571351
0.29313181,-0.6788404573,2.0961773282
0.29343174,-0.6794691068,2.0957977058
0.29373167,-0.6800976425,2.0954182677
0.29403160,-0.6807260644,2.0950390139
0.29433153,-0.6813543726,2.0946599442
0.29463146,-0.6819825671,2.0942810586
0.29493139,-0.6826106480,2.0939023569
0.29523132,-0.6832386153,2.0935238390
0.29553125,-0.6838664691,2.0931455049
0.29583118,-0.6844942095,2.0927673545
0.29613111,-0.6851218365,2.0923893876
0.29643104,-0.6857493502,2.0920116042
0.29673097,-0.6863767506,2.0916340041
0.29703090,-0.6870040378,2.0912565873
0.29733083,-0.6876312117,2.0908793536
0.29763076,-0.6882582726,2.0905023030
0.29793069,-0.6888852204,2.0901254354
0.29823062,-0.6895120552,2.0897487507
0.29853055,-0.6901387771,2.0893722487
0.29883048,-0.6907653860,2.0889959294
0.29913041,-0.6913918822,2.0886197927
0.29943034,-0.6920182655,2.0882438384
0.29973027,-0.6926445361,2.0878680666
0.30003020,-0.6932706940,2.0874924770
0.30033013,-0.6938967393,2.0871170696
0.30063006,-0.6945226720,2.0867418443
0.30092999,-0.6951484922,2.0863668011
0.30122992,-0.6957742000,2.0859919397
0.30152985,-0.6963997953,2.0856172601
0.30182978,-0.6970252783,2.0852427622
0.30212971,-0.6976506490,2.0848684460
0.30242964,-0.6982759075,2.0844943112
0.30272957,-0.6989010537,2.0841203579
0.30302950,-0.6995260879,2.0837465859
0.30332943,-0.7001510099,2.0833729951
0.30362936,-0.7007758200,2.0829995855
0.30392929,-0.7014005180,2.0826263569
0.30422922,-0.7020251042,2.0822533093
0.30452915,-0.7026495785,2.0818804425
0.30482908,-0.7032739410,2.0815077564
0.30512901,-0.7038981917,2.0811352510
0.30542894,-0.7045223307,2.0807629262
0.30572887,-0.7051463581,2.0803907818
0.30602880,-0.7057702739,2.0800188178
0.30632873,-0.7063940782,2.0796470341
0.30662866,-0.7070177710,2.0792754305
0.30692859,-0.7076413523,2.0789040071
0.30722852,-0.7082648223,2.0785327636
0.30752845,-0.7088881810,2.0781617000
0.30782838,-0.7095114283,2.0777908163
0.30812831,-0.7101345645,2.0774201122
0.30842824,-0.7107575895,2.0770495878
0.30872817,-0.7113805035,2.0766792428
0.30902810,-0.7120033063,2.0763090773
0.30932803,-0.7126259982,2.0759390912
0.30962796,-0.7132485791,2.0755692842
0.30992789,-0.7138710492,2.0751996564
0.31022782,-0.7144934084,2.0748302077
0.31052775,-0.7151156568,2.0744609379
0.31082768,-0.7157377945,2.0740918470
0.31112761,-0.7163598215,2.0737229349
0.31142754,-0.7169817379,2.0733542014
0.31172747,-0.7176035437,2.0729856465
0.31202740,-0.7182252390,2.0726172701
0.31232733,-0.7188468239,2.0722490721
0.31262726,-0.7194682983,2.0718810524
0.31292719,-0.7200896624,2.0715132109
0.31322712,-0.7207109162,2.0711455475
0.31352705,-0.7213320598,2.0707780622
0.31382698,-0.7219530931,2.0704107548
0.31412691,-0.7225740163,2.0700436252
0.31442684,-0.7231948295,2.0696766734
0.31472677,-0.7238155326,2.0693098992
0.31502670,-0.7244361257,2.0689433026
0.31532663,-0.7250566089,2.0685768835
0.31562656,-0.7256769822,2.0682106417
0.31592649,-0.7262972457,2.0678445772
0.31622642,-0.7269173994,2.0674786900
0.31652635,-0.7275374434,2.0671129798
0.31682628,-0.7281573778,2.0667474466
0.31712621,-0.7287772025,2.0663820904
0.31742614,-0.7293969177,2.0660169109
0.31772607,-0.7300165234,2.0656519082
0.31802600,-0.7306360196,2.0652870822
0.31832593,-0.7312554065,2.0649224327
0.31862586,-0.7318746840,2.0645579597
0.31892579,-0.7324938522,2.0641936630
0.31922572,-0.7331129111,2.0638295426
0.31952565,-0.7337318609,2.0634655984
0.31982558,-0.7343507016,2.0631018304
0.32012551,-0.7349694332,2.0627382383
0.32042544,-0.7355880557,2.0623748221
0.32072537,-0.7362065693,2.0620115817
0.32102530,-0.7368249740,2.0616485171
0.32132523,-0.7374432697,2.0612856282
0.32162516,-0.7380614567,2.0609229147
0.32192509,-0.7386795349,2.0605603768
0.32222502,-0.7392975044,2.0601980142
0.32252495,-0.7399153653,2.0598358269
0.32282488,-0.7405331175,2.0594738148
0.32312481,-0.7411507612,2.0591119778
0.32342474,-0.7417682964,2.0587503158
0.32372467,-0.7423857232,2.0583888287
0.32402460,-0.7430030415,2.0580275165
0.32432453,-0.7436202515,2.0576663790
0.32462446,-0.7442373532,2.0573054161
0.32492439,-0.7448543467,2.0569446279
0.32522432,-0.7454712320,2.0565840140
0.32552425,-0.7460880092,2.0562235746
0.32582418,-0.7467046783,2.0558633095
0.32612411,-0.7473212393,2.0555032186
0.32642404,-0.7479376924,2.0551433018
0.32672397,-0.7485540375,2.0547835590
0.32702390,-0.7491702748,2.0544239902
0.32732383,-0.7497864043,2.0540645952
0.32762376,-0.7504024260,2.0537053740
0.32792369,-0.7510183400,2.0533463265
0.32822362,-0.7516341463,2.0529874525
0.32852355,-0.7522498450,2.0526287520
0.32882348,-0.7528654361,2.0522702250
0.32912341,-0.7534809198,2.0519118713
0.32942334,-0.7540962960,2.0515536908
0.32972327,-0.7547115648,2.0511956834
0.33002320,-0.7553267262,2.0508378491
0.33032313,-0.7559417803,2.0504801878
0.33062306,-0.7565567272,2.0501226993
0.33092299,-0.7571715669,2.0497653836
0.33122292,-0.7577862994,2.0494082407
0.33152285,-0.7584009249,2.0490512703
0.33182278,-0.7590154433,2.0486944725
0.33212271,-0.7596298547,2.0483378472
0.33242264,-0.7602441592,2.0479813941
0.33272257,-0.7608583568,2.0476251134
0.33302250,-0.7614724476,2.0472690048
0.33332243,-0.7620864316,2.0469130683
0.33362236,-0.7627003088,2.0465573039
0.33392229,-0.7633140794,2.0462017113
0.33422222,-0.7639277434,2.0458462906
0.33452215,-0.7645413008,2.0454910416
0.33482208,-0.7651547516,2.0451359643
0.33512201,-0.7657680960,2.0447810585
0.33542194,-0.7663813339,2.0444263242
0.33572187,-0.7669944655,2.0440717614
0.33602180,-0.7676074908,2.0437173698
0.33632173,-0.7682204098,2.0433631495
0.33662166,-0.7688332226,2.0430091003
0.33692159,-0.7694459292,2.0426552221
0.33722152,-0.7700585297,2.0423015149
0.33752145,-0.7706710242,2.0419479786
0.33782138,-0.7712834126,2.0415946131
0.33812131,-0.7718956951,2.0412414183
0.33842124,-0.7725078717,2.0408883941
0.33872117,-0.7731199424,2.0405355405
0.33902110,-0.7737319073,2.0401828573
0.33932103,-0.7743437664,2.0398303445
0.33962096,-0.7749555199,2.0394780019
0.33992089,-0.7755671677,2.0391258296
0.34022082,-0.7761787099,2.0387738274
0.34052075,-0.7767901465,2.0384219951
0.34082068,-0.7774014777,2.0380703329
0.34112061,-0.7780127034,2.0377188404
0.34142054,-0.7786238237,2.0373675178
0.34172047,-0.7792348386,2.0370163648
0.34202040,-0.7798457483,2.0366653814
0.34232033,-0.7804565527,2.0363145676
0.34262026,-0.7810672519,2.0359639232
0.34292019,-0.7816778460,2.0356134481
0.34322012,-0.7822883350,2.0352631423
0.34352005,-0.7828987189,2.0349130056
0.34381998,-0.7835089978,2.0345630381
0.34411991,-0.7841191719,2.0342132395
0.34441984,-0.7847292410,2.0338636099
0.34471977,-0.7853392053,2.0335141491
0.34501970,-0.7859490647,2.0331648571
0.34531963,-0.7865588195,2.0328157337
0.34561956,-0.7871684696,2.0324667790
0.34591949,-0.7877780150,2.0321179927
0.34621942,-0.7883874558,2.0317693748
0.34651935,-0.7889967921,2.0314209253
0.34681928,-0.7896060240,2.0310726441
0.34711921,-0.7902151514,2.0307245310
0.34741914,-0.7908241744,2.0303765860
0.34771907,-0.7914330930,2.0300288090
0.34801900,-0.7920419074,2.0296811999
0.34831893,-0.7926506176,2.0293337586
0.34861886,-0.7932592235,2.0289864851
0.34891879,-0.7938677254,2.0286393793
0.34921872,-0.7944761231,2.0282924411
0.34951865,-0.7950844168,2.0279456703
0.34981858,-0.7956926066,2.0275990670
0.35011851,-0.7963006924,2.0272526310
0.35041844,-0.7969086743,2.0269063623
0.35071837,-0.7975165524,2.0265602607
0.35101830,-0.7981243267,2.0262143263
0.35131823,-0.7987319973,2.0258685588
0.35161816,-0.7993395642,2.0255229583
0.35191809,-0.7999470275,2.0251775246
0.35221802,-0.8005543872,2.0248322577
0.35251795,-0.8011616433,2.0244871574
0.35281788,-0.8017687960,2.0241422238
0.35311781,-0.8023758453,2.0237974566
0.35341774,-0.8029827911,2.0234528559
0.35371767,-0.8035896337,2.0231084216
0.35401760,-0.8041963729,2.0227641535
0.35431753,-0.8048030089,2.0224200516
0.35461746,-0.8054095418,2.0220761158
0.35491739,-0.8060159715,2.0217323461
0.35521732,-0.8066222981,2.0213887422
0.35551725,-0.8072285217,2.0210453043
0.35581718,-0.8078346423,2.0207020321
0.35611711,-0.8084406600,2.0203589256
0.35641704,-0.8090465748,2.0200159848
0.35671697,-0.8096523868,2.0196732094
0.35701690,-0.8102580960,2.0193305996
0.35731683,-0.8108637024,2.0189881551
0.35761676,-0.8114692062,2.0186458759
0.35791669,-0.8120746073,2.0183037619
0.35821662,-0.8126799058,2.0179618130
0.35851655,-0.8132851018,2.0176200292
0.35881648,-0.8138901954,2.0172784104
0.35911641,-0.8144951864,2.0169369564
0.35941634,-0.8151000751,2.0165956673
0.35971627,-0.8157048615,2.0162545429
0.36001620,-0.8163095456,2.0159135831
0.36031613,-0.8169141274,2.0155727880
0.36061606,-0.8175186070,2.0152321573
0.36091599,-0.8181229845,2.0148916910
0.36121592,-0.8187272599,2.0145513890
0.36151585,-0.8193314333,2.0142112513
0.36181578,-0.8199355047,2.0138712778
0.36211571,-0.8205394741,2.0135314683
0.36241564,-0.8211433416,2.0131918229
0.36271557,-0.8217471073,2.0128523414
0.36301550,-0.8223507712,2.0125130238
0.36331543,-0.8229543333,2.0121738699
0.36361536,-0.8235577938,2.0118348797
0.36391529,-0.8241611526,2.0114960531
0.36421522,-0.8247644098,2.0111573901
0.36451515,-0.8253675654,2.0108188905
0.36481508,-0.8259706196,2.0104805543
0.36511501,-0.8265735723,2.0101423814
0.36541494,-0.8271764236,2.0098043717
0.36571487,-0.8277791735,2.0094665251
0.36601480,-0.8283818221,2.0091288416
0.36631473,-0.8289843695,2.0087913211
0.36661466,-0.8295868157,2.0084539635
0.36691459,-0.8301891607,2.0081167687
0.36721452,-0.8307914045,2.0077797367
0.36751445,-0.8313935474,2.0074428673
0.36781438,-0.8319955892,2.0071061605
0.36811431,-0.8325975301,2.0067696162
0.36841424,-0.8331993700,2.0064332344
0.36871417,-0.8338011091,2.0060970149
0.36901410,-0.8344027473,2.0057609577
0.36931403,-0.8350042848,2.0054250627
0.36961396,-0.8356057216,2.0050893298
0.36991389,-0.8362070577,2.0047537589
0.37021382,-0.8368082931,2.0044183500
0.37051375,-0.8374094280,2.0040831030
0.37081368,-0.8380104624,2.0037480178
0.37111361,-0.8386113963,2.0034130944
0.37141354,-0.8392122298,2.0030783326
0.37171347,-0.8398129628,2.0027437323
0.37201340,-0.8404135956,2.0024092936
0.37231333,-0.8410141280,2.0020750163
0.37261326,-0.8416145603,2.0017409003
0.37291319,-0.8422148923,2.0014069456
0.37321312,-0.8428151242,2.0010731521
0.37351305,-0.8434152560,2.0007395197
0.37381298,-0.8440152878,2.0004060484
0.37411291,-0.8446152196,2.0000727380
0.37441284,-0.8452150514,1.9997395885
0.37471277,-0.8458147833,1.9994065998
0.37501270,-0.8464144154,1.9990737718
0.37531263,-0.8470139477,1.9987411045
0.37561256,-0.8476133802,1.9984085977
0.37591249,-0.8482127131,1.9980762515
0.37621242,-0.8488119462,1.9977440656
0.37651235,-0.8494110798,1.9974120402
0.37681228,-0.8500101138,1.9970801750
0.37711221,-0.8506090483,1.9967484699
0.37741214,-0.8512078833,1.9964169251
0.37771207,-0.8518066189,1.9960855402
0.37801200,-0.8524052551,1.9957543153
0.37831193,-0.8530037921,1.9954232503
0.37861186,-0.8536022297,1.9950923452
0.37891179,-0.8542005681,1.9947615997
0.37921172,-0.8547988074,1.9944310139
0.37951165,-0.8553969475,1.9941005878
0.37981158,-0.8559949885,1.9937703211
0.38011151,-0.8565929305,1.9934402138
0.38041144,-0.8571907735,1.9931102660
0.38071137,-0.8577885176,1.9927804774
0.38101130,-0.8583861628,1.9924508480
0.38131123,-0.8589837092,1.9921213777
0.38161116,-0.8595811567,1.9917920666
0.38191109,-0.8601785055,1.9914629144
0.38221102,-0.8607757556,1.9911339211
0.38251095,-0.8613729071,1.9908050866
0.38281088,-0.8619699599,1.9904764109
0.38311081,-0.8625669142,1.9901478939
0.38341074,-0.8631637700,1.9898195355
0.38371067,-0.8637605274,1.9894913357
0.38401060,-0.8643571863,1.9891632943
0.38431053,-0.8649537468,1.9888354113
0.38461046,-0.8655502091,1.9885076866
0.38491039,-0.8661465730,1.9881801201
0.38521032,-0.8667428388,1.9878527118
0.38551025,-0.8673390063,1.9875254616
0.38581018,-0.8679350758,1.9871983694
0.38611011,-0.8685310471,1.9868714352
0.38641004,-0.8691269204,1.9865446588
0.38670997,-0.8697226958,1.9862180402
0.38700990,-0.8703183732,1.9858915793
0.38730983,-0.8709139527,1.9855652761
0.38760976,-0.8715094343,1.9852391305
0.38790969,-0.8721048182,1.9849131423
0.38820962,-0.8727001043,1.9845873116
0.38850955,-0.8732952927,1.9842616382
0.38880948,-0.8738903834,1.9839361221
0.38910941,-0.8744853766,1.9836107632
0.38940934,-0.8750802722,1.9832855615
0.38970927,-0.8756750702,1.9829605167
0.39000920,-0.8762697708,1.9826356290
0.39030913,-0.8768643740,1.9823108982
0.39060906,-0.8774588798,1.9819863242
0.39090899,-0.8780532883,1.9816619070
0.39120892,-0.8786475995,1.9813376465
0.39150885,-0.8792418135,1.9810135426
0.39180878,-0.8798359303,1.9806895952
0.39210871,-0.8804299499,1.9803658044
0.39240864,-0.8810238725,1.9800421699
0.39270857,-0.8816176980,1.9797186917
0.39300850,-0.8822114265,1.9793953698
0.39330843,-0.8828050581,1.9790722041
0.39360836,-0.8833985927,1.9787491945
0.39390829,-0.8839920305,1.9784263409
0.39420822,-0.8845853715,1.9781036433
0.39450815,-0.8851786158,1.9777811016
0.39480808,-0.8857717633,1.9774587157
0.39510801,-0.8863648141,1.9771364856
0.39540794,-0.8869577683,1.9768144111
0.39570787,-0.8875506260,1.9764924922
0.39600780,-0.8881433871,1.9761707289
0.39630773,-0.8887360517,1.9758491210
0.39660766,-0.8893286199,1.9755276685
0.39690759,-0.8899210917,1.9752063714
0.39720752,-0.8905134672,1.9748852295
0.39750745,-0.8911057464,1.9745642427
0.39780738,-0.8916979293,1.9742434111
0.39810731,-0.8922900160,1.9739227345
0.39840724,-0.8928820065,1.9736022128
0.39870717,-0.8934739010,1.9732818460
0.39900710,-0.8940656994,1.9729616341
0.39930703,-0.8946574017,1.9726415769
0.39960696,-0.8952490081,1.9723216743
0.39990689,-0.8958405186,1.9720019264
0.40020682,-0.8964319332,1.9716823330
0.40050675,-0.8970232519,1.9713628941
0.40080668,-0.8976144749,1.9710436095
0.40110661,-0.8982056021,1.9707244793
0.40140654,-0.8987966336,1.9704055033
0.40170647,-0.8993875695,1.9700866815
0.40200640,-0.8999784098,1.9697680138
0.40230633,-0.9005691545,1.9694495002
0.40260626,-0.9011598038,1.9691311405
0.40290619,-0.9017503575,1.9688129347
0.40320612,-0.9023408159,1.9684948827
0.40350605,-0.9029311788,1.9681769845
0.40380598,-0.9035214465,1.9678592400
0.40410591,-0.9041116188,1.9675416490
0.40440584,-0.9047016960,1.9672242117
0.40470577,-0.9052916779,1.9669069277
0.40500570,-0.9058815647,1.9665897972
0.40530563,-0.9064713565,1.9662728201
0.40560556,-0.9070610531,1.9659559962
0.40590549,-0.9076506548,1.9656393255
0.40620542,-0.9082401615,1.9653228079
0.40650535,-0.9088295733,1.9650064433
0.40680528,-0.9094188902,1.9646902318
0.40710521,-0.9100081124,1.9643741732
0.40740514,-0.9105972397,1.9640582674
0.40770507,-0.9111862723,1.9637425144
0.40800500,-0.9117752103,1.9634269141
0.40830493,-0.9123640536,1.9631114664
0.40860486,-0.9129528023,1.9627961713
0.40890479,-0.9135414565,1.9624810287
0.40920472,-0.9141300161,1.9621660385
0.40950465,-0.9147184814,1.9618512007
0.40980458,-0.9153068522,1.9615365152
0.41010451,-0.9158951286,1.9612219819
0.41040444,-0.9164833108,1.9609076007
0.41070437,-0.9170713986,1.9605933717
0.41100430,-0.9176593923,1.9602792946
0.41130423,-0.9182472917,1.9599653695
0.41160416,-0.9188350971,1.9596515963
0.41190409,-0.9194228083,1.9593379749
0.41220402,-0.9200104255,1.9590245052
0.41250395,-0.9205979487,1.9587111872
0.41280388,-0.9211853780,1.9583980208
0.41310381,-0.9217727133,1.9580850060
0.41340374,-0.9223599548,1.9577721426
0.41370367,-0.9229471025,1.9574594306
0.41400360,-0.9235341564,1.9571468699
0.41430353,-0.9241211166,1.9568344605
0.41460346,-0.9247079831,1.9565222023
0.41490339,-0.9252947560,1.9562100953
0.41520332,-0.9258814353,1.9558981392
0.41550325,-0.9264680210,1.9555863342
0.41580318,-0.9270545133,1.9552746801
0.41610311,-0.9276409121,1.9549631768
0.41640304,-0.9282272175,1.9546518244
0.41670297,-0.9288134295,1.9543406226
0.41700290,-0.9293995482,1.9540295715
0.41730283,-0.9299855736,1.9537186710
0.41760276,-0.9305715058,1.9534079211
0.41790269,-0.9311573449,1.9530973215
0.41820262,-0.9317430908,1.9527868724
0.41850255,-0.9323287436,1.9524765735
0.41880248,-0.9329143033,1.9521664249
0.41910241,-0.9334997701,1.9518564265
0.41940234,-0.9340851439,1.9515465782
0.41970227,-0.9346704248,1.9512368799
0.42000220,-0.9352556128,1.9509273317
0.42030213,-0.9358407081,1.9506179333
0.42060206,-0.9364257105,1.9503086848
0.42090199,-0.9370106202,1.9499995860
0.42120192,-0.9375954372,1.9496906370
0.42150185,-0.9381801616,1.9493818376
0.42180178,-0.9387647934,1.9490731878
0.42210171,-0.9393493326,1.9487646875
0.42240164,-0.9399337793,1.9484563367
0.42270157,-0.9405181336,1.9481481352
0.42300150,-0.9411023955,1.9478400831
0.42330143,-0.9416865649,1.9475321802
0.42360136,-0.9422706421,1.9472244264
0.42390129,-0.9428546269,1.9469168218
0.42420122,-0.9434385196,1.9466093663
0.42450115,-0.9440223200,1.9463020597
0.42480108,-0.9446060283,1.9459949020
0.42510101,-0.9451896445,1.9456878932
0.42540094,-0.9457731686,1.9453810331
0.42570087,-0.9463566007,1.9450743218
0.42600080,-0.9469399409,1.9447677592
0.42630073,-0.9475231891,1.9444613451
0.42660066,-0.9481063454,1.9441550795
0.42690059,-0.9486894099,1.9438489624
0.42720052,-0.9492723826,1.9435429937
0.42750045,-0.9498552636,1.9432371733
0.42780038,-0.9504380529,1.9429315011
0.42810031,-0.9510207505,1.9426259772
0.42840024,-0.9516033565,1.9423206014
0.42870017,-0.9521858709,1.9420153736
0.42900010,-0.9527682938,1.9417102938
0.42930003,-0.9533506252,1.9414053620
0.42959996,-0.9539328652,1.9411005781
0.42989989,-0.9545150138,1.9407959419
0.43019982,-0.9550970710,1.9404914535
0.43049975,-0.9556790369,1.9401871127
0.43079968,-0.9562609116,1.9398829196
0.43109961,-0.9568426951,1.9395788739
0.43139954,-0.9574243874,1.9392749758
0.43169947,-0.9580059885,1.9389712251
0.43199940,-0.9585874986,1.9386676217
0.43229933,-0.9591689177,1.9383641656
0.43259926,-0.9597502457,1.9380608567
0.43289919,-0.9603314828,1.9377576950
0.43319912,-0.9609126290,1.9374546804
0.43349905,-0.9614936844,1.9371518128
0.43379898,-0.9620746489,1.9368490921
0.43409891,-0.9626555226,1.9365465184
0.43439884,-0.9632363057,1.9362440914
0.43469877,-0.9638169980,1.9359418113
0.43499870,-0.9643975997,1.9356396778
0.43529863,-0.9649781108,1.9353376910
0.43559856,-0.9655585313,1.9350358508
0.43589849,-0.9661388614,1.9347341570
0.43619842,-0.9667191009,1.9344326098
0.43649835,-0.9672992501,1.9341312089
0.43679828,-0.9678793089,1.9338299543
0.43709821,-0.9684592773,1.9335288460
0.43739814,-0.9690391554,1.9332278838
0.43769807,-0.9696189433,1.9329270678
0.43799800,-0.9701986410,1.9326263979
0.43829793,-0.9707782486,1.9323258740
0.43859786,-0.9713577660,1.9320254960
0.43889779,-0.9719371934,1.9317252638
0.43919772,-0.9725165307,1.9314251775
0.43949765,-0.9730957781,1.9311252370
0.43979758,-0.9736749355,1.9308254421
0.44009751,-0.9742540030,1.9305257928
0.44039744,-0.9748329806,1.9302262891
0.44069737,-0.9754118685,1.9299269309
0.44099730,-0.9759906666,1.9296277181
0.44129723,-0.9765693750,1.9293286507
0.44159716,-0.9771479936,1.9290297286
0.44189709,-0.9777265227,1.9287309518
0.44219702,-0.9783049622,1.9284323201
0.44249695,-0.9788833121,1.9281338335
0.44279688,-0.9794615725,1.9278354920
0.44309681,-0.9800397435,1.9275372955
0.44339674,-0.9806178250,1.9272392439
0.44369667,-0.9811958172,1.9269413372
0.44399660,-0.9817737200,1.9266435753
0.44429653,-0.9823515336,1.9263459581
0.44459646,-0.9829292579,1.9260484857
0.44489639,-0.9835068930,1.9257511578
0.44519632,-0.9840844389,1.9254539745
0.44549625,-0.9846618958,1.9251569356
0.44579618,-0.9852392635,1.9248600413
0.44609611,-0.9858165423,1.9245632912
0.44639604,-0.9863937320,1.9242666855
0.44669597,-0.9869708329,1.9239702241
0.44699590,-0.9875478448,1.9236739068
0.44729583,-0.9881247679,1.9233777336
0.44759576,-0.9887016021,1.9230817045
0.44789569,-0.9892783476,1.9227858194
0.44819562,-0.9898550044,1.9224900782
0.44849555,-0.9904315725,1.9221944809
0.44879548,-0.9910080520,1.9218990274
0.44909541,-0.9915844428,1.9216037177
0.44939534,-0.9921607452,1.9213085516
0.44969527,-0.9927369590,1.9210135292
0.44999520,-0.9933130843,1.9207186504
0.45029513,-0.9938891212,1.9204239150
0.45059506,-0.9944650698,1.9201293231
0.45089499,-0.9950409300,1.9198348746
0.45119492,-0.9956167019,1.9195405694
0.45149485,-0.9961923856,1.9192464074
0.45179478,-0.9967679810,1.9189523887
0.45209471,-0.9973434883,1.9186585131
0.45239464,-0.9979189075,1.9183647806
0.45269457,-0.9984942386,1.9180711911
0.45299450,-0.9990694816,1.9177777445
0.45329443,-0.9996446367,1.9174844408
0.45359436,-1.0002197038,1.9171912800
0.45389429,-1.0007946830,1.9168982620
0.45419422,-1.0013695744,1.9166053866
0.45449415,-1.0019443779,1.9163126539
0.45479408,-1.0025190937,1.9160200638
0.45509401,-1.0030937217,1.9157276162
0.45539394,-1.0036682620,1.9154353111
0.45569387,-1.0042427147,1.9151431485
0.45599380,-1.0048170798,1.9148511281
0.45629373,-1.0053913573,1.9145592501
0.45659366,-1.0059655472,1.9142675142
0.45689359,-1.0065396497,1.9139759206
0.45719352,-1.0071136648,1.9136844690
0.45749345,-1.0076875925,1.9133931595
0.45779338,-1.0082614328,1.9131019920
0.45809331,-1.0088351858,1.9128109664
0.45839324,-1.0094088516,1.9125200827
0.45869317,-1.0099824301,1.9122293408
0.45899310,-1.0105559214,1.9119387406
0.45929303,-1.0111293256,1.9116482822
0.45959296,-1.0117026427,1.9113579653
0.45989289,-1.0122758728,1.9110677900
0.46019282,-1.0128490158,1.9107777563
0.46049275,-1.0134220719,1.9104878640
0.46079268,-1.0139950411,1.9101981130
0.46109261,-1.0145679233,1.9099085034
0.46139254,-1.0151407188,1.9096190351
0.46169247,-1.0157134274,1.9093297080
0.46199240,-1.0162860493,1.9090405220
0.46229233,-1.0168585844,1.9087514772
0.46259226,-1.0174310329,1.9084625733
0.46289219,-1.0180033947,1.9081738105
0.46319212,-1.0185756700,1.9078851885
0.46349205,-1.0191478587,1.9075967074
0.46379198,-1.0197199609,1.9073083671
0.46409191,-1.0202919767,1.9070201676
0.46439184,-1.0208639060,1.9067321087
0.46469177,-1.0214357490,1.9064441905
0.46499170,-1.0220075056,1.9061564128
0.46529163,-1.0225791760,1.9058687756
0.46559156,-1.0231507600,1.9055812788
0.46589149,-1.0237222579,1.9052939225
0.46619142,-1.0242936696,1.9050067065
0.46649135,-1.0248649952,1.9047196307
0.46679128,-1.0254362347,1.9044326951
0.46709121,-1.0260073882,1.9041458997
0.46739114,-1.0265784556,1.9038592444
0.46769107,-1.0271494372,1.9035727292
0.46799100,-1.0277203328,1.9032863539
0.46829093,-1.0282911425,1.9030001185
0.46859086,-1.0288618664,1.9027140229
0.46889079,-1.0294325045,1.9024280672
0.46919072,-1.0300030569,1.9021422512
0.46949065,-1.0305735235,1.9018565750
0.46979058,-1.0311439045,1.9015710383
0.47009051,-1.0317141999,1.9012856412
0.47039044,-1.0322844097,1.9010003836
0.47069037,-1.0328545340,1.9007152655
0.47099030,-1.0334245727,1.9004302867
0.47129023,-1.0339945260,1.9001454473
0.47159016,-1.0345643940,1.8998607472
0.47189009,-1.0351341765,1.8995761863
0.47219002,-1.0357038737,1.8992917646
0.47248995,-1.0362734856,1.8990074819
0.47278988,-1.0368430123,1.8987233384
0.47308981,-1.0374124538,1.8984393338
0.47338974,-1.0379818101,1.8981554681
0.47368967,-1.0385510813,1.8978717413
0.47398960,-1.0391202674,1.8975881534
0.47428953,-1.0396893685,1.8973047042
0.47458946,-1.0402583846,1.8970213937
0.47488939,-1.0408273157,1.8967382218
0.47518932,-1.0413961619,1.8964551886
0.47548925,-1.0419649233,1.8961722938
0.47578918,-1.0425335998,1.8958895376
0.47608911,-1.0431021916,1.8956069198
0.47638904,-1.0436706986,1.8953244403
0.47668897,-1.0442391209,1.8950420991
0.47698890,-1.0448074585,1.8947598962
0.47728883,-1.0453757115,1.8944778315
0.47758876,-1.0459438799,1.8941959049
0.47788869,-1.0465119638,1.8939141164
0.47818862,-1.0470799632,1.8936324659
0.47848855,-1.0476478782,1.8933509534
0.47878848,-1.0482157087,1.8930695788
0.47908841,-1.0487834549,1.8927883420
0.47938834,-1.0493511167,1.8925072430
0.47968827,-1.0499186942,1.8922262818
0.47998820,-1.0504861875,1.8919454582
0.48028813,-1.0510535966,1.8916647723
0.48058806,-1.0516209215,1.8913842240
0.48088799,-1.0521881623,1.8911038131
0.48118792,-1.0527553191,1.8908235397
0.48148785,-1.0533223917,1.8905434037
0.48178778,-1.0538893804,1.8902634051
0.48208771,-1.0544562851,1.8899835437
0.48238764,-1.0550231059,1.8897038196
0.48268757,-1.0555898428,1.8894242327
0.48298750,-1.0561564959,1.8891447828
0.48328743,-1.0567230652,1.8888654701
0.48358736,-1.0572895507,1.8885862943
0.48388729,-1.0578559525,1.8883072555
0.48418722,-1.0584222707,1.8880283536
0.48448715,-1.0589885052,1.8877495885
0.48478708,-1.0595546561,1.8874709602
0.48508701,-1.0601207235,1.8871924687
0.48538694,-1.0606867074,1.8869141138
0.48568687,-1.0612526078,1.8866358956
0.48598680,-1.0618184247,1.8863578139
0.48628673,-1.0623841583,1.8860798687
0.48658666,-1.0629498086,1.8858020599
0.48688659,-1.0635153755,1.8855243876
0.48718652,-1.0640808592,1.8852468516
0.48748645,-1.0646462597,1.8849694519
0.48778638,-1.0652115770,1.8846921884
0.48808631,-1.0657768111,1.8844150611
0.48838624,-1.0663419622,1.8841380699
0.48868617,-1.0669070302,1.8838612148
0.48898610,-1.0674720151,1.8835844957
0.48928603,-1.0680369171,1.8833079125
0.48958596,-1.0686017362,1.8830314653
0.48988589,-1.0691664724,1.8827551539
0.49018582,-1.0697311257,1.8824789782
0.49048575,-1.0702956962,1.8822029384
0.49078568,-1.0708601839,1.8819270342
0.49108561,-1.0714245889,1.8816512656
0.49138554,-1.0719889112,1.8813756326
0.49168547,-1.0725531509,1.8811001351
0.49198540,-1.0731173079,1.8808247731
0.49228533,-1.0736813824,1.8805495465
0.49258526,-1.0742453743,1.8802744552
0.49288519,-1.0748092838,1.8799994992
0.49318512,-1.0753731108,1.8797246785
0.49348505,-1.0759368554,1.8794499930
0.49378498,-1.0765005176,1.8791754426
0.49408491,-1.0770640976,1.8789010273
0.49438484,-1.0776275952,1.8786267470
0.49468477,-1.0781910106,1.8783526017
0.49498470,-1.0787543438,1.8780785913
0.49528463,-1.0793175948,1.8778047158
0.49558456,-1.0798807637,1.8775309751
0.49588449,-1.0804438505,1.8772573692
0.49618442,-1.0810068552,1.8769838979
0.49648435,-1.0815697780,1.8767105613
0.49678428,-1.0821326188,1.8764373593
0.49708421,-1.0826953777,1.8761642918
0.49738414,-1.0832580547,1.8758913589
0.49768407,-1.0838206499,1.8756185603
0.49798400,-1.0843831632,1.8753458962
0.49828393,-1.0849455948,1.8750733663
0.49858386,-1.0855079447,1.8748009708
0.49888379,-1.0860702129,1.8745287094
0.49918372,-1.0866323995,1.8742565822
0.49948365,-1.0871945044,1.8739845892
0.49978358,-1.0877565278,1.8737127302
0.50008351,-1.0883184697,1.8734410052
0.50038344,-1.0888803301,1.8731694141
0.50068337,-1.0894421091,1.8728979570
0.50098330,-1.0900038067,1.8726266337
0.50128323,-1.0905654229,1.8723554442
0.50158316,-1.0911269578,1.8720843884
0.50188309,-1.0916884114,1.8718134663
0.50218302,-1.0922497838,1.8715426779
0.50248295,-1.0928110750,1.8712720230
0.50278288,-1.0933722850,1.8710015017
0.50308281,-1.0939334139,1.8707311138
0.50338274,-1.0944944617,1.8704608593
0.50368267,-1.0950554285,1.8701907383
0.50398260,-1.0956163143,1.8699207505
0.50428253,-1.0961771192,1.8696508960
0.50458246,-1.0967378431,1.8693811747
0.50488239,-1.0972984861,1.8691115866
0.50518232,-1.0978590483,1.8688421316
0.50548225,-1.0984195298,1.8685728096
0.50578218,-1.0989799304,1.8683036206
0.50608211,-1.0995402503,1.8680345646
0.50638204,-1.1001004896,1.8677656414
0.50668197,-1.1006606482,1.8674968511
0.50698190,-1.1012207262,1.8672281936
0.50728183,-1.1017807237,1.8669596689
0.50758176,-1.1023406406,1.8666912768
0.50788169,-1.1029004771,1.8664230173
0.50818162,-1.1034602331,1.8661548905
0.50848155,-1.1040199087,1.8658868961
0.50878148,-1.1045795040,1.8656190343
0.50908141,-1.1051390190,1.8653513048
0.50938134,-1.1056984536,1.8650837078
0.50968127,-1.1062578080,1.8648162430
0.50998120,-1.1068170823,1.8645489106
0.51028113,-1.1073762763,1.8642817103
0.51058106,-1.1079353903,1.8640146422
0.51088099,-1.1084944241,1.8637477062
0.51118092,-1.1090533779,1.8634809023
0.51148085,-1.1096122518,1.8632142304
0.51178078,-1.1101710456,1.8629476904
0.51208071,-1.1107297595,1.8626812823
0.51238064,-1.1112883936,1.8624150061
0.51268057,-1.1118469478,1.8621488617
0.51298050,-1.1124054222,1.8618828491
0.51328043,-1.1129638168,1.8616169682
0.51358036,-1.1135221317,1.8613512189
0.51388029,-1.1140803669,1.8610856011
0.51418022,-1.1146385225,1.8608201150
0.51448015,-1.1151965984,1.8605547603
0.51478008,-1.1157545948,1.8602895371
0.51508001,-1.1163125117,1.8600244453
0.51537994,-1.1168703491,1.8597594848
0.51567987,-1.1174281070,1.8594946556
0.51597980,-1.1179857855,1.8592299576
0.51627973,-1.1185433846,1.8589653908
0.51657966,-1.1191009045,1.8587009551
0.51687959,-1.1196583450,1.8584366506
0.51717952,-1.1202157062,1.8581724771
0.51747945,-1.1207729883,1.8579084345
0.51777938,-1.1213301912,1.8576445229
0.51807931,-1.1218873149,1.8573807421
0.51837924,-1.1224443596,1.8571170922
0.51867917,-1.1230013251,1.8568535731
0.51897910,-1.1235582117,1.8565901847
0.51927903,-1.1241150193,1.8563269270
0.51957896,-1.1246717480,1.8560637999
0.51987889,-1.1252283977,1.8558008034
0.52017882,-1.1257849686,1.8555379374
0.52047875,-1.1263414607,1.8552752018
0.52077868,-1.1268978740,1.8550125967
0.52107861,-1.1274542085,1.8547501220
0.52137854,-1.1280104643,1.8544877776
0.52167847,-1.1285666415,1.8542255635
0.52197840,-1.1291227401,1.8539634796
0.52227833,-1.1296787600,1.8537015258
0.52257826,-1.1302347014,1.8534397022
0.52287819,-1.1307905643,1.8531780087
0.52317812,-1.1313463488,1.8529164452
0.52347805,-1.1319020548,1.8526550116
0.52377798,-1.1324576824,1.8523937080
0.52407791,-1.1330132316,1.8521325342
0.52437784,-1.1335687026,1.8518714903
0.52467777,-1.1341240952,1.8516105761
0.52497770,-1.1346794097,1.8513497917
0.52527763,-1.1352346459,1.8510891369
0.52557756,-1.1357898040,1.8508286118
0.52587749,-1.1363448839,1.8505682162
0.52617742,-1.1368998858,1.8503079501
0.52647735,-1.1374548096,1.8500478136
0.52677728,-1.1380096555,1.8497878064
0.52707721,-1.1385644233,1.8495279286
0.52737714,-1.1391191133,1.8492681802
0.52767707,-1.1396737253,1.8490085610
0.52797700,-1.1402282595,1.8487490710
0.52827693,-1.1407827159,1.8484897102
0.52857686,-1.1413370945,1.8482304785
0.52887679,-1.1418913954,1.8479713760
0.52917672,-1.1424456186,1.8477124024
0.52947665,-1.1429997641,1.8474535578
0.52977658,-1.1435538321,1.8471948421
0.53007651,-1.1441078224,1.8469362554
0.53037644,-1.1446617352,1.8466777974
0.53067637,-1.1452155705,1.8464194682
0.53097630,-1.1457693284,1.8461612678
0.53127623,-1.1463230088,1.8459031960
0.53157616,-1.1468766118,1.8456452529
0.53187609,-1.1474301375,1.8453874384
0.53217602,-1.1479835859,1.8451297523
0.53247595,-1.1485369570,1.8448721948
0.53277588,-1.1490902509,1.8446147657
0.53307581,-1.1496434676,1.8443574650
0.53337574,-1.1501966072,1.8441002927
0.53367567,-1.1507496696,1.8438432486
0.53397560,-1.1513026550,1.8435863328
0.53427553,-1.1518555633,1.8433295451
0.53457546,-1.1524083946,1.8430728856
0.53487539,-1.1529611490,1.8428163542
0.53517532,-1.1535138264,1.8425599509
0.53547525,-1.1540664269,1.8423036755
0.53577518,-1.1546189507,1.8420475281
0.53607511,-1.1551713976,1.8417915086
0.53637504,-1.1557237677,1.8415356169
0.53667497,-1.1562760611,1.8412798531
0.53697490,-1.1568282778,1.8410242170
0.53727483,-1.1573804178,1.8407687086
0.53757476,-1.1579324813,1.8405133279
0.53787469,-1.1584844681,1.8402580748
0.53817462,-1.1590363785,1.8400029492
0.53847455,-1.1595882123,1.8397479512
0.53877448,-1.1601399696,1.8394930806
0.53907441,-1.1606916506,1.8392383374
0.53937434,-1.1612432551,1.8389837216
0.53967427,-1.1617947833,1.8387292332
0.53997420,-1.1623462352,1.8384748720
0.54027413,-1.1628976108,1.8382206380
0.54057406,-1.1634489102,1.8379665312
0.54087399,-1.1640001334,1.8377125515
0.54117392,-1.1645512805,1.8374586989
0.54147385,-1.1651023514,1.8372049734
0.54177378,-1.1656533462,1.8369513748
0.54207371,-1.1662042650,1.8366979032
0.54237364,-1.1667551078,1.8364445585
0.54267357,-1.1673058746,1.8361913406
0.54297350,-1.1678565655,1.8359382495
0.54327343,-1.1684071805,1.8356852851
0.54357336,-1.1689577196,1.8354324475
0.54387329,-1.1695081830,1.8351797365
0.54417322,-1.1700585705,1.8349271521
0.54447315,-1.1706088824,1.8346746942
0.54477308,-1.1711591185,1.8344223629
0.54507301,-1.1717092789,1.8341701581
0.54537294,-1.1722593638,1.8339180796
0.54567287,-1.1728093730,1.8336661275
0.54597280,-1.1733593067,1.8334143018
0.54627273,-1.1739091649,1.8331626023
0.54657266,-1.1744589476,1.8329110290
0.54687259,-1.1750086549,1.8326595819
0.54717252,-1.1755582867,1.8324082610
0.54747245,-1.1761078433,1.8321570661
0.54777238,-1.1766573245,1.8319059973
0.54807231,-1.1772067304,1.8316550544
0.54837224,-1.1777560610,1.8314042375
0.54867217,-1.1783053165,1.8311535465
0.54897210,-1.1788544968,1.8309029814
0.54927203,-1.1794036019,1.8306525420
0.54957196,-1.1799526320,1.8304022284
0.54987189,-1.1805015870,1.8301520405
0.55017182,-1.1810504670,1.8299019783
0.55047175,-1.1815992720,1.8296520417
0.55077168,-1.1821480020,1.8294022307
0.55107161,-1.1826966572,1.8291525452
0.55137154,-1.1832452374,1.8289029851
0.55167147,-1.1837937429,1.8286535505
0.55197140,-1.1843421735,1.8284042413
0.55227133,-1.1848905294,1.8281550574
0.55257126,-1.1854388106,1.8279059988
0.55287119,-1.1859870171,1.8276570654
0.55317112,-1.1865351489,1.8274082572
0.55347105,-1.1870832062,1.8271595742
0.55377098,-1.1876311889,1.8269110163
0.55407091,-1.1881790970,1.8266625834
0.55437084,-1.1887269306,1.8264142756
0.55467077,-1.1892746898,1.8261660927
0.55497070,-1.1898223746,1.8259180347
0.55527063,-1.1903699850,1.8256701016
0.55557056,-1.1909175211,1.8254222933
0.55587049,-1.1914649828,1.8251746098
0.55617042,-1.1920123703,1.8249270511
0.55647035,-1.1925596835,1.8246796170
0.55677028,-1.1931069226,1.8244323076
0.55707021,-1.1936540875,1.8241851227
0.55737014,-1.1942011782,1.8239380625
0.55767007,-1.1947481949,1.8236911267
0.55797000,-1.1952951376,1.8234443154
0.55826993,-1.1958420062,1.8231976284
0.55856986,-1.1963888009,1.8229510659
0.55886979,-1.1969355216,1.8227046277
0.55916972,-1.1974821684,1.8224583137
0.55946965,-1.1980287414,1.8222121240
0.55976958,-1.1985752406,1.8219660584
0.56006951,-1.1991216659,1.8217201170
0.56036944,-1.1996680176,1.8214742997
0.56066937,-1.2002142955,1.8212286065
0.56096930,-1.2007604997,1.8209830372
0.56126923,-1.2013066304,1.8207375919
0.56156916,-1.2018526874,1.8204922705
0.56186909,-1.2023986708,1.8202470729
0.56216902,-1.2029445808,1.8200019992
0.56246895,-1.2034904172,1.8197570493
0.56276888,-1.2040361802,1.8195122231
0.56306881,-1.2045818698,1.8192675205
0.56336874,-1.2051274860,1.8190229416
0.56366867,-1.2056730289,1.8187784863
0.56396860,-1.2062184984,1.8185341546
0.56426853,-1.2067638947,1.8182899463
0.56456846,-1.2073092178,1.8180458615
0.56486839,-1.2078544677,1.8178019001
0.56516832,-1.2083996444,1.8175580621
0.56546825,-1.2089447480,1.8173143474
0.56576818,-1.2094897786,1.8170707560
0.56606811,-1.2100347361,1.8168272878
0.56636804,-1.2105796206,1.8165839428
0.56666797,-1.2111244321,1.8163407209
0.56696790,-1.2116691707,1.8160976221
0.56726783,-1.2122138364,1.8158546464
0.56756776,-1.2127584292,1.8156117937
0.56786769,-1.2133029493,1.8153690639
0.56816762,-1.2138473965,1.8151264571
0.56846755,-1.2143917710,1.8148839731
0.56876748,-1.2149360728,1.8146416120
0.56906741,-1.2154803019,1.8143993737
0.56936734,-1.2160244584,1.8141572581
0.56966727,-1.2165685422,1.8139152651
0.56996720,-1.2171125535,1.8136733949
0.57026713,-1.2176564923,1.8134316472
0.57056706,-1.2182003586,1.8131900221
0.57086699,-1.2187441525,1.8129485195
0.57116692,-1.2192878739,1.8127071394
0.57146685,-1.2198315230,1.8124658818
0.57176678,-1.2203750997,1.8122247465
0.57206671,-1.2209186041,1.8119837335
0.57236664,-1.2214620362,1.8117428428
0.57266657,-1.2220053961,1.8115020744
0.57296650,-1.2225486838,1.8112614282
0.57326643,-1.2230918994,1.8110209041
0.57356636,-1.2236350428,1.8107805022
0.57386629,-1.2241781141,1.8105402224
0.57416622,-1.2247211134,1.8103000645
0.57446615,-1.2252640407,1.8100600287
0.57476608,-1.2258068960,1.8098201148
0.57506601,-1.2263496794,1.8095803228
0.57536594,-1.2268923908,1.8093406526
0.57566587,-1.2274350304,1.8091011043
0.57596580,-1.2279775982,1.8088616777
0.57626573,-1.2285200942,1.8086223729
0.57656566,-1.2290625184,1.8083831897
0.57686559,-1.2296048709,1.8081441282
0.57716552,-1.2301471517,1.8079051882
0.57746545,-1.2306893609,1.8076663698
0.57776538,-1.2312314984,1.8074276729
0.57806531,-1.2317735644,1.8071890975
0.57836524,-1.2323155588,1.8069506434
0.57866517,-1.2328574818,1.8067123108
0.57896510,-1.2333993333,1.8064740994
0.57926503,-1.2339411133,1.8062360094
0.57956496,-1.2344828220,1.8059980406
0.57986489,-1.2350244593,1.8057601930
0.58016482,-1.2355660253,1.8055224666
0.58046475,-1.2361075200,1.8052848612
0.58076468,-1.2366489434,1.8050473770
0.58106461,-1.2371902957,1.8048100137
0.58136454,-1.2377315767,1.8045727714
0.58166447,-1.2382727867,1.8043356501
0.58196440,-1.2388139255,1.8040986497
0.58226433,-1.2393549932,1.8038617701
0.58256426,-1.2398959900,1.8036250113
0.58286419,-1.2404369157,1.8033883733
0.58316412,-1.2409777705,1.8031518560
0.58346405,-1.2415185544,1.8029154594
0.58376398,-1.2420592673,1.8026791834
0.58406391,-1.2425999095,1.8024430281
0.58436384,-1.2431404808,1.8022069932
0.58466377,-1.2436809813,1.8019710789
0.58496370,-1.2442214111,1.8017352850
0.58526363,-1.2447617702,1.8014996116
0.58556356,-1.2453020587,1.8012640585
0.58586349,-1.2458422765,1.8010286258
0.58616342,-1.2463824237,1.8007933134
0.58646335,-1.2469225003,1.8005581212
0.58676328,-1.2474625065,1.8003230492
0.58706321,-1.2480024421,1.8000880974
0.58736314,-1.2485423073,1.7998532657
0.58766307,-1.2490821020,1.7996185540
0.58796300,-1.2496218264,1.7993839625
0.58826293,-1.2501614805,1.7991494909
0.58856286,-1.2507010642,1.7989151392
0.58886279,-1.2512405777,1.7986809075
0.58916272,-1.2517800209,1.7984467956
0.58946265,-1.2523193940,1.7982128036
0.58976258,-1.2528586968,1.7979789313
0.59006251,-1.2533979296,1.7977451788
0.59036244,-1.2539370922,1.7975115459
0.59066237,-1.2544761848,1.7972780327
0.59096230,-1.2550152074,1.7970446392
0.59126223,-1.2555541600,1.7968113652
0.59156216,-1.2560930426,1.7965782107
0.59186209,-1.2566318554,1.7963451757
0.59216202,-1.2571705982,1.7961122601
0.59246195,-1.2577092713,1.7958794640
0.59276188,-1.2582478745,1.7956467872
0.59306181,-1.2587864079,1.7954142297
0.59336174,-1.2593248716,1.7951817915
0.59366167,-1.2598632656,1.7949494725
0.59396160,-1.2604015900,1.7947172727
0.59426153,-1.2609398447,1.7944851920
0.59456146,-1.2614780299,1.7942532305
0.59486139,-1.2620161454,1.7940213880
0.59516132,-1.2625541915,1.7937896646
0.59546125,-1.2630921681,1.7935580601
0.59576118,-1.2636300752,1.7933265745
0.59606111,-1.2641679129,1.7930952079
0.59636104,-1.2647056813,1.7928639601
0.59666097,-1.2652433803,1.7926328311
0.59696090,-1.2657810100,1.7924018209
0.59726083,-1.2663185704,1.7921709294
0.59756076,-1.2668560616,1.7919401566
0.59786069,-1.2673934836,1.7917095025
0.59816062,-1.2679308365,1.7914789669
0.59846055,-1.2684681202,1.7912485499
0.59876048,-1.2690053348,1.7910182514
0.59906041,-1.2695424803,1.7907880714
0.59936034,-1.2700795569,1.7905580099
0.59966027,-1.2706165645,1.7903280667
0.59996020,-1.2711535031,1.7900982419
0.60026013,-1.2716903728,1.7898685354
0.60056006,-1.2722271736,1.7896389472
0.60085999,-1.2727639056,1.7894094772
0.60115992,-1.2733005687,1.7891801254
0.60145985,-1.2738371631,1.7889508917
0.60175978,-1.2743736888,1.7887217761
0.60205971,-1.2749101457,1.7884927786
0.60235964,-1.2754465340,1.7882638992
0.60265957,-1.2759828537,1.7880351377
0.60295950,-1.2765191048,1.7878064941
0.60325943,-1.2770552873,1.7875779685
0.60355936,-1.2775914013,1.7873495607
0.60385929,-1.2781274468,1.7871212707
0.60415922,-1.2786634238,1.7868930985
0.60445915,-1.2791993324,1.7866650440
0.60475908,-1.2797351727,1.7864371072
0.60505901,-1.2802709446,1.7862092881
0.60535894,-1.2808066481,1.7859815866
0.60565887,-1.2813422835,1.7857540027
0.60595880,-1.2818778505,1.7855265362
0.60625873,-1.2824133494,1.7852991873
0.60655866,-1.2829487801,1.7850719559
0.60685859,-1.2834841426,1.7848448418
0.60715852,-1.2840194371,1.7846178451
0.60745845,-1.2845546635,1.7843909657
0.60775838,-1.2850898218,1.7841642036
0.60805831,-1.2856249122,1.7839375588
0.60835824,-1.2861599346,1.7837110311
0.60865817,-1.2866948890,1.7834846207
0.60895810,-1.2872297756,1.7832583273
0.60925803,-1.2877645944,1.7830321510
0.60955796,-1.2882993453,1.7828060918
0.60985789,-1.2888340284,1.7825801495
0.61015782,-1.2893686438,1.7823543243
0.61045775,-1.2899031914,1.7821286159
0.61075768,-1.2904376714,1.7819030244
0.61105761,-1.2909720838,1.7816775498
0.61135754,-1.2915064285,1.7814521920
0.61165747,-1.2920407056,1.7812269509
0.61195740,-1.2925749153,1.7810018265
0.61225733,-1.2931090574,1.7807768188
0.61255726,-1.2936431320,1.7805519278
0.61285719,-1.2941771392,1.7803271533
0.61315712,-1.2947110790,1.7801024954
0.61345705,-1.2952449515,1.7798779540
0.61375698,-1.2957787566,1.7796535291
0.61405691,-1.2963124944,1.7794292207
0.61435684,-1.2968461650,1.7792050286
0.61465677,-1.2973797683,1.7789809529
0.61495670,-1.2979133045,1.7787569935
0.61525663,-1.2984467735,1.7785331503
0.61555656,-1.2989801754,1.7783094234
0.61585649,-1.2995135101,1.7780858127
0.61615642,-1.3000467779,1.7778623182
0.61645635,-1.3005799786,1.7776389397
0.61675628,-1.3011131124,1.7774156774
0.61705621,-1.3016461792,1.7771925311
0.61735614,-1.3021791790,1.7769695007
0.61765607,-1.3027121121,1.7767465864
0.61795600,-1.3032449782,1.7765237879
0.61825593,-1.3037777776,1.7763011053
0.61855586,-1.3043105102,1.7760785386
0.61885579,-1.3048431760,1.7758560877
0.61915572,-1.3053757752,1.7756337525
0.61945565,-1.3059083077,1.7754115330
0.61975558,-1.3064407735,1.7751894292
0.62005551,-1.3069731728,1.7749674410
0.62035544,-1.3075055055,1.7747455685
0.62065537,-1.3080377716,1.7745238115
0.62095530,-1.3085699713,1.7743021700
0.62125523,-1.3091021045,1.7740806440
0.62155516,-1.3096341713,1.7738592334
0.62185509,-1.3101661717,1.7736379383
0.62215502,-1.3106981057,1.7734167585
0.62245495,-1.3112299734,1.7731956940
0.62275488,-1.3117617749,1.7729747448
0.62305481,-1.3122935100,1.7727539108
0.62335474,-1.3128251790,1.7725331921
0.62365467,-1.3133567818,1.7723125885
0.62395460,-1.3138883184,1.7720921000
0.62425453,-1.3144197889,1.7718717266
0.62455446,-1.3149511934,1.7716514683
0.62485439,-1.3154825317,1.7714313250
0.62515432,-1.3160138041,1.7712112966
0.62545425,-1.3165450105,1.7709913832
0.62575418,-1.3170761510,1.7707715846
0.62605411,-1.3176072256,1.7705519009
0.62635404,-1.3181382342,1.7703323321
0.62665397,-1.3186691771,1.7701128780
0.62695390,-1.3192000541,1.7698935386
0.62725383,-1.3197308654,1.7696743139
0.62755376,-1.3202616109,1.7694552039
0.62785369,-1.3207922908,1.7692362085
0.62815362,-1.3213229049,1.7690173276
0.62845355,-1.3218534535,1.7687985613
0.62875348,-1.3223839364,1.7685799095
0.62905341,-1.3229143538,1.7683613722
0.62935334,-1.3234447056,1.7681429493
0.62965327,-1.3239749920,1.7679246407
0.62995320,-1.3245052129,1.7677064466
0.63025313,-1.3250353684,1.7674883667
0.63055306,-1.3255654584,1.7672704011
0.63085299,-1.3260954832,1.7670525497
0.63115292,-1.3266254426,1.7668348125
0.63145285,-1.3271553367,1.7666171894
0.63175278,-1.3276851655,1.7663996805
0.63205271,-1.3282149292,1.7661822856
0.63235264,-1.3287446276,1.7659650048
0.63265257,-1.3292742609,1.7657478379
0.63295250,-1.3298038291,1.7655307851
0.63325243,-1.3303333322,1.7653138461
0.63355236,-1.3308627702,1.7650970210
0.63385229,-1.3313921432,1.7648803098
0.63415222,-1.3319214513,1.7646637123
0.63445215,-1.3324506944,1.7644472287
0.63475208,-1.3329798726,1.7642308587
0.63505201,-1.3335089859,1.7640146024
0.63535194,-1.3340380344,1.7637984598
0.63565187,-1.3345670180,1.7635824308
0.63595180,-1.3350959369,1.7633665154
0.63625173,-1.3356247910,1.7631507135
0.63655166,-1.3361535805,1.7629350251
0.63685159,-1.3366823052,1.7627194502
0.63715152,-1.3372109653,1.7625039887
0.63745145,-1.3377395608,1.7622886405
0.63775138,-1.3382680918,1.7620734057
0.63805131,-1.3387965582,1.7618582843
0.63835124,-1.3393249600,1.7616432760
0.63865117,-1.3398532975,1.7614283811
0.63895110,-1.3403815705,1.7612135993
0.63925103,-1.3409097790,1.7609989306
0.63955096,-1.3414379232,1.7607843751
0.63985089,-1.3419660031,1.7605699326
0.64015082,-1.3424940187,1.7603556032
0.64045075,-1.3430219700,1.7601413868
0.64075068,-1.3435498571,1.7599272833
0.64105061,-1.3440776800,1.7597132928
0.64135054,-1.3446054387,1.7594994152
0.64165047,-1.3451331333,1.7592856504
0.64195040,-1.3456607637,1.7590719984
0.64225033,-1.3461883302,1.7588584592
0.64255026,-1.3467158326,1.7586450327
0.64285019,-1.3472432710,1.7584317190
0.64315012,-1.3477706454,1.7582185179
0.64345005,-1.3482979559,1.7580054294
0.64374997,-1.3488252025,1.7577924535
0.64404990,-1.3493523852,1.7575795901
0.64434983,-1.3498795042,1.7573668393
0.64464976,-1.3504065593,1.7571542009
0.64494969,-1.3509335507,1.7569416750
0.64524962,-1.3514604783,1.7567292614
0.64554955,-1.3519873423,1.7565169603
0.64584948,-1.3525141425,1.7563047714
0.64614941,-1.3530408792,1.7560926948
0.64644934,-1.3535675523,1.7558807305
0.64674927,-1.3540941618,1.7556688784
0.64704920,-1.3546207078,1.7554571384
0.64734913,-1.3551471903,1.7552455106
0.64764906,-1.3556736093,1.7550339949
0.64794899,-1.3561999650,1.7548225912
0.64824892,-1.3567262572,1.7546112996
0.64854885,-1.3572524861,1.7544001200
0.64884878,-1.3577786516,1.7541890523
0.64914871,-1.3583047539,1.7539780965
0.64944864,-1.3588307929,1.7537672526
0.64974857,-1.3593567687,1.7535565205
0.65004850,-1.3598826813,1.7533459002
0.65034843,-1.3604085307,1.7531353917
0.65064836,-1.3609343171,1.7529249949
0.65094829,-1.3614600403,1.7527147098
0.65124822,-1.3619857005,1.7525045363
0.65154815,-1.3625112977,1.7522944745
0.65184808,-1.3630368318,1.7520845242
0.65214801,-1.3635623030,1.7518746855
0.65244794,-1.3640877114,1.7516649583
0.65274787,-1.3646130568,1.7514553425
0.65304780,-1.3651383393,1.7512458382
0.65334773,-1.3656635591,1.7510364452
0.65364766,-1.3661887160,1.7508271636
0.65394759,-1.3667138102,1.7506179934
0.65424752,-1.3672388417,1.7504089344
0.65454745,-1.3677638105,1.7501999866
0.65484738,-1.3682887167,1.7499911501
0.65514731,-1.3688135602,1.7497824247
0.65544724,-1.3693383411,1.7495738105
0.65574717,-1.3698630595,1.7493653073
0.65604710,-1.3703877154,1.7491569152
0.65634703,-1.3709123087,1.7489486342
0.65664696,-1.3714368397,1.7487404641
0.65694689,-1.3719613082,1.7485324050
0.65724682,-1.3724857143,1.7483244568
0.65754675,-1.3730100581,1.7481166194
0.65784668,-1.3735343395,1.7479088929
0.65814661,-1.3740585587,1.7477012772
0.65844654,-1.3745827156,1.7474937723
0.65874647,-1.3751068102,1.7472863781
0.65904640,-1.3756308427,1.7470790946
0.65934633,-1.3761548131,1.7468719217
0.65964626,-1.3766787213,1.7466648595
0.65994619,-1.3772025674,1.7464579078
0.66024612,-1.3777263515,1.7462510667
0.66054605,-1.3782500736,1.7460443361
0.66084598,-1.3787737337,1.7458377160
0.66114591,-1.3792973318,1.7456312063
0.66144584,-1.3798208680,1.7454248071
0.66174577,-1.3803443423,1.7452185181
0.66204570,-1.3808677547,1.7450123396
0.66234563,-1.3813911054,1.7448062713
0.66264556,-1.3819143942,1.7446003132
0.66294549,-1.3824376213,1.7443944654
0.66324542,-1.3829607866,1.7441887278
0.66354535,-1.3834838903,1.7439831003
0.66384528,-1.3840069323,1.7437775829
0.66414521,-1.3845299127,1.7435721756
0.66444514,-1.3850528315,1.7433668783
0.66474507,-1.3855756887,1.7431616911
0.66504500,-1.3860984844,1.7429566138
0.66534493,-1.3866212187,1.7427516464
0.66564486,-1.3871438914,1.7425467889
0.66594479,-1.3876665028,1.7423420413
0.66624472,-1.3881890527,1.7421374035
0.66654465,-1.3887115413,1.7419328755
0.66684458,-1.3892339685,1.7417284572
0.66714451,-1.3897563345,1.7415241487
0.66744444,-1.3902786392,1.7413199498
0.66774437,-1.3908008826,1.7411158606
0.66804430,-1.3913230649,1.7409118810
0.66834423,-1.3918451860,1.7407080109
0.66864416,-1.3923672460,1.7405042504
0.66894409,-1.3928892449,1.7403005994
0.66924402,-1.3934111827,1.7400970578
0.66954395,-1.3939330595,1.7398936257
0.66984388,-1.3944548753,1.7396903030
0.67014381,-1.3949766301,1.7394870896
0.67044374,-1.3954983240,1.7392839855
0.67074367,-1.3960199569,1.7390809907
0.67104360,-1.3965415291,1.7388781052
0.67134353,-1.3970630403,1.7386753289
0.67164346,-1.3975844908,1.7384726617
0.67194339,-1.3981058805,1.7382701037
0.67224332,-1.3986272095,1.7380676548
0.67254325,-1.3991484778,1.7378653150
0.67284318,-1.3996696854,1.7376630842
0.67314311,-1.4001908323,1.7374609624
0.67344304,-1.4007119187,1.7372589496
0.67374297,-1.4012329444,1.7370570457
0.67404290,-1.4017539097,1.7368552507
0.67434283,-1.4022748144,1.7366535645
0.67464276,-1.4027956587,1.7364519872
0.67494269,-1.4033164425,1.7362505186
0.67524262,-1.4038371659,1.7360491588
0.67554255,-1.4043578289,1.7358479077
0.67584248,-1.4048784316,1.7356467653
0.67614241,-1.4053989739,1.7354457316
0.67644234,-1.4059194560,1.7352448064
0.67674227,-1.4064398779,1.7350439898
0.67704220,-1.4069602395,1.7348432818
0.67734213,-1.4074805409,1.7346426822
0.67764206,-1.4080007822,1.7344421912
0.67794199,-1.4085209634,1.7342418085
0.67824192,-1.4090410845,1.7340415343
0.67854185,-1.4095611455,1.7338413684
0.67884178,-1.4100811466,1.7336413108
0.67914171,-1.4106010876,1.7334413615
0.67944164,-1.4111209687,1.7332415205
0.67974157,-1.4116407898,1.7330417877
0.68004150,-1.4121605511,1.7328421631
0.68034143,-1.4126802525,1.7326426467
0.68064136,-1.4131998941,1.7324432383
0.68094129,-1.4137194759,1.7322439381
0.68124122,-1.4142389979,1.7320447459
0.68154115,-1.4147584602,1.7318456616
0.68184108,-1.4152778628,1.7316466854
0.68214101,-1.4157972058,1.7314478171
0.68244094,-1.4163164891,1.7312490567
0.68274087,-1.4168357128,1.7310504042
0.68304080,-1.4173548770,1.7308518595
0.68334073,-1.4178739816,1.7306534227
0.68364066,-1.4183930267,1.7304550935
0.68394059,-1.4189120123,1.7302568722
0.68424052,-1.4194309386,1.7300587585
0.68454045,-1.4199498054,1.7298607524
0.68484038,-1.4204686128,1.7296628540
0.68514031,-1.4209873609,1.7294650632
0.68544024,-1.4215060497,1.7292673800
0.68574017,-1.4220246792,1.7290698042
0.68604010,-1.4225432495,1.7288723360
0.68634003,-1.4230617605,1.7286749752
0.68663996,-1.4235802124,1.7284777218
0.68693989,-1.4240986052,1.7282805758
0.68723982,-1.4246169388,1.7280835372
0.68753975,-1.4251352133,1.7278866059
0.68783968,-1.4256534288,1.7276897818
0.68813961,-1.4261715853,1.7274930650
0.68843954,-1.4266896828,1.7272964554
0.68873947,-1.4272077213,1.7270999530
0.68903940,-1.4277257010,1.7269035577
0.68933933,-1.4282436217,1.7267072695
0.68963926,-1.4287614835,1.7265110884
0.68993919,-1.4292792866,1.7263150143
0.69023912,-1.4297970309,1.7261190473
0.69053905,-1.4303147163,1.7259231872
0.69083898,-1.4308323431,1.7257274340
0.69113891,-1.4313499112,1.7255317877
0.69143884,-1.4318674206,1.7253362483
0.69173877,-1.4323848714,1.7251408157
0.69203870,-1.4329022635,1.7249454900
0.69233863,-1.4334195971,1.7247502710
0.69263856,-1.4339368722,1.7245551587
0.69293849,-1.4344540888,1.7243601531
0.69323842,-1.4349712469,1.7241652541
0.69353835,-1.4354883465,1.7239704618
0.69383828,-1.4360053878,1.7237757761
0.69413821,-1.4365223706,1.7235811969
0.69443814,-1.4370392952,1.7233867243
0.69473807,-1.4375561614,1.7231923581
0.69503800,-1.4380729693,1.7229980984
0.69533793,-1.4385897190,1.7228039451
0.69563786,-1.4391064104,1.7226098982
0.69593779,-1.4396230437,1.7224159577
0.69623772,-1.4401396189,1.7222221234
0.69653765,-1.4406561359,1.7220283955
0.69683758,-1.4411725948,1.7218347737
0.69713751,-1.4416889957,1.7216412583
0.69743744,-1.4422053385,1.7214478489
0.69773737,-1.4427216233,1.7212545458
0.69803730,-1.4432378502,1.7210613487
0.69833723,-1.4437540192,1.7208682577
0.69863716,-1.4442701302,1.7206752728
0.69893709,-1.4447861834,1.7204823939
0.69923702,-1.4453021788,1.7202896209
0.69953695,-1.4458181163,1.7200969539
0.69983688,-1.4463339961,1.7199043928
0.70013681,-1.4468498181,1.7197119376
0.70043674,-1.4473655825,1.7195195882
0.70073667,-1.4478812891,1.7193273446
0.70103660,-1.4483969382,1.7191352068
0.70133653,-1.4489125296,1.7189431747
0.70163646,-1.4494280634,1.7187512484
0.70193639,-1.4499435397,1.7185594277
0.70223632,-1.4504589584,1.7183677126
0.70253625,-1.4509743197,1.7181761032
0.70283618,-1.4514896235,1.7179845993
0.70313611,-1.4520048699,1.7177932009
0.70343604,-1.4525200589,1.7176019081
0.70373597,-1.4530351906,1.7174107207
0.70403590,-1.4535502649,1.7172196388
0.70433583,-1.4540652819,1.7170286622
0.70463576,-1.4545802417,1.7168377911
0.70493569,-1.4550951442,1.7166470252
0.70523562,-1.4556099895,1.7164563647
0.70553555,-1.4561247777,1.7162658094
0.70583548,-1.4566395087,1.7160753594
0.70613541,-1.4571541826,1.7158850145
0.70643534,-1.4576687995,1.7156947748
0.70673527,-1.4581833593,1.7155046403
0.70703520,-1.4586978621,1.7153146108
0.70733513,-1.4592123079,1.7151246865
0.70763506,-1.4597266968,1.7149348671
0.70793499,-1.4602410287,1.7147451528
0.70823492,-1.4607553038,1.7145555434
0.70853485,-1.4612695220,1.7143660389
0.70883478,-1.4617836833,1.7141766394
0.70913471,-1.4622977879,1.7139873447
0.70943464,-1.4628118358,1.7137981548
0.70973457,-1.4633258269,1.7136090697
0.71003450,-1.4638397613,1.7134200894
0.71033443,-1.4643536390,1.7132312139
0.71063436,-1.4648674601,1.7130424430
0.71093429,-1.4653812246,1.7128537768
0.71123422,-1.4658949326,1.7126652152
0.71153415,-1.4664085840,1.7124767582
0.71183408,-1.4669221789,1.7122884058
0.71213401,-1.4674357173,1.7121001579
0.71243394,-1.4679491992,1.7119120145
0.71273387,-1.4684626248,1.7117239756
0.71303380,-1.4689759940,1.7115360411
0.71333373,-1.4694893068,1.7113482110
0.71363366,-1.4700025633,1.7111604853
0.71393359,-1.4705157635,1.7109728639
0.71423352,-1.4710289074,1.7107853468
0.71453345,-1.4715419952,1.7105979340
0.71483338,-1.4720550267,1.7104106254
0.71513331,-1.4725680020,1.7102234210
0.71543324,-1.4730809213,1.7100363208
0.71573317,-1.4735937844,1.7098493247
0.71603310,-1.4741065915,1.7096624327
0.71633303,-1.4746193425,1.7094756447
0.71663296,-1.4751320375,1.7092889608
0.71693289,-1.4756446765,1.7091023809
0.71723282,-1.4761572596,1.7089159050
0.71753275,-1.4766697868,1.7087295330
0.71783268,-1.4771822581,1.7085432649
0.71813261,-1.4776946736,1.7083571007
0.71843254,-1.4782070332,1.7081710403
0.71873247,-1.4787193370,1.7079850838
0.71903240,-1.4792315851,1.7077992309
0.71933233,-1.4797437774,1.7076134819
0.71963226,-1.4802559141,1.7074278365
0.71993219,-1.4807679951,1.7072422948
0.72023212,-1.4812800204,1.7070568568
0.72053205,-1.4817919902,1.7068715223
0.72083198,-1.4823039044,1.7066862914
0.72113191,-1.4828157630,1.7065011641
0.72143184,-1.4833275661,1.7063161403
0.72173177,-1.4838393138,1.7061312199
0.72203170,-1.4843510060,1.7059464030
0.72233163,-1.4848626428,1.7057616895
0.72263156,-1.4853742242,1.7055770794
0.72293149,-1.4858857502,1.7053925726
0.72323142,-1.4863972209,1.7052081691
0.72353135,-1.4869086363,1.7050238690
0.72383128,-1.4874199965,1.7048396720
0.72413121,-1.4879313014,1.7046555783
0.72443114,-1.4884425512,1.7044715877
0.72473107,-1.4889537458,1.7042877003
0.72503100,-1.4894648852,1.7041039161
0.72533093,-1.4899759695,1.7039202349
0.72563086,-1.4904869987,1.7037366567
0.72593079,-1.4909979730,1.7035531816
0.72623072,-1.4915088921,1.7033698094
0.72653065,-1.4920197563,1.7031865403
0.72683058,-1.4925305656,1.7030033740
0.72713051,-1.4930413199,1.7028203106
0.72743044,-1.4935520194,1.7026373501
0.72773037,-1.4940626639,1.7024544924
0.72803030,-1.4945732537,1.7022717375
0.72833023,-1.4950837886,1.7020890853
0.72863016,-1.4955942688,1.7019065359
0.72893009,-1.4961046943,1.7017240891
0.72923002,-1.4966150650,1.7015417451
0.72952995,-1.4971253811,1.7013595036
0.72982988,-1.4976356425,1.7011773648
0.73012981,-1.4981458493,1.7009953285
0.73042974,-1.4986560015,1.7008133947
0.73072967,-1.4991660992,1.7006315635
0.73102960,-1.4996761424,1.7004498347
0.73132953,-1.5001861310,1.7002682083
0.73162946,-1.5006960652,1.7000866844
0.73192939,-1.5012059450,1.6999052628
0.73222932,-1.5017157704,1.6997239436
0.73252925,-1.5022255414,1.6995427266
0.73282918,-1.5027352580,1.6993616120
0.73312911,-1.5032449204,1.6991805995
0.73342904,-1.5037545285,1.6989996893
0.73372897,-1.5042640823,1.6988188813
0.73402890,-1.5047735820,1.6986381754
0.73432883,-1.5052830274,1.6984575716
0.73462876,-1.5057924187,1.6982770699
0.73492869,-1.5063017559,1.6980966703
0.73522862,-1.5068110389,1.6979163726
0.73552855,-1.5073202680,1.6977361770
0.73582848,-1.5078294429,1.6975560833
0.73612841,-1.5083385639,1.6973760915
0.73642834,-1.5088476309,1.6971962016
0.73672827,-1.5093566440,1.6970164136
0.73702820,-1.5098656032,1.6968367274
0.73732813,-1.5103745085,1.6966571430
0.73762806,-1.5108833599,1.6964776603
0.73792799,-1.5113921575,1.6962982794
0.73822792,-1.5119009014,1.6961190001
0.73852785,-1.5124095915,1.6959398225
0.73882778,-1.5129182278,1.6957607466
0.73912771,-1.5134268105,1.6955817723
0.73942764,-1.5139353395,1.6954028995
0.73972757,-1.5144438148,1.6952241283
0.74002750,-1.5149522366,1.6950454585
0.74032743,-1.5154606048,1.6948668903
0.74062736,-1.5159689194,1.6946884234
0.74092729,-1.5164771806,1.6945100580
0.74122722,-1.5169853882,1.6943317940
0.74152715,-1.5174935424,1.6941536313
0.74182708,-1.5180016432,1.6939755699
0.74212701,-1.5185096906,1.6937976098
0.74242694,-1.5190176846,1.6936197510
0.74272687,-1.5195256253,1.6934419933
0.74302680,-1.5200335127,1.6932643369
0.74332673,-1.5205413468,1.6930867816
0.74362666,-1.5210491277,1.6929093274
0.74392659,-1.5215568554,1.6927319744
0.74422652,-1.5220645299,1.6925547223
0.74452645,-1.5225721512,1.6923775714
0.74482638,-1.5230797195,1.6922005214
0.74512631,-1.5235872346,1.6920235723
0.74542624,-1.5240946967,1.6918467242
0.74572617,-1.5246021058,1.6916699770
0.74602610,-1.5251094618,1.6914933307
0.74632603,-1.5256167649,1.6913167852
0.74662596,-1.5261240151,1.6911403405
0.74692589,-1.5266312123,1.6909639966
0.74722582,-1.5271383567,1.6907877534
0.74752575,-1.5276454483,1.6906116110
0.74782568,-1.5281524870,1.6904355692
0.74812561,-1.5286594729,1.6902596280
0.74842554,-1.5291664061,1.6900837875
0.74872547,-1.5296732866,1.6899080476
0.74902540,-1.5301801143,1.6897324082
0.74932533,-1.5306868894,1.6895568693
0.74962526,-1.5311936119,1.6893814310
0.74992519,-1.5317002817,1.6892060931
0.75022512,-1.5322068990,1.6890308556
0.75052505,-1.5327134638,1.6888557185
0.75082498,-1.5332199760,1.6886806818
0.75112491,-1.5337264357,1.6885057454
0.75142484,-1.5342328430,1.6883309093
0.75172477,-1.5347391979,1.6881561735
0.75202470,-1.5352455004,1.6879815379
0.75232463,-1.5357517505,1.6878070025
0.75262456,-1.5362579483,1.6876325673
0.75292449,-1.5367640937,1.6874582323
0.75322442,-1.5372701869,1.6872839973
0.75352435,-1.5377762279,1.6871098625
0.75382428,-1.5382822166,1.6869358276
0.75412421,-1.5387881532,1.6867618929
0.75442414,-1.5392940376,1.6865880581
0.75472407,-1.5397998699,1.6864143232
0.75502400,-1.5403056501,1.6862406883
0.75532393,-1.5408113782,1.6860671533
0.75562386,-1.5413170543,1.6858937181
0.75592379,-1.5418226784,1.6857203828
0.75622372,-1.5423282505,1.6855471472
0.75652365,-1.5428337707,1.6853740115
0.75682358,-1.5433392389,1.6852009754
0.75712351,-1.5438446553,1.6850280391
0.75742344,-1.5443500198,1.6848552025
0.75772337,-1.5448553325,1.6846824655
0.75802330,-1.5453605934,1.6845098281
0.75832323,-1.5458658026,1.6843372903
0.75862316,-1.5463709600,1.6841648520
0.75892309,-1.5468760657,1.6839925133
0.75922302,-1.5473811197,1.6838202741
0.75952295,-1.5478861221,1.6836481343
0.75982288,-1.5483910728,1.6834760939
0.76012281,-1.5488959720,1.6833041530
0.76042274,-1.5494008196,1.6831323114
0.76072267,-1.5499056157,1.6829605691
0.76102260,-1.5504103603,1.6827889261
0.76132253,-1.5509150535,1.6826173824
0.76162246,-1.5514196952,1.6824459380
0.76192239,-1.5519242855,1.6822745927
0.76222232,-1.5524288244,1.6821033467
0.76252225,-1.5529333120,1.6819321998
0.76282218,-1.5534377482,1.6817611519
0.76312211,-1.5539421332,1.6815902032
0.76342204,-1.5544464669,1.6814193536
0.76372197,-1.5549507494,1.6812486029
0.76402190,-1.5554549807,1.6810779513
0.76432183,-1.5559591608,1.6809073986
0.76462176,-1.5564632897,1.6807369448
0.76492169,-1.5569673676,1.6805665900
0.76522162,-1.5574713944,1.6803963340
0.76552155,-1.5579753701,1.6802261768
0.76582148,-1.5584792948,1.6800561185
0.76612141,-1.5589831686,1.6798861589
0.76642134,-1.5594869913,1.6797162981
0.76672127,-1.5599907632,1.6795465360
0.76702120,-1.5604944841,1.6793768726
0.76732113,-1.5609981542,1.6792073078
0.76762106,-1.5615017734,1.6790378417
0.76792099,-1.5620053418,1.6788684741
0.76822092,-1.5625088594,1.6786992051
0.76852085,-1.5630123263,1.6785300346
0.76882078,-1.5635157424,1.6783609627
0.76912071,-1.5640191078,1.6781919892
0.76942064,-1.5645224226,1.6780231141
0.76972057,-1.5650256868,1.6778543375
0.77002050,-1.5655289003,1.6776856592
0.77032043,-1.5660320633,1.6775170792
0.77062036,-1.5665351757,1.6773485976
0.77092029,-1.5670382376,1.6771802143
0.77122022,-1.5675412490,1.6770119292
0.77152015,-1.5680442099,1.6768437424
0.77182008,-1.5685471204,1.6766756537
0.77212001,-1.5690499805,1.6765076632
0.77241994,-1.5695527903,1.6763397708
0.77271987,-1.5700555497,1.6761719765
0.77301980,-1.5705582588,1.6760042803
0.77331973,-1.5710609176,1.6758366822
0.77361966,-1.5715635262,1.6756691820
0.77391959,-1.5720660845,1.6755017798
0.77421952,-1.5725685926,1.6753344756
0.77451945,-1.5730710506,1.6751672693
0.77481938,-1.5735734585,1.6750001608
0.77511931,-1.5740758162,1.6748331503
0.77541924,-1.5745781238,1.6746662375
0.77571917,-1.5750803815,1.6744994225
0.77601910,-1.5755825890,1.6743327054
0.77631903,-1.5760847466,1.6741660859
0.77661896,-1.5765868543,1.6739995641
0.77691889,-1.5770889120,1.6738331401
0.77721882,-1.5775909198,1.6736668136
0.77751875,-1.5780928778,1.6735005848
0.77781868,-1.5785947858,1.6733344535
0.77811861,-1.5790966441,1.6731684198
0.77841854,-1.5795984526,1.6730024836
0.77871847,-1.5801002114,1.6728366450
0.77901840,-1.5806019204,1.6726709037
0.77931833,-1.5811035797,1.6725052599
0.77961826,-1.5816051894,1.6723397135
0.77991819,-1.5821067494,1.6721742645
0.78021812,-1.5826082598,1.6720089128
0.78051805,-1.5831097206,1.6718436584
0.78081798,-1.5836111319,1.6716785013
0.78111791,-1.5841124937,1.6715134414
0.78141784,-1.5846138060,1.6713484788
0.78171777,-1.5851150688,1.6711836133
0.78201770,-1.5856162821,1.6710188450
0.78231763,-1.5861174461,1.6708541738
0.78261756,-1.5866185607,1.6706895997
0.78291749,-1.5871196259,1.6705251227
0.78321742,-1.5876206419,1.6703607427
0.78351735,-1.5881216085,1.6701964597
0.78381728,-1.5886225259,1.6700322737
0.78411721,-1.5891233941,1.6698681847
0.78441714,-1.5896242130,1.6697041925
0.78471707,-1.5901249828,1.6695402972
0.78501700,-1.5906257034,1.6693764988
0.78531693,-1.5911263749,1.6692127972
0.78561686,-1.5916269974,1.6690491924
0.78591679,-1.5921275708,1.6688856844
0.78621672,-1.5926280951,1.6687222731
0.78651665,-1.5931285705,1.6685589585
0.78681658,-1.5936289969,1.6683957405
0.78711651,-1.5941293743,1.6682326192
0.78741644,-1.5946297029,1.6680695946
0.78771637,-1.5951299825,1.6679066665
0.78801630,-1.5956302134,1.6677438349
0.78831623,-1.5961303953,1.6675810999
0.78861616,-1.5966305285,1.6674184614
0.78891609,-1.5971306130,1.6672559193
0.78921602,-1.5976306486,1.6670934736
0.78951595,-1.5981306356,1.6669311244
0.78981588,-1.5986305739,1.6667688715
0.79011581,-1.5991304636,1.6666067150
0.79041574,-1.5996303046,1.6664446548
0.79071567,-1.6001300970,1.6662826908
0.79101560,-1.6006298409,1.6661208231
0.79131553,-1.6011295363,1.6659590517
0.79161546,-1.6016291831,1.6657973764
0.79191539,-1.6021287814,1.6656357973
0.79221532,-1.6026283314,1.6654743143
0.79251525,-1.6031278328,1.6653129274
0.79281518,-1.6036272859,1.6651516366
0.79311511,-1.6041266907,1.6649904418
0.79341504,-1.6046260471,1.6648293431
0.79371497,-1.6051253552,1.6646683403
0.79401490,-1.6056246150,1.6645074334
0.79431483,-1.6061238266,1.6643466225
0.79461476,-1.6066229900,1.6641859075
0.79491469,-1.6071221051,1.6640252883
0.79521462,-1.6076211721,1.6638647650
0.79551455,-1.6081201910,1.6637043375
0.79581448,-1.6086191618,1.6635440057
0.79611441,-1.6091180845,1.6633837697
0.79641434,-1.6096169592,1.6632236294
0.79671427,-1.6101157858,1.6630635848
0.79701420,-1.6106145645,1.6629036358
0.79731413,-1.6111132952,1.6627437824
0.79761406,-1.6116119779,1.6625840247
0.79791399,-1.6121106128,1.6624243625
0.79821392,-1.6126091998,1.6622647958
0.79851385,-1.6131077389,1.6621053246
0.79881378,-1.6136062303,1.6619459489
0.79911371,-1.6141046738,1.6617866687
0.79941364,-1.6146030696,1.6616274839
0.79971357,-1.6151014176,1.6614683944
0.80001350,-1.6155997180,1.6613094003
0.80031343,-1.6160979707,1.6611505015
0.80061336,-1.6165961757,1.6609916980
0.80091329,-1.6170943331,1.6608329898
0.80121322,-1.6175924430,1.6606743768
0.80151315,-1.6180905052,1.6605158590
0.80181308,-1.6185885200,1.6603574364
0.80211301,-1.6190864872,1.6601991090
0.80241294,-1.6195844070,1.6600408766
0.80271287,-1.6200822793,1.6598827394
0.80301280,-1.6205801042,1.6597246971
0.80331273,-1.6210778818,1.6595667500
0.80361266,-1.6215756119,1.6594088978
0.80391259,-1.6220732948,1.6592511406
0.80421252,-1.6225709303,1.6590934783
0.80451245,-1.6230685185,1.6589359109
0.80481238,-1.6235660596,1.6587784384
0.80511231,-1.6240635534,1.6586210608
0.80541224,-1.6245610000,1.6584637779
0.80571217,-1.6250583994,1.6583065899
0.80601210,-1.6255557517,1.6581494966
0.80631203,-1.6260530570,1.6579924980
0.80661196,-1.6265503151,1.6578355942
0.80691189,-1.6270475262,1.6576787850
0.80721182,-1.6275446903,1.6575220705
0.80751175,-1.6280418074,1.6573654505
0.80781168,-1.6285388775,1.6572089252
0.80811161,-1.6290359007,1.6570524944
0.80841154,-1.6295328770,1.6568961581
0.80871147,-1.6300298064,1.6567399163
0.80901140,-1.6305266890,1.6565837690
0.80931133,-1.6310235247,1.6564277161
0.80961126,-1.6315203137,1.6562717576
0.80991119,-1.6320170559,1.6561158935
0.81021112,-1.6325137513,1.6559601237
0.81051105,-1.6330104001,1.6558044483
0.81081098,-1.6335070021,1.6556488671
0.81111091,-1.6340035576,1.6554933802
0.81141084,-1.6345000664,1.6553379875
0.81171077,-1.6349965286,1.6551826891
0.81201070,-1.6354929442,1.6550274847
0.81231063,-1.6359893134,1.6548723746
0.81261056,-1.6364856360,1.6547173585
0.81291049,-1.6369819121,1.6545624365
0.81321042,-1.6374781418,1.6544076086
0.81351035,-1.6379743250,1.6542528746
0.81381028,-1.6384704619,1.6540982347
0.81411021,-1.6389665524,1.6539436887
0.81441014,-1.6394625965,1.6537892367
0.81471007,-1.6399585944,1.6536348786
0.81501000,-1.6404545459,1.6534806143
0.81530993,-1.6409504512,1.6533264439
0.81560986,-1.6414463103,1.6531723673
0.81590979,-1.6419421232,1.6530183845
0.81620972,-1.6424378899,1.6528644954
0.81650965,-1.6429336104,1.6527107001
0.81680958,-1.6434292849,1.6525569984
0.81710951,-1.6439249133,1.6524033905
0.81740944,-1.6444204956,1.6522498761
0.81770937,-1.6449160318,1.6520964554
0.81800930,-1.6454115221,1.6519431283
0.81830923,-1.6459069664,1.6517898947
0.81860916,-1.6464023648,1.6516367546
0.81890909,-1.6468977172,1.6514837080
0.81920902,-1.6473930238,1.6513307549
0.81950895,-1.6478882845,1.6511778952
0.81980888,-1.6483834993,1.6510251289
0.82010881,-1.6488786684,1.6508724560
0.82040874,-1.6493737917,1.6507198765
0.82070867,-1.6498688692,1.6505673902
0.82100860,-1.6503639010,1.6504149972
0.82130853,-1.6508588871,1.6502626975
0.82160846,-1.6513538275,1.6501104911
0.82190839,-1.6518487224,1.6499583778
0.82220832,-1.6523435716,1.6498063577
0.82250825,-1.6528383752,1.6496544307
0.82280818,-1.6533331332,1.6495025968
0.82310811,-1.6538278458,1.6493508561
0.82340804,-1.6543225128,1.6491992083
0.82370797,-1.6548171344,1.6490476536
0.82400790,-1.6553117105,1.6488961919
0.82430783,-1.6558062412,1.6487448232
0.82460776,-1.6563007266,1.6485935474
0.82490769,-1.6567951665,1.6484423645
0.82520762,-1.6572895612,1.6482912744
0.82550755,-1.6577839105,1.6481402772
0.82580748,-1.6582782146,1.6479893729
0.82610741,-1.6587724734,1.6478385613
0.82640734,-1.6592666870,1.6476878425
0.82670727,-1.6597608554,1.6475372164
0.82700720,-1.6602549787,1.6473866830
0.82730713,-1.6607490568,1.6472362423
0.82760706,-1.6612430898,1.6470858943
0.82790699,-1.6617370777,1.6469356388
0.82820692,-1.6622310206,1.6467854760
0.82850685,-1.6627249184,1.6466354056
0.82880678,-1.6632187712,1.6464854279
0.82910671,-1.6637125791,1.6463355426
0.82940664,-1.6642063421,1.6461857498
0.82970657,-1.6647000601,1.6460360494
0.83000650,-1.6651937332,1.6458864414
0.83030643,-1.6656873615,1.6457369258
0.83060636,-1.6661809450,1.6455875026
0.83090629,-1.6666744836,1.6454381717
0.83120622,-1.6671679775,1.6452889331
0.83150615,-1.6676614266,1.6451397867
0.83180608,-1.6681548310,1.6449907326
0.83210601,-1.6686481907,1.6448417707
0.83240594,-1.6691415058,1.6446929010
0.83270587,-1.6696347762,1.6445441234
0.83300580,-1.6701280020,1.6443954379
0.83330573,-1.6706211832,1.6442468446
0.83360566,-1.6711143199,1.6440983433
0.83390559,-1.6716074120,1.6439499340
0.83420552,-1.6721004597,1.6438016167
0.83450545,-1.6725934628,1.6436533914
0.83480538,-1.6730864216,1.6435052581
0.83510531,-1.6735793359,1.6433572166
0.83540524,-1.6740722058,1.6432092671
0.83570517,-1.6745650314,1.6430614094
0.83600510,-1.6750578126,1.6429136435
0.83630503,-1.6755505495,1.6427659695
0.83660496,-1.6760432422,1.6426183872
0.83690489,-1.6765358905,1.6424708966
0.83720482,-1.6770284947,1.6423234978
0.83750475,-1.6775210547,1.6421761906
0.83780468,-1.6780135705,1.6420289751
0.83810461,-1.6785060422,1.6418818513
0.83840454,-1.6789984697,1.6417348190
0.83870447,-1.6794908532,1.6415878783
0.83900440,-1.6799831926,1.6414410291
0.83930433,-1.6804754880,1.6412942715
0.83960426,-1.6809677394,1.6411476053
0.83990419,-1.6814599468,1.6410010306
0.84020412,-1.6819521102,1.6408545473
0.84050405,-1.6824442298,1.6407081554
0.84080398,-1.6829363054,1.6405618549
0.84110391,-1.6834283372,1.6404156457
0.84140384,-1.6839203251,1.6402695278
0.84170377,-1.6844122692,1.6401235012
0.84200370,-1.6849041696,1.6399775658
0.84230363,-1.6853960261,1.6398317217
0.84260356,-1.6858878390,1.6396859688
0.84290349,-1.6863796082,1.6395403070
0.84320342,-1.6868713336,1.6393947363
0.84350335,-1.6873630155,1.6392492568
0.84380328,-1.6878546537,1.6391038683
0.84410321,-1.6883462483,1.6389585709
0.84440314,-1.6888377993,1.6388133645
0.84470307,-1.6893293068,1.6386682491
0.84500300,-1.6898207708,1.6385232247
0.84530293,-1.6903121914,1.6383782912
0.84560286,-1.6908035684,1.6382334486
0.84590279,-1.6912949021,1.6380886969
0.84620272,-1.6917861923,1.6379440360
0.84650265,-1.6922774391,1.6377994659
0.84680258,-1.6927686426,1.6376549866
0.84710251,-1.6932598028,1.6375105981
0.84740244,-1.6937509197,1.6373663003
0.84770237,-1.6942419934,1.6372220933
0.84800230,-1.6947330238,1.6370779769
0.84830223,-1.6952240109,1.6369339511
0.84860216,-1.6957149549,1.6367900160
0.84890209,-1.6962058558,1.6366461714
0.84920202,-1.6966967135,1.6365024174
0.84950195,-1.6971875281,1.6363587539
0.84980188,-1.6976782996,1.6362151809
0.85010181,-1.6981690281,1.6360716984
0.85040174,-1.6986597136,1.6359283064
0.85070167,-1.6991503560,1.6357850048
0.85100160,-1.6996409555,1.6356417935
0.85130153,-1.7001315121,1.6354986726
0.85160146,-1.7006220257,1.6353556420
0.85190139,-1.7011124965,1.6352127018
0.85220132,-1.7016029244,1.6350698518
0.85250125,-1.7020933095,1.6349270920
0.85280118,-1.7025836518,1.6347844225
0.85310111,-1.7030739513,1.6346418431
0.85340104,-1.7035642080,1.6344993539
0.85370097,-1.7040544220,1.6343569548
0.85400090,-1.7045445933,1.6342146458
0.85430083,-1.7050347220,1.6340724269
0.85460076,-1.7055248080,1.6339302980
0.85490069,-1.7060148514,1.6337882592
0.85520062,-1.7065048522,1.6336463103
0.85550055,-1.7069948104,1.6335044514
0.85580048,-1.7074847262,1.6333626824
0.85610041,-1.7079745994,1.6332210033
0.85640034,-1.7084644301,1.6330794141
0.85670027,-1.7089542184,1.6329379147
0.85700020,-1.7094439642,1.6327965051
0.85730013,-1.7099336676,1.6326551853
0.85760006,-1.7104233287,1.6325139553
0.85789999,-1.7109129474,1.6323728150
0.85819992,-1.7114025238,1.6322317644
0.85849985,-1.7118920580,1.6320908034
0.85879978,-1.7123815498,1.6319499321
0.85909971,-1.7128709994,1.6318091504
0.85939964,-1.7133604068,1.6316684583
0.85969957,-1.7138497720,1.6315278557
0.85999950,-1.7143390951,1.6313873427
0.86029943,-1.7148283760,1.6312469191
0.86059936,-1.7153176149,1.6311065851
0.86089929,-1.7158068116,1.6309663404
0.86119922,-1.7162959663,1.6308261852
0.86149915,-1.7167850790,1.6306861193
0.86179908,-1.7172741497,1.6305461428
0.86209901,-1.7177631784,1.6304062557
0.86239894,-1.7182521651,1.6302664578
0.86269887,-1.7187411100,1.6301267492
0.86299880,-1.7192300129,1.6299871298
0.86329873,-1.7197188740,1.6298475997
0.86359866,-1.7202076933,1.6297081587
0.86389859,-1.7206964708,1.6295688069
0.86419852,-1.7211852064,1.6294295442
0.86449845,-1.7216739003,1.6292903706
0.86479838,-1.7221625525,1.6291512860
0.86509831,-1.7226511630,1.6290122905
0.86539824,-1.7231397318,1.6288733840
0.86569817,-1.7236282590,1.6287345665
0.86599810,-1.7241167445,1.6285958380
0.86629803,-1.7246051884,1.6284571983
0.86659796,-1.7250935908,1.6283186476
0.86689789,-1.7255819516,1.6281801857
0.86719782,-1.7260702710,1.6280418127
0.86749775,-1.7265585488,1.6279035285
0.86779768,-1.7270467851,1.6277653330
0.86809761,-1.7275349801,1.6276272263
0.86839754,-1.7280231336,1.6274892084
0.86869747,-1.7285112457,1.6273512791
0.86899740,-1.7289993165,1.6272134385
0.86929733,-1.7294873460,1.6270756865
0.86959726,-1.7299753341,1.6269380232
0.86989719,-1.7304632810,1.6268004484
0.87019712,-1.7309511866,1.6266629622
0.87049705,-1.7314390510,1.6265255645
0.87079698,-1.7319268742,1.6263882553
0.87109691,-1.7324146562,1.6262510345
0.87139684,-1.7329023971,1.6261139022
0.87169677,-1.7333900969,1.6259768583
0.87199670,-1.7338777556,1.6258399028
0.87229663,-1.7343653732,1.6257030357
0.87259656,-1.7348529498,1.6255662569
0.87289649,-1.7353404854,1.6254295663
0.87319642,-1.7358279799,1.6252929641
0.87349635,-1.7363154336,1.6251564500
0.87379628,-1.7368028463,1.6250200242
0.87409621,-1.7372902181,1.6248836866
0.87439614,-1.7377775490,1.6247474371
0.87469607,-1.7382648390,1.6246112758
0.87499600,-1.7387520883,1.6244752025
0.87529593,-1.7392392967,1.6243392173
0.87559586,-1.7397264644,1.6242033202
0.87589579,-1.7402135913,1.6240675110
0.87619572,-1.7407006775,1.6239317899
0.87649565,-1.7411877230,1.6237961567
0.87679558,-1.7416747278,1.6236606114
0.87709551,-1.7421616920,1.6235251540
0.87739544,-1.7426486156,1.6233897845
0.87769537,-1.7431354986,1.6232545028
0.87799530,-1.7436223410,1.6231193089
0.87829523,-1.7441091429,1.6229842029
0.87859516,-1.7445959043,1.6228491845
0.87889509,-1.7450826252,1.6227142539
0.87919502,-1.7455693057,1.6225794111
0.87949495,-1.7460559457,1.6224446558
0.87979488,-1.7465425453,1.6223099882
0.88009481,-1.7470291045,1.6221754083
0.88039474,-1.7475156234,1.6220409159
0.88069467,-1.7480021020,1.6219065110
0.88099460,-1.7484885402,1.6217721937
0.88129453,-1.7489749382,1.6216379639
0.88159446,-1.7494612959,1.6215038216
0.88189439,-1.7499476135,1.6213697667
0.88219432,-1.7504338908,1.6212357992
0.88249425,-1.7509201279,1.6211019191
0.88279418,-1.7514063250,1.6209681263
0.88309411,-1.7518924819,1.6208344209
0.88339404,-1.7523785987,1.6207008028
0.88369397,-1.7528646754,1.6205672720
0.88399390,-1.7533507121,1.6204338284
0.88429383,-1.7538367088,1.6203004720
0.88459376,-1.7543226656,1.6201672028
0.88489369,-1.7548085823,1.6200340207
0.88519362,-1.7552944591,1.6199009258
0.88549355,-1.7557802961,1.6197679180
0.88579348,-1.7562660931,1.6196349972
0.88609341,-1.7567518503,1.6195021635
0.88639334,-1.7572375676,1.6193694169
0.88669327,-1.7577232452,1.6192367572
0.88699320,-1.7582088830,1.6191041844
0.88729313,-1.7586944810,1.6189716986
0.88759306,-1.7591800393,1.6188392997
0.88789299,-1.7596655579,1.6187069877
0.88819292,-1.7601510369,1.6185747625
0.88849285,-1.7606364762,1.6184426241
0.88879278,-1.7611218758,1.6183105725
0.88909271,-1.7616072359,1.6181786077
0.88939264,-1.7620925564,1.6180467296
0.88969257,-1.7625778374,1.6179149382
0.88999250,-1.7630630789,1.6177832335
0.89029243,-1.7635482808,1.6176516154
0.89059236,-1.7640334434,1.6175200840
0.89089229,-1.7645185664,1.6173886391
0.89119222,-1.7650036501,1.6172572808
0.89149215,-1.7654886943,1.6171260091
0.89179208,-1.7659736993,1.6169948238
0.89209201,-1.7664586648,1.6168637250
0.89239194,-1.7669435911,1.6167327127
0.89269187,-1.7674284781,1.6166017868
0.89299180,-1.7679133258,1.6164709472
0.89329173,-1.7683981343,1.6163401941
0.89359166,-1.7688829036,1.6162095272
0.89389159,-1.7693676338,1.6160789467
0.89419152,-1.7698523247,1.6159484525
0.89449145,-1.7703369766,1.6158180445
0.89479138,-1.7708215893,1.6156877227
0.89509131,-1.7713061630,1.6155574871
0.89539124,-1.7717906976,1.6154273377
0.89569117,-1.7722751932,1.6152972744
0.89599110,-1.7727596498,1.6151672972
0.89629103,-1.7732440675,1.6150374061
0.89659096,-1.7737284461,1.6149076011
0.89689089,-1.7742127859,1.6147778820
0.89719082,-1.7746970868,1.6146482490
0.89749075,-1.7751813488,1.6145187019
0.89779068,-1.7756655719,1.6143892408
0.89809061,-1.7761497563,1.6142598656
0.89839054,-1.7766339018,1.6141305762
0.89869047,-1.7771180086,1.6140013727
0.89899040,-1.7776020767,1.6138722551
0.89929033,-1.7780861060,1.6137432232
0.89959026,-1.7785700967,1.6136142771
0.89989019,-1.7790540487,1.6134854167
0.90019012,-1.7795379620,1.6133566421
0.90049005,-1.7800218367,1.6132279531
0.90078998,-1.7805056729,1.6130993498
0.90108991,-1.7809894705,1.6129708321
0.90138984,-1.7814732296,1.6128424000
0.90168977,-1.7819569501,1.6127140534
0.90198970,-1.7824406322,1.6125857925
0.90228963,-1.7829242758,1.6124576170
0.90258956,-1.7834078810,1.6123295270
0.90288949,-1.7838914478,1.6122015224
0.90318942,-1.7843749762,1.6120736033
0.90348935,-1.7848584662,1.6119457696
0.90378928,-1.7853419179,1.6118180213
0.90408921,-1.7858253314,1.6116903583
0.90438914,-1.7863087065,1.6115627806
0.90468907,-1.7867920434,1.6114352882
0.90498900,-1.7872753421,1.6113078810
0.90528893,-1.7877586025,1.6111805591
0.90558886,-1.7882418248,1.6110533224
0.90588879,-1.7887250089,1.6109261709
0.90618872,-1.7892081550,1.6107991045
0.90648865,-1.7896912629,1.6106721232
0.90678858,-1.7901743327,1.6105452270
0.90708851,-1.7906573645,1.6104184158
0.90738844,-1.7911403583,1.6102916897
0.90768837,-1.7916233141,1.6101650486
0.90798830,-1.7921062319,1.6100384925
0.90828823,-1.7925891117,1.6099120213
0.90858816,-1.7930719537,1.6097856350
0.90888809,-1.7935547577,1.6096593336
0.90918802,-1.7940375239,1.6095331171
0.90948795,-1.7945202522,1.6094069854
0.90978788,-1.7950029427,1.6092809386
0.91008781,-1.7954855955,1.6091549764
0.91038774,-1.7959682104,1.6090290991
0.91068767,-1.7964507876,1.6089033064
0.91098760,-1.7969333271,1.6087775985
0.91128753,-1.7974158289,1.6086519752
0.91158746,-1.7978982931,1.6085264365
0.91188739,-1.7983807196,1.6084009825
0.91218732,-1.7988631085,1.6082756130
0.91248725,-1.7993454598,1.6081503281
0.91278718,-1.7998277735,1.6080251277
0.91308711,-1.8003100497,1.6079000118
0.91338704,-1.8007922884,1.6077749803
0.91368697,-1.8012744896,1.6076500333
0.91398690,-1.8017566533,1.6075251707
0.91428683,-1.8022387796,1.6074003925
0.91458676,-1.8027208685,1.6072756986
0.91488669,-1.8032029200,1.6071510890
0.91518662,-1.8036849341,1.6070265638
0.91548655,-1.8041669109,1.6069021228
0.91578648,-1.8046488504,1.6067777660
0.91608641,-1.8051307526,1.6066534935
0.91638634,-1.8056126176,1.6065293051
0.91668627,-1.8060944453,1.6064052009
0.91698620,-1.8065762358,1.6062811808
0.91728613,-1.8070579891,1.6061572448
0.91758606,-1.8075397052,1.6060333929
0.91788599,-1.8080213842,1.6059096250
0.91818592,-1.8085030261,1.6057859411
0.91848585,-1.8089846310,1.6056623412
0.91878578,-1.8094661987,1.6055388253
0.91908571,-1.8099477295,1.6054153933
0.91938564,-1.8104292232,1.6052920451
0.91968557,-1.8109106799,1.6051687809
0.91998550,-1.8113920997,1.6050456005
0.92028543,-1.8118734826,1.6049225039
0.92058536,-1.8123548285,1.6047994911
0.92088529,-1.8128361376,1.6046765620
0.92118522,-1.8133174098,1.6045537167
0.92148515,-1.8137986451,1.6044309551
0.92178508,-1.8142798437,1.6043082771
0.92208501,-1.8147610055,1.6041856828
0.92238494,-1.8152421305,1.6040631721
0.92268487,-1.8157232188,1.6039407450
0.92298480,-1.8162042704,1.6038184015
0.92328473,-1.8166852853,1.6036961414
0.92358466,-1.8171662635,1.6035739649
0.92388459,-1.8176472051,1.6034518719
0.92418452,-1.8181281101,1.6033298623
0.92448445,-1.8186089785,1.6032079361
0.92478438,-1.8190898104,1.6030860933
0.92508431,-1.8195706058,1.6029643338
0.92538424,-1.8200513646,1.6028426577
0.92568417,-1.8205320869,1.6027210649
0.92598410,-1.8210127728,1.6025995554
0.92628403,-1.8214934223,1.6024781291
0.92658396,-1.8219740353,1.6023567860
0.92688389,-1.8224546120,1.6022355262
0.92718382,-1.8229351523,1.6021143495
0.92748375,-1.8234156563,1.6019932559
0.92778368,-1.8238961240,1.6018722454
0.92808361,-1.8243765553,1.6017513180
0.92838354,-1.8248569505,1.6016304736
0.92868347,-1.8253373094,1.6015097123
0.92898340,-1.8258176321,1.6013890340
0.92928333,-1.8262979186,1.6012684386
0.92958326,-1.8267781689,1.6011479262
0.92988319,-1.8272583832,1.6010274966
0.93018312,-1.8277385613,1.6009071500
0.93048305,-1.8282187033,1.6007868862
0.93078298,-1.8286988093,1.6006667052
0.93108291,-1.8291788792,1.6005466070
0.93138284,-1.8296589131,1.6004265916
0.93168277,-1.8301389111,1.6003066589
0.93198270,-1.8306188731,1.6001868089
0.93228263,-1.8310987991,1.6000670416
0.93258256,-1.8315786893,1.5999473569
0.93288249,-1.8320585435,1.5998277549
0.93318242,-1.8325383619,1.5997082355
0.93348235,-1.8330181445,1.5995887986
0.93378228,-1.8334978912,1.5994694443
0.93408221,-1.8339776022,1.5993501725
0.93438214,-1.8344572774,1.5992309831
0.93468207,-1.8349369169,1.5991118762
0.93498200,-1.8354165206,1.5989928518
0.93528193,-1.8358960887,1.5988739097
0.93558186,-1.8363756211,1.5987550500
0.93588179,-1.8368551179,1.5986362727
0.93618172,-1.8373345790,1.5985175776
0.93648165,-1.8378140046,1.5983989649
0.93678158,-1.8382933946,1.5982804344
0.93708151,-1.8387727491,1.5981619861
0.93738144,-1.8392520680,1.5980436200
0.93768137,-1.8397313515,1.5979253361
0.93798130,-1.8402105995,1.5978071343
0.93828123,-1.8406898121,1.5976890147
0.93858116,-1.8411689892,1.5975709771
0.93888109,-1.8416481310,1.5974530216
0.93918102,-1.8421272374,1.5973351481
0.93948095,-1.8426063084,1.5972173566
0.93978088,-1.8430853442,1.5970996471
0.94008081,-1.8435643446,1.5969820195
0.94038074,-1.8440433098,1.5968644739
0.94068067,-1.8445222397,1.5967470101
0.94098060,-1.8450011344,1.5966296282
0.94128053,-1.8454799939,1.5965123281
0.94158046,-1.8459588183,1.5963951098
0.94188039,-1.8464376075,1.5962779733
0.94218032,-1.8469163615,1.5961609186
0.94248025,-1.8473950805,1.5960439455
0.94278018,-1.8478737644,1.5959270542
0.94308011,-1.8483524133,1.5958102445
0.94338004,-1.8488310272,1.5956935164
0.94367997,-1.8493096060,1.5955768699
0.94397990,-1.8497881499,1.5954603050
0.94427983,-1.8502666588,1.5953438217
0.94457976,-1.8507451328,1.5952274199
0.94487969,-1.8512235719,1.5951110995
0.94517962,-1.8517019761,1.5949948606
0.94547955,-1.8521803455,1.5948787032
0.94577948,-1.8526586800,1.5947626272
0.94607941,-1.8531369798,1.5946466325
0.94637934,-1.8536152447,1.5945307192
0.94667927,-1.8540934750,1.5944148872
0.94697920,-1.8545716704,1.5942991365
0.94727913,-1.8550498312,1.5941834670
0.94757906,-1.8555279573,1.5940678788
0.94787899,-1.8560060487,1.5939523718
0.94817892,-1.8564841056,1.5938369460
0.94847885,-1.8569621278,1.5937216013
0.94877878,-1.8574401154,1.5936063377
0.94907871,-1.8579180684,1.5934911552
0.94937864,-1.8583959870,1.5933760538
0.94967857,-1.8588738710,1.5932610335
0.94997850,-1.8593517205,1.5931460941
0.95027843,-1.8598295356,1.5930312357
0.95057836,-1.8603073162,1.5929164583
0.95087829,-1.8607850624,1.5928017617
0.95117822,-1.8612627742,1.5926871461
0.95147815,-1.8617404517,1.5925726114
0.95177808,-1.8622180948,1.5924581574
0.95207801,-1.8626957036,1.5923437843
0.95237794,-1.8631732781,1.5922294920
0.95267787,-1.8636508184,1.5921152804
0.95297780,-1.8641283244,1.5920011495
0.95327773,-1.8646057962,1.5918870994
0.95357766,-1.8650832338,1.5917731299
0.95387759,-1.8655606372,1.5916592410
0.95417752,-1.8660380064,1.5915454327
0.95447745,-1.8665153416,1.5914317051
0.95477738,-1.8669926427,1.5913180579
0.95507731,-1.8674699096,1.5912044913
0.95537724,-1.8679471426,1.5910910052
0.95567717,-1.8684243415,1.5909775996
0.95597710,-1.8689015064,1.5908642744
0.95627703,-1.8693786373,1.5907510296
0.95657696,-1.8698557342,1.5906378652
0.95687689,-1.8703327973,1.5905247811
0.95717682,-1.8708098264,1.5904117774
0.95747675,-1.8712868217,1.5902988539
0.95777668,-1.8717637831,1.5901860108
0.95807661,-1.8722407106,1.5900732478
0.95837654,-1.8727176044,1.5899605651
0.95867647,-1.8731944644,1.5898479626
0.95897640,-1.8736712906,1.5897354402
0.95927633,-1.8741480830,1.5896229979
0.95957626,-1.8746248418,1.5895106358
0.95987619,-1.8751015669,1.5893983537
0.96017612,-1.8755782583,1.5892861516
0.96047605,-1.8760549160,1.5891740296
0.96077598,-1.8765315402,1.5890619875
0.96107591,-1.8770081307,1.5889500254
0.96137584,-1.8774846877,1.5888381432
0.96167577,-1.8779612112,1.5887263409
0.96197570,-1.8784377011,1.5886146185
0.96227563,-1.8789141575,1.5885029760
0.96257556,-1.8793905804,1.5883914132
0.96287549,-1.8798669699,1.5882799302
0.96317542,-1.8803433260,1.5881685270
0.96347535,-1.8808196487,1.5880572035
0.96377528,-1.8812959380,1.5879459597
0.96407521,-1.8817721939,1.5878347956
0.96437514,-1.8822484166,1.5877237111
0.96467507,-1.8827246059,1.5876127062
0.96497500,-1.8832007619,1.5875017809
0.96527493,-1.8836768847,1.5873909352
0.96557486,-1.8841529742,1.5872801690
0.96587479,-1.8846290305,1.5871694822
0.96617472,-1.8851050537,1.5870588750
0.96647465,-1.8855810436,1.5869483472
0.96677458,-1.8860570005,1.5868378988
0.96707451,-1.8865329242,1.5867275298
0.96737444,-1.8870088148,1.5866172402
0.96767437,-1.8874846724,1.5865070299
0.96797430,-1.8879604969,1.5863968988
0.96827423,-1.8884362884,1.5862868471
0.96857416,-1.8889120469,1.5861768746
0.96887409,-1.8893877724,1.5860669813
0.96917402,-1.8898634650,1.5859571672
0.96947395,-1.8903391247,1.5858474322
0.96977388,-1.8908147514,1.5857377764
0.97007381,-1.8912903453,1.5856281997
0.97037374,-1.8917659064,1.5855187020
0.97067367,-1.8922414346,1.5854092834
0.97097360,-1.8927169299,1.5852999438
0.97127353,-1.8931923926,1.5851906832
0.97157346,-1.8936678224,1.5850815015
0.97187339,-1.8941432195,1.5849723988
0.97217332,-1.8946185839,1.5848633750
0.97247325,-1.8950939156,1.5847544300
0.97277318,-1.8955692147,1.5846455639
0.97307311,-1.8960444811,1.5845367766
0.97337304,-1.8965197149,1.5844280681
0.97367297,-1.8969949161,1.5843194383
0.97397290,-1.8974700847,1.5842108873
0.97427283,-1.8979452208,1.5841024149
0.97457276,-1.8984203244,1.5839940213
0.97487269,-1.8988953955,1.5838857062
0.97517262,-1.8993704341,1.5837774698
0.97547255,-1.8998454402,1.5836693120
0.97577248,-1.9003204139,1.5835612327
0.97607241,-1.9007953552,1.5834532320
0.97637234,-1.9012702641,1.5833453097
0.97667227,-1.9017451407,1.5832374660
0.97697220,-1.9022199849,1.5831297006
0.97727213,-1.9026947969,1.5830220137
0.97757206,-1.9031695765,1.5829144052
0.97787199,-1.9036443239,1.5828068750
0.97817192,-1.9041190390,1.5826994232
0.97847185,-1.9045937219,1.5825920496
0.97877178,-1.9050683727,1.5824847543
0.97907171,-1.9055429912,1.5823775373
0.97937164,-1.9060175776,1.5822703985
0.97967157,-1.9064921319,1.5821633378
0.97997150,-1.9069666541,1.5820563554
0.98027143,-1.9074411442,1.5819494510
0.98057136,-1.9079156023,1.5818426247
0.98087129,-1.9083900283,1.5817358765
0.98117122,-1.9088644223,1.5816292064
0.98147115,-1.9093387844,1.5815226143
0.98177108,-1.9098131145,1.5814161001
0.98207101,-1.9102874126,1.5813096639
0.98237094,-1.9107616789,1.5812033056
0.98267087,-1.9112359132,1.5810970253
0.98297080,-1.9117101157,1.5809908228
0.98327073,-1.9121842864,1.5808846981
0.98357066,-1.9126584252,1.5807786513
0.98387059,-1.9131325322,1.5806726822
0.98417052,-1.9136066075,1.5805667909
0.98447045,-1.9140806510,1.5804609773
0.98477038,-1.9145546628,1.5803552414
0.98507031,-1.9150286429,1.5802495832
0.98537024,-1.9155025913,1.5801440026
0.98567017,-1.9159765080,1.5800384996
0.98597010,-1.9164503931,1.5799330742
0.98627003,-1.9169242467,1.5798277264
0.98656996,-1.9173980686,1.5797224561
0.98686989,-1.9178718589,1.5796172633
0.98716982,-1.9183456178,1.5795121479
0.98746975,-1.9188193451,1.5794071100
0.98776968,-1.9192930409,1.5793021495
0.98806961,-1.9197667052,1.5791972664
0.98836954,-1.9202403381,1.5790924607
0.98866947,-1.9207139396,1.5789877322
0.98896940,-1.9211875097,1.5788830811
0.98926933,-1.9216610484,1.5787785072
0.98956926,-1.9221345558,1.5786740106
0.98986919,-1.9226080318,1.5785695911
0.99016912,-1.9230814765,1.5784652489
0.99046905,-1.9235548899,1.5783609838
0.99076898,-1.9240282721,1.5782567958
0.99106891,-1.9245016230,1.5781526849
0.99136884,-1.9249749427,1.5780486511
0.99166877,-1.9254482313,1.5779446943
0.99196870,-1.9259214886,1.5778408146
0.99226863,-1.9263947148,1.5777370118
0.99256856,-1.9268679099,1.5776332859
0.99286849,-1.9273410739,1.5775296370
0.99316842,-1.9278142068,1.5774260650
0.99346835,-1.9282873087,1.5773225698
0.99376828,-1.9287603795,1.5772191515
0.99406821,-1.9292334193,1.5771158100
0.99436814,-1.9297064282,1.5770125452
0.99466807,-1.9301794061,1.5769093572
0.99496800,-1.9306523530,1.5768062460
0.99526793,-1.9311252690,1.5767032114
0.99556786,-1.9315981542,1.5766002534
0.99586779,-1.9320710084,1.5764973722
0.99616772,-1.9325438319,1.5763945675
0.99646765,-1.9330166245,1.5762918394
0.99676758,-1.9334893863,1.5761891878
0.99706751,-1.9339621173,1.5760866128
0.99736744,-1.9344348176,1.5759841142
0.99766737,-1.9349074871,1.5758816921
0.99796730,-1.9353801259,1.5757793465
0.99826723,-1.9358527341,1.5756770772
0.99856716,-1.9363253116,1.5755748843
0.99886709,-1.9367978584,1.5754727678
0.99916702,-1.9372703746,1.5753707275
0.99946695,-1.9377428603,1.5752687636
0.99976688,-1.9382153153,1.5751668759
1.00006681,-1.9386877398,1.5750650645
1.00036674,-1.9391601338,1.5749633292
1.00066667,-1.9396324973,1.5748616702
1.00096660,-1.9401048303,1.5747600872
1.00126653,-1.9405771329,1.5746585804
1.00156646,-1.9410494050,1.5745571497
1.00186639,-1.9415216467,1.5744557950
1.00216632,-1.9419938580,1.5743545164
1.00246625,-1.9424660390,1.5742533137
1.00276618,-1.9429381896,1.5741521871
1.00306611,-1.9434103099,1.5740511363
1.00336604,-1.9438823999,1.5739501615
1.00366597,-1.9443544596,1.5738492626
1.00396590,-1.9448264891,1.5737484395
1.00426583,-1.9452984883,1.5736476922
1.00456576,-1.9457704574,1.5735470207
1.00486569,-1.9462423962,1.5734464250
1.00516562,-1.9467143049,1.5733459051
1.00546555,-1.9471861835,1.5732454608
1.00576548,-1.9476580319,1.5731450923
1.00606541,-1.9481298503,1.5730447994
1.00636534,-1.9486016386,1.5729445821
1.00666527,-1.9490733968,1.5728444404
1.00696520,-1.9495451250,1.5727443742
1.00726513,-1.9500168232,1.5726443836
1.00756506,-1.9504884915,1.5725444685
1.00786499,-1.9509601297,1.5724446289
1.00816492,-1.9514317381,1.5723448648
1.00846485,-1.9519033165,1.5722451760
1.00876478,-1.9523748650,1.5721455627
1.00906471,-1.9528463837,1.5720460247
1.00936464,-1.9533178725,1.5719465620
1.00966457,-1.9537893316,1.5718471747
1.00996450,-1.9542607608,1.5717478626
1.01026443,-1.9547321602,1.5716486258
1.01056436,-1.9552035299,1.5715494642
1.01086429,-1.9556748698,1.5714503777
1.01116422,-1.9561461801,1.5713513665
1.01146415,-1.9566174606,1.5712524303
1.01176408,-1.9570887115,1.5711535693
1.01206401,-1.9575599328,1.5710547833
1.01236394,-1.9580311244,1.5709560724
1.01266387,-1.9585022865,1.5708574365
1.01296380,-1.9589734190,1.5707588756
1.01326373,-1.9594445219,1.5706603896
1.01356366,-1.9599155953,1.5705619786
1.01386359,-1.9603866392,1.5704636425
1.01416352,-1.9608576536,1.5703653812
1.01446345,-1.9613286385,1.5702671948
1.01476338,-1.9617995940,1.5701690832
1.01506331,-1.9622705201,1.5700710463
1.01536324,-1.9627414168,1.5699730842
1.01566317,-1.9632122842,1.5698751969
1.01596310,-1.9636831222,1.5697773842
1.01626303,-1.9641539308,1.5696796462
1.01656296,-1.9646247102,1.5695819829
1.01686289,-1.9650954602,1.5694843941
1.01716282,-1.9655661810,1.5693868799
1.01746275,-1.9660368726,1.5692894403
1.01776268,-1.9665075350,1.5691920752
1.01806261,-1.9669781682,1.5690947846
1.01836254,-1.9674487722,1.5689975684
1.01866247,-1.9679193470,1.5689004267
1.01896240,-1.9683898928,1.5688033594
1.01926233,-1.9688604094,1.5687063665
1.01956226,-1.9693308969,1.5686094479
1.01986219,-1.9698013554,1.5685126036
1.02016212,-1.9702717849,1.5684158336
1.02046205,-1.9707421853,1.5683191378
1.02076198,-1.9712125568,1.5682225163
1.02106191,-1.9716828993,1.5681259690
1.02136184,-1.9721532128,1.5680294959
1.02166177,-1.9726234974,1.5679330969
1.02196170,-1.9730937531,1.5678367720
1.02226163,-1.9735639800,1.5677405212
1.02256156,-1.9740341779,1.5676443445
1.02286149,-1.9745043471,1.5675482418
1.02316142,-1.9749744874,1.5674522130
1.02346135,-1.9754445989,1.5673562583
1.02376128,-1.9759146817,1.5672603775
1.02406121,-1.9763847357,1.5671645705
1.02436114,-1.9768547610,1.5670688375
1.02466107,-1.9773247576,1.5669731783
1.02496100,-1.9777947255,1.5668775930
1.02526093,-1.9782646648,1.5667820814
1.02556086,-1.9787345754,1.5666866436
1.02586079,-1.9792044574,1.5665912795
1.02616072,-1.9796743108,1.5664959891
1.02646065,-1.9801441357,1.5664007724
1.02676058,-1.9806139320,1.5663056294
1.02706051,-1.9810836997,1.5662105600
1.02736044,-1.9815534390,1.5661155641
1.02766037,-1.9820231498,1.5660206418
1.02796030,-1.9824928321,1.5659257930
1.02826023,-1.9829624860,1.5658310178
1.02856016,-1.9834321115,1.5657363160
1.02886009,-1.9839017086,1.5656416876
1.02916002,-1.9843712773,1.5655471327
1.02945995,-1.9848408177,1.5654526511
1.02975988,-1.9853103297,1.5653582429
1.03005981,-1.9857798135,1.5652639080
1.03035974,-1.9862492689,1.5651696464
1.03065967,-1.9867186961,1.5650754581
1.03095960,-1.9871880950,1.5649813430
1.03125953,-1.9876574658,1.5648873011
1.03155946,-1.9881268083,1.5647933324
1.03185939,-1.9885961227,1.5646994368
1.03215932,-1.9890654089,1.5646056144
1.03245925,-1.9895346670,1.5645118650
1.03275918,-1.9900038970,1.5644181888
1.03305911,-1.9904730989,1.5643245855
1.03335904,-1.9909422727,1.5642310552
1.03365897,-1.9914114185,1.5641375979
1.03395890,-1.9918805362,1.5640442136
1.03425883,-1.9923496260,1.5639509021
1.03455876,-1.9928186878,1.5638576636
1.03485869,-1.9932877217,1.5637644979
1.03515862,-1.9937567276,1.5636714050
1.03545855,-1.9942257056,1.5635783849
1.03575848,-1.9946946557,1.5634854376
1.03605841,-1.9951635779,1.5633925630
1.03635834,-1.9956324723,1.5632997612
1.03665827,-1.9961013389,1.5632070320
1.03695820,-1.9965701777,1.5631143754
1.03725813,-1.9970389887,1.5630217915
1.03755806,-1.9975077719,1.5629292802
1.03785799,-1.9979765274,1.5628368414
1.03815792,-1.9984452552,1.5627444752
1.03845785,-1.9989139553,1.5626521814
1.03875778,-1.9993826277,1.5625599601
1.03905771,-1.9998512725,1.5624678113
1.03935764,-2.0003198896,1.5623757349
1.03965757,-2.0007884792,1.5622837309
1.03995750,-2.0012570411,1.5621917992
1.04025743,-2.0017255755,1.5620999398
1.04055736,-2.0021940824,1.5620081528
1.04085729,-2.0026625617,1.5619164380
1.04115722,-2.0031310135,1.5618247954
1.04145715,-2.0035994379,1.5617332251
1.04175708,-2.0040678348,1.5616417269
1.04205701,-2.0045362043,1.5615503009
1.04235694,-2.0050045463,1.5614589470
1.04265687,-2.0054728610,1.5613676652
1.04295680,-2.0059411483,1.5612764554
1.04325673,-2.0064094083,1.5611853177
1.04355666,-2.0068776409,1.5610942520
1.04385659,-2.0073458463,1.5610032582
1.04415652,-2.0078140243,1.5609123364
1.04445645,-2.0082821751,1.5608214865
1.04475638,-2.0087502987,1.5607307085
1.04505631,-2.0092183950,1.5606400024
1.04535624,-2.0096864642,1.5605493680
1.04565617,-2.0101545061,1.5604588055
1.04595610,-2.0106225210,1.5603683147
1.04625603,-2.0110905087,1.5602778956
1.04655596,-2.0115584692,1.5601875483
1.04685589,-2.0120264027,1.5600972726
1.04715582,-2.0124943092,1.5600070686
1.04745575,-2.0129621886,1.5599169362
1.04775568,-2.0134300409,1.5598268754
1.04805561,-2.0138978663,1.5597368861
1.04835554,-2.0143656647,1.5596469684
1.04865547,-2.0148334361,1.5595571222
1.04895540,-2.0153011806,1.5594673474
1.04925533,-2.0157688982,1.5593776441
1.04955526,-2.0162365888,1.5592880122
1.04985519,-2.0167042526,1.5591984516
1.05015512,-2.0171718896,1.5591089625
1.05045505,-2.0176394997,1.5590195446
1.05075498,-2.0181070830,1.5589301980
1.05105491,-2.0185746396,1.5588409227
1.05135484,-2.0190421693,1.5587517186
1.05165477,-2.0195096723,1.5586625858
1.05195470,-2.0199771486,1.5585735240
1.05225463,-2.0204445982,1.5584845335
1.05255456,-2.0209120212,1.5583956140
1.05285449,-2.0213794174,1.5583067657
1.05315442,-2.0218467870,1.5582179884
1.05345435,-2.0223141300,1.5581292821
1.05375428,-2.0227814464,1.5580406468
1.05405421,-2.0232487363,1.5579520824
1.05435414,-2.0237159996,1.5578635891
1.05465407,-2.0241832363,1.5577751666
1.05495400,-2.0246504465,1.5576868150
1.05525393,-2.0251176303,1.5575985342
1.05555386,-2.0255847876,1.5575103242
1.05585379,-2.0260519184,1.5574221851
1.05615372,-2.0265190228,1.5573341167
1.05645365,-2.0269861008,1.5572461190
1.05675358,-2.0274531525,1.5571581920
1.05705351,-2.0279201777,1.5570703357
1.05735344,-2.0283871767,1.5569825500
1.05765337,-2.0288541493,1.5568948349
1.05795330,-2.0293210956,1.5568071905
1.05825323,-2.0297880156,1.5567196165
1.05855316,-2.0302549094,1.5566321131
1.05885309,-2.0307217769,1.5565446802
1.05915302,-2.0311886182,1.5564573177
1.05945295,-2.0316554334,1.5563700256
1.05975288,-2.0321222223,1.5562828040
1.06005281,-2.0325889852,1.5561956527
1.06035274,-2.0330557218,1.5561085718
1.06065267,-2.0335224324,1.5560215612
1.06095260,-2.0339891169,1.5559346208
1.06125253,-2.0344557753,1.5558477507
1.06155246,-2.0349224077,1.5557609508
1.06185239,-2.0353890141,1.5556742212
1.06215232,-2.0358555944,1.5555875616
1.06245225,-2.0363221488,1.5555009723
1.06275218,-2.0367886772,1.5554144530
1.06305211,-2.0372551797,1.5553280038
1.06335204,-2.0377216563,1.5552416246
1.06365197,-2.0381881069,1.5551553154
1.06395190,-2.0386545317,1.5550690762
1.06425183,-2.0391209306,1.5549829070
1.06455176,-2.0395873037,1.5548968077
1.06485169,-2.0400536510,1.5548107783
1.06515162,-2.0405199725,1.5547248187
1.06545155,-2.0409862682,1.5546389290
1.06575148,-2.0414525382,1.5545531091
1.06605141,-2.0419187824,1.5544673590
1.06635134,-2.0423850010,1.5543816786
1.06665127,-2.0428511938,1.5542960679
1.06695120,-2.0433173610,1.5542105269
1.06725113,-2.0437835025,1.5541250555
1.06755106,-2.0442496184,1.5540396538
1.06785099,-2.0447157087,1.5539543217
1.06815092,-2.0451817734,1.5538690591
1.06845085,-2.0456478126,1.5537838661
1.06875078,-2.0461138262,1.5536987426
1.06905071,-2.0465798143,1.5536136885
1.06935064,-2.0470457769,1.5535287039
1.06965057,-2.0475117140,1.5534437887
1.06995050,-2.0479776257,1.5533589429
1.07025043,-2.0484435119,1.5532741664
1.07055036,-2.0489093727,1.5531894593
1.07085029,-2.0493752081,1.5531048214
1.07115022,-2.0498410181,1.5530202528
1.07145015,-2.0503068028,1.5529357535
1.07175008,-2.0507725621,1.5528513234
1.07205001,-2.0512382962,1.5527669624
1.07234993,-2.0517040049,1.5526826706
1.07264986,-2.0521696884,1.5525984479
1.07294979,-2.0526353466,1.5525142942
1.07324972,-2.0531009796,1.5524302097
1.07354965,-2.0535665874,1.5523461941
1.07384958,-2.0540321699,1.5522622475
1.07414951,-2.0544977274,1.5521783700
1.07444944,-2.0549632596,1.5520945613
1.07474937,-2.0554287668,1.5520108215
1.07504930,-2.0558942488,1.5519271507
1.07534923,-2.0563597058,1.5518435486
1.07564916,-2.0568251377,1.5517600154
1.07594909,-2.0572905445,1.5516765509
1.07624902,-2.0577559263,1.5515931553
1.07654895,-2.0582212832,1.5515098283
1.07684888,-2.0586866150,1.5514265700
1.07714881,-2.0591519219,1.5513433804
1.07744874,-2.0596172038,1.5512602594
1.07774867,-2.0600824608,1.5511772070
1.07804860,-2.0605476930,1.5510942232
1.07834853,-2.0610129002,1.5510113080
1.07864846,-2.0614780826,1.5509284612
1.07894839,-2.0619432401,1.5508456830
1.07924832,-2.0624083729,1.5507629731
1.07954825,-2.0628734808,1.5506803317
1.07984818,-2.0633385639,1.5505977587
1.08014811,-2.0638036223,1.5505152541
1.08044804,-2.0642686560,1.5504328178
1.08074797,-2.0647336649,1.5503504498
1.08104790,-2.0651986492,1.5502681500
1.08134783,-2.0656636088,1.5501859185
1.08164776,-2.0661285437,1.5501037552
1.08194769,-2.0665934540,1.5500216601
1.08224762,-2.0670583397,1.5499396332
1.08254755,-2.0675232008,1.5498576743
1.08284748,-2.0679880373,1.5497757836
1.08314741,-2.0684528492,1.5496939609
1.08344734,-2.0689176367,1.5496122062
1.08374727,-2.0693823996,1.5495305196
1.08404720,-2.0698471380,1.5494489009
1.08434713,-2.0703118520,1.5493673501
1.08464706,-2.0707765415,1.5492858673
1.08494699,-2.0712412066,1.5492044523
1.08524692,-2.0717058473,1.5491231052
1.08554685,-2.0721704636,1.5490418259
1.08584678,-2.0726350555,1.5489606144
1.08614671,-2.0730996230,1.5488794706
1.08644664,-2.0735641663,1.5487983946
1.08674657,-2.0740286852,1.5487173862
1.08704650,-2.0744931799,1.5486364455
1.08734643,-2.0749576503,1.5485555725
1.08764636,-2.0754220964,1.5484747671
1.08794629,-2.0758865183,1.5483940292
1.08824622,-2.0763509160,1.5483133589
1.08854615,-2.0768152895,1.5482327561
1.08884608,-2.0772796389,1.5481522208
1.08914601,-2.0777439641,1.5480717529
1.08944594,-2.0782082652,1.5479913525
1.08974587,-2.0786725422,1.5479110194
1.09004580,-2.0791367951,1.5478307538
1.09034573,-2.0796010239,1.5477505554
1.09064566,-2.0800652287,1.5476704244
1.09094559,-2.0805294095,1.5475903606
1.09124552,-2.0809935662,1.5475103640
1.09154545,-2.0814576990,1.5474304347
1.09184538,-2.0819218078,1.5473505726
1.09214531,-2.0823858927,1.5472707776
1.09244524,-2.0828499537,1.5471910497
1.09274517,-2.0833139907,1.5471113889
1.09304510,-2.0837780039,1.5470317952
1.09334503,-2.0842419932,1.5469522685
1.09364496,-2.0847059587,1.5468728088
1.09394489,-2.0851699003,1.5467934160
1.09424482,-2.0856338181,1.5467140902
1.09454475,-2.0860977122,1.5466348313
1.09484468,-2.0865615825,1.5465556393
1.09514461,-2.0870254290,1.5464765141
1.09544454,-2.0874892519,1.5463974558
1.09574447,-2.0879530510,1.5463184642
1.09604440,-2.0884168264,1.5462395394
1.09634433,-2.0888805782,1.5461606813
1.09664426,-2.0893443064,1.5460818899
1.09694419,-2.0898080109,1.5460031651
1.09724412,-2.0902716918,1.5459245070
1.09754405,-2.0907353491,1.5458459155
1.09784398,-2.0911989829,1.5457673906
1.09814391,-2.0916625931,1.5456889322
1.09844384,-2.0921261798,1.5456105403
1.09874377,-2.0925897431,1.5455322149
1.09904370,-2.0930532828,1.5454539559
1.09934363,-2.0935167990,1.5453757634
1.09964356,-2.0939802919,1.5452976372
1.09994349,-2.0944437613,1.5452195774
1.10024342,-2.0949072073,1.5451415840
1.10054335,-2.0953706299,1.5450636568
1.10084328,-2.0958340291,1.5449857959
1.10114321,-2.0962974050,1.5449080012
1.10144314,-2.0967607576,1.5448302727
1.10174307,-2.0972240869,1.5447526105
1.10204300,-2.0976873929,1.5446750143
1.10234293,-2.0981506756,1.5445974843
1.10264286,-2.0986139351,1.5445200203
1.10294279,-2.0990771714,1.5444426224
1.10324272,-2.0995403844,1.5443652905
1.10354265,-2.1000035743,1.5442880246
1.10384258,-2.1004667410,1.5442108247
1.10414251,-2.1009298846,1.5441336907
1.10444244,-2.1013930051,1.5440566226
1.10474237,-2.1018561024,1.5439796203
1.10504230,-2.1023191766,1.5439026839
1.10534223,-2.1027822278,1.5438258133
1.10564216,-2.1032452560,1.5437490085
1.10594209,-2.1037082611,1.5436722694
1.10624202,-2.1041712432,1.5435955960
1.10654195,-2.1046342023,1.5435189884
1.10684188,-2.1050971385,1.5434424463
1.10714181,-2.1055600517,1.5433659699
1.10744174,-2.1060229420,1.5432895591
1.10774167,-2.1064858093,1.5432132138
1.10804160,-2.1069486538,1.5431369341
1.10834153,-2.1074114754,1.5430607199
1.10864146,-2.1078742742,1.5429845711
1.10894139,-2.1083370501,1.5429084878
1.10924132,-2.1087998033,1.5428324699
1.10954125,-2.1092625336,1.5427565174
1.10984118,-2.1097252412,1.5426806302
1.11014111,-2.1101879260,1.5426048083
1.11044104,-2.1106505881,1.5425290517
1.11074097,-2.1111132274,1.5424533603
1.11104090,-2.1115758441,1.5423777342
1.11134083,-2.1120384381,1.5423021733
1.11164076,-2.1125010095,1.5422266775
1.11194069,-2.1129635582,1.5421512469
1.11224062,-2.1134260843,1.5420758813
1.11254055,-2.1138885878,1.5420005809
1.11284048,-2.1143510688,1.5419253454
1.11314041,-2.1148135271,1.5418501750
1.11344034,-2.1152759630,1.5417750696
1.11374027,-2.1157383763,1.5417000290
1.11404020,-2.1162007671,1.5416250535
1.11434013,-2.1166631355,1.5415501427
1.11464006,-2.1171254814,1.5414752969
1.11493999,-2.1175878048,1.5414005158
1.11523992,-2.1180501059,1.5413257996
1.11553985,-2.1185123845,1.5412511481
1.11583978,-2.1189746408,1.5411765614
1.11613971,-2.1194368747,1.5411020393
1.11643964,-2.1198990862,1.5410275819
1.11673957,-2.1203612754,1.5409531891
1.11703950,-2.1208234424,1.5408788610
1.11733943,-2.1212855870,1.5408045974
1.11763936,-2.1217477094,1.5407303984
1.11793929,-2.1222098095,1.5406562639
1.11823922,-2.1226718874,1.5405821938
1.11853915,-2.1231339431,1.5405081882
1.11883908,-2.1235959767,1.5404342471
1.11913901,-2.1240579880,1.5403603703
1.11943894,-2.1245199772,1.5402865578
1.11973887,-2.1249819443,1.5402128097
1.12003880,-2.1254438892,1.5401391259
1.12033873,-2.1259058121,1.5400655064
1.12063866,-2.1263677129,1.5399919511
1.12093859,-2.1268295917,1.5399184600
1.12123852,-2.1272914484,1.5398450331
1.12153845,-2.1277532831,1.5397716703
1.12183838,-2.1282150958,1.5396983716
1.12213831,-2.1286768865,1.5396251370
1.12243824,-2.1291386553,1.5395519665
1.12273817,-2.1296004022,1.5394788599
1.12303810,-2.1300621271,1.5394058174
1.12333803,-2.1305238301,1.5393328388
1.12363796,-2.1309855113,1.5392599241
1.12393789,-2.1314471705,1.5391870733
1.12423782,-2.1319088080,1.5391142864
1.12453775,-2.1323704236,1.5390415633
1.12483768,-2.1328320174,1.5389689040
1.12513761,-2.1332935895,1.5388963085
1.12543754,-2.1337551398,1.5388237767
1.12573747,-2.1342166683,1.5387513087
1.12603740,-2.1346781751,1.5386789043
1.12633733,-2.1351396602,1.5386065635
1.12663726,-2.1356011236,1.5385342864
1.12693719,-2.1360625654,1.5384620728
1.12723712,-2.1365239854,1.5383899228
1.12753705,-2.1369853839,1.5383178363
1.12783698,-2.1374467608,1.5382458133
1.12813691,-2.1379081160,1.5381738537
1.12843684,-2.1383694497,1.5381019576
1.12873677,-2.1388307618,1.5380301249
1.12903670,-2.1392920524,1.5379583555
1.12933663,-2.1397533215,1.5378866495
1.12963656,-2.1402145691,1.5378150068
1.12993649,-2.1406757952,1.5377434273
1.13023642,-2.1411369999,1.5376719111
1.13053635,-2.1415981831,1.5376004581
1.13083628,-2.1420593448,1.5375290682
1.13113621,-2.1425204852,1.5374577415
1.13143614,-2.1429816042,1.5373864780
1.13173607,-2.1434427019,1.5373152775
1.13203600,-2.1439037781,1.5372441400
1.13233593,-2.1443648331,1.5371730656
1.13263586,-2.1448258668,1.5371020542
1.13293579,-2.1452868791,1.5370311057
1.13323572,-2.1457478702,1.5369602202
1.13353565,-2.1462088401,1.5368893975
1.13383558,-2.1466697887,1.5368186377
1.13413551,-2.1471307161,1.5367479408
1.13443544,-2.1475916223,1.5366773066
1.13473537,-2.1480525073,1.5366067352
1.13503530,-2.1485133712,1.5365362266
1.13533523,-2.1489742139,1.5364657807
1.13563516,-2.1494350355,1.5363953974
1.13593509,-2.1498958360,1.5363250768
1.13623502,-2.1503566154,1.5362548188
1.13653495,-2.1508173738,1.5361846234
1.13683488,-2.1512781111,1.5361144905
1.13713481,-2.1517388274,1.5360444202
1.13743474,-2.1521995227,1.5359744123
1.13773467,-2.1526601970,1.5359044669
1.13803460,-2.1531208503,1.5358345840
1.13833453,-2.1535814827,1.5357647634
1.13863446,-2.1540420942,1.5356950052
1.13893439,-2.1545026847,1.5356253093
1.13923432,-2.1549632543,1.5355556757
1.13953425,-2.1554238031,1.5354861044
1.13983418,-2.1558843310,1.5354165953
1.14013411,-2.1563448381,1.5353471485
1.14043404,-2.1568053243,1.5352777638
1.14073397,-2.1572657898,1.5352084412
1.14103390,-2.1577262345,1.5351391808
1.14133383,-2.1581866584,1.5350699824
1.14163376,-2.1586470615,1.5350008461
1.14193369,-2.1591074439,1.5349317718
1.14223362,-2.1595678057,1.5348627595
1.14253355,-2.1600281467,1.5347938092
1.14283348,-2.1604884671,1.5347249208
1.14313341,-2.1609487668,1.5346560942
1.14343334,-2.1614090458,1.5345873296
1.14373327,-2.1618693043,1.5345186267
1.14403320,-2.1623295422,1.5344499857
1.14433313,-2.1627897594,1.5343814064
1.14463306,-2.1632499562,1.5343128889
1.14493299,-2.1637101324,1.5342444330
1.14523292,-2.1641702880,1.5341760389
1.14553285,-2.1646304232,1.5341077063
1.14583278,-2.1650905378,1.5340394354
1.14613271,-2.1655506320,1.5339712261
1.14643264,-2.1660107058,1.5339030783
1.14673257,-2.1664707591,1.5338349920
1.14703250,-2.1669307920,1.5337669672
1.14733243,-2.1673908046,1.5336990039
1.14763236,-2.1678507967,1.5336311020
1.14793229,-2.1683107685,1.5335632614
1.14823222,-2.1687707199,1.5334954822
1.14853215,-2.1692306511,1.5334277644
1.14883208,-2.1696905619,1.5333601078
1.14913201,-2.1701504524,1.5332925125
1.14943194,-2.1706103227,1.5332249785
1.14973187,-2.1710701727,1.5331575056
1.15003180,-2.1715300026,1.5330900939
1.15033173,-2.1719898122,1.5330227433
1.15063166,-2.1724496016,1.5329554539
1.15093159,-2.1729093708,1.5328882255
1.15123152,-2.1733691199,1.5328210581
1.15153145,-2.1738288488,1.5327539518
1.15183138,-2.1742885576,1.5326869064
1.15213131,-2.1747482464,1.5326199220
1.15243124,-2.1752079150,1.5325529985
1.15273117,-2.1756675636,1.5324861359
1.15303110,-2.1761271921,1.5324193341
1.15333103,-2.1765868006,1.5323525931
1.15363096,-2.1770463891,1.5322859130
1.15393089,-2.1775059576,1.5322192936
1.15423082,-2.1779655062,1.5321527349
1.15453075,-2.1784250347,1.5320862369
1.15483068,-2.1788845434,1.5320197996
1.15513061,-2.1793440321,1.5319534229
1.15543054,-2.1798035009,1.5318871068
1.15573047,-2.1802629499,1.5318208512
1.15603040,-2.1807223790,1.5317546562
1.15633033,-2.1811817882,1.5316885217
1.15663026,-2.1816411776,1.5316224477
1.15693019,-2.1821005472,1.5315564341
1.15723012,-2.1825598971,1.5314904809
1.15753005,-2.1830192271,1.5314245881
1.15782998,-2.1834785374,1.5313587556
1.15812991,-2.1839378279,1.5312929835
1.15842984,-2.1843970988,1.5312272716
1.15872977,-2.1848563499,1.5311616200
1.15902970,-2.1853155814,1.5310960286
1.15932963,-2.1857747931,1.5310304973
1.15962956,-2.1862339853,1.5309650263
1.15992949,-2.1866931578,1.5308996153
1.16022942,-2.1871523107,1.5308342645
1.16052935,-2.1876114440,1.5307689737
1.16082928,-2.1880705578,1.5307037429
1.16112921,-2.1885296520,1.5306385721
1.16142914,-2.1889887266,1.5305734613
1.16172907,-2.1894477817,1.5305084104
1.16202900,-2.1899068174,1.5304434194
1.16232893,-2.1903658335,1.5303784882
1.16262886,-2.1908248302,1.5303136170
1.16292879,-2.1912838074,1.5302488055
1.16322872,-2.1917427652,1.5301840537
1.16352865,-2.1922017036,1.5301193618
1.16382858,-2.1926606226,1.5300547295
1.16412851,-2.1931195222,1.5299901569
1.16442844,-2.1935784025,1.5299256439
1.16472837,-2.1940372634,1.5298611906
1.16502830,-2.1944961050,1.5297967968
1.16532823,-2.1949549273,1.5297324626
1.16562816,-2.1954137303,1.5296681879
1.16592809,-2.1958725140,1.5296039727
1.16622802,-2.1963312785,1.5295398169
1.16652795,-2.1967900237,1.5294757206
1.16682788,-2.1972487498,1.5294116836
1.16712781,-2.1977074566,1.5293477060
1.16742774,-2.1981661443,1.5292837877
1.16772767,-2.1986248127,1.5292199287
1.16802760,-2.1990834621,1.5291561290
1.16832753,-2.1995420923,1.5290923885
1.16862746,-2.2000007034,1.5290287072
1.16892739,-2.2004592955,1.5289650851
1.16922732,-2.2009178684,1.5289015221
1.16952725,-2.2013764223,1.5288380182
1.16982718,-2.2018349572,1.5287745733
1.17012711,-2.2022934730,1.5287111875
1.17042704,-2.2027519698,1.5286478607
1.17072697,-2.2032104477,1.5285845929
1.17102690,-2.2036689066,1.5285213840
1.17132683,-2.2041273465,1.5284582340
1.17162676,-2.2045857675,1.5283951429
1.17192669,-2.2050441696,1.5283321107
1.17222662,-2.2055025528,1.5282691372
1.17252655,-2.2059609171,1.5282062226
1.17282648,-2.2064192625,1.5281433666
1.17312641,-2.2068775892,1.5280805694
1.17342634,-2.2073358969,1.5280178309
1.17372627,-2.2077941859,1.5279551511
1.17402620,-2.2082524561,1.5278925298
1.17432613,-2.2087107075,1.5278299671
1.17462606,-2.2091689402,1.5277674630
1.17492599,-2.2096271541,1.5277050175
1.17522592,-2.2100853493,1.5276426304
1.17552585,-2.2105435258,1.5275803017
1.17582578,-2.2110016836,1.5275180315
1.17612571,-2.2114598227,1.5274558197
1.17642564,-2.2119179432,1.5273936663
1.17672557,-2.2123760450,1.5273315712
1.17702550,-2.2128341283,1.5272695343
1.17732543,-2.2132921929,1.5272075558
1.17762536,-2.2137502390,1.5271456355
1.17792529,-2.2142082665,1.5270837734
1.17822522,-2.2146662754,1.5270219694
1.17852515,-2.2151242659,1.5269602236
1.17882508,-2.2155822378,1.5268985359
1.17912501,-2.2160401912,1.5268369063
1.17942494,-2.2164981261,1.5267753347
1.17972487,-2.2169560426,1.5267138211
1.18002480,-2.2174139407,1.5266523655
1.18032473,-2.2178718203,1.5265909678
1.18062466,-2.2183296815,1.5265296281
1.18092459,-2.2187875243,1.5264683462
1.18122452,-2.2192453488,1.5264071222
1.18152445,-2.2197031549,1.5263459560
1.18182438,-2.2201609427,1.5262848475
1.18212431,-2.2206187121,1.5262237969
1.18242424,-2.2210764632,1.5261628039
1.18272417,-2.2215341961,1.5261018687
1.18302410,-2.2219919107,1.5260409910
1.18332403,-2.2224496070,1.5259801710
1.18362396,-2.2229072851,1.5259194086
1.18392389,-2.2233649450,1.5258587038
1.18422382,-2.2238225867,1.5257980565
1.18452375,-2.2242802102,1.5257374666
1.18482368,-2.2247378156,1.5256769343
1.18512361,-2.2251954028,1.5256164593
1.18542354,-2.2256529718,1.5255560418
1.18572347,-2.2261105228,1.5254956816
1.18602340,-2.2265680556,1.5254353788
1.18632333,-2.2270255704,1.5253751332
1.18662326,-2.2274830672,1.5253149449
1.18692319,-2.2279405458,1.5252548139
1.18722312,-2.2283980065,1.5251947400
1.18752305,-2.2288554491,1.5251347233
1.18782298,-2.2293128738,1.5250747638
1.18812291,-2.2297702805,1.5250148614
1.18842284,-2.2302276692,1.5249550160
1.18872277,-2.2306850399,1.5248952277
1.18902270,-2.2311423928,1.5248354963
1.18932263,-2.2315997277,1.5247758220
1.18962256,-2.2320570448,1.5247162046
1.18992249,-2.2325143440,1.5246566441
1.19022242,-2.2329716253,1.5245971405
1.19052235,-2.2334288888,1.5245376937
1.19082228,-2.2338861345,1.5244783038
1.19112221,-2.2343433623,1.5244189706
1.19142214,-2.2348005724,1.5243596941
1.19172207,-2.2352577647,1.5243004744
1.19202200,-2.2357149393,1.5242413114
1.19232193,-2.2361720961,1.5241822050
1.19262186,-2.2366292352,1.5241231553
1.19292179,-2.2370863566,1.5240641621
1.19322172,-2.2375434603,1.5240052255
1.19352165,-2.2380005463,1.5239463454
1.19382158,-2.2384576147,1.5238875217
1.19412151,-2.2389146655,1.5238287546
1.19442144,-2.2393716986,1.5237700439
1.19472137,-2.2398287142,1.5237113895
1.19502130,-2.2402857121,1.5236527915
1.19532123,-2.2407426925,1.5235942499
1.19562116,-2.2411996554,1.5235357645
1.19592109,-2.2416566007,1.5234773354
1.19622102,-2.2421135284,1.5234189625
1.19652095,-2.2425704387,1.5233606458
1.19682088,-2.2430273315,1.5233023853
1.19712081,-2.2434842069,1.5232441809
1.19742074,-2.2439410648,1.5231860326
1.19772067,-2.2443979052,1.5231279404
1.19802060,-2.2448547283,1.5230699042
1.19832053,-2.2453115339,1.5230119240
1.19862046,-2.2457683222,1.5229539998
1.19892039,-2.2462250931,1.5228961315
1.19922032,-2.2466818466,1.5228383191
1.19952025,-2.2471385829,1.5227805626
1.19982018,-2.2475953018,1.5227228619
1.20012011,-2.2480520034,1.5226652171
1.20042004,-2.2485086877,1.5226076280
1.20071997,-2.2489653548,1.5225500946
1.20101990,-2.2494220046,1.5224926169
1.20131983,-2.2498786372,1.5224351950
1.20161976,-2.2503352525,1.5223778286
1.20191969,-2.2507918507,1.5223205179
1.20221962,-2.2512484317,1.5222632627
1.20251955,-2.2517049955,1.5222060631
1.20281948,-2.2521615422,1.5221489190
1.20311941,-2.2526180718,1.5220918304
1.20341934,-2.2530745842,1.5220347972
1.20371927,-2.2535310795,1.5219778195
1.20401920,-2.2539875578,1.5219208971
1.20431913,-2.2544440190,1.5218640301
1.20461906,-2.2549004631,1.5218072183
1.20491899,-2.2553568902,1.5217504619
1.20521892,-2.2558133003,1.5216937607
1.20551885,-2.2562696934,1.5216371147
1.20581878,-2.2567260695,1.5215805240
1.20611871,-2.2571824287,1.5215239883
1.20641864,-2.2576387709,1.5214675078
1.20671857,-2.2580950962,1.5214110824
1.20701850,-2.2585514045,1.5213547120
1.20731843,-2.2590076960,1.5212983966
1.20761836,-2.2594639706,1.5212421363
1.20791829,-2.2599202283,1.5211859309
1.20821822,-2.2603764691,1.5211297804
1.20851815,-2.2608326932,1.5210736848
1.20881808,-2.2612889004,1.5210176440
1.20911801,-2.2617450908,1.5209616581
1.20941794,-2.2622012644,1.5209057270
1.20971787,-2.2626574213,1.5208498506
1.21001780,-2.2631135614,1.5207940290
1.21031773,-2.2635696848,1.5207382620
1.21061766,-2.2640257914,1.5206825497
1.21091759,-2.2644818814,1.5206268920
1.21121752,-2.2649379547,1.5205712890
1.21151745,-2.2653940113,1.5205157405
1.21181738,-2.2658500512,1.5204602465
1.21211731,-2.2663060745,1.5204048070
1.21241724,-2.2667620812,1.5203494220
1.21271717,-2.2672180713,1.5202940914
1.21301710,-2.2676740448,1.5202388152
1.21331703,-2.2681300017,1.5201835933
1.21361696,-2.2685859421,1.5201284258
1.21391689,-2.2690418659,1.5200733126
1.21421682,-2.2694977733,1.5200182537
1.21451675,-2.2699536641,1.5199632490
1.21481668,-2.2704095384,1.5199082985
1.21511661,-2.2708653962,1.5198534022
1.21541654,-2.2713212376,1.5197985600
1.21571647,-2.2717770626,1.5197437719
1.21601640,-2.2722328711,1.5196890378
1.21631633,-2.2726886632,1.5196343578
1.21661626,-2.2731444390,1.5195797318
1.21691619,-2.2736001983,1.5195251598
1.21721612,-2.2740559413,1.5194706417
1.21751605,-2.2745116679,1.5194161775
1.21781598,-2.2749673783,1.5193617672
1.21811591,-2.2754230723,1.5193074107
1.21841584,-2.2758787500,1.5192531081
1.21871577,-2.2763344114,1.5191988592
1.21901570,-2.2767900566,1.5191446640
1.21931563,-2.2772456855,1.5190905226
1.21961556,-2.2777012982,1.5190364348
1.21991549,-2.2781568947,1.5189824007
1.22021542,-2.2786124750,1.5189284201
1.22051535,-2.2790680391,1.5188744932
1.22081528,-2.2795235870,1.5188206197
1.22111521,-2.2799791188,1.5187667998
1.22141514,-2.2804346344,1.5187130334
1.22171507,-2.2808901340,1.5186593204
1.22201500,-2.2813456174,1.5186056608
1.22231493,-2.2818010847,1.5185520546
1.22261486,-2.2822565360,1.5184985018
1.22291479,-2.2827119712,1.5184450022
1.22321472,-2.2831673904,1.5183915559
1.22351465,-2.2836227936,1.5183381629
1.22381458,-2.2840781807,1.5182848231
1.22411451,-2.2845335519,1.5182315364
1.22441444,-2.2849889071,1.5181783029
1.22471437,-2.2854442463,1.5181251226
1.22501430,-2.2858995696,1.5180719953
1.22531423,-2.2863548769,1.5180189210
1.22561416,-2.2868101684,1.5179658997
1.22591409,-2.2872654439,1.5179129315
1.22621402,-2.2877207036,1.5178600162
1.22651395,-2.2881759474,1.5178071537
1.22681388,-2.2886311754,1.5177543442
1.22711381,-2.2890863875,1.5177015875
1.22741374,-2.2895415839,1.5176488837
1.22771367,-2.2899967644,1.5175962326
1.22801360,-2.2904519291,1.5175436342
1.22831353,-2.2909070781,1.5174910886
1.22861346,-2.2913622113,1.5174385957
1.22891339,-2.2918173288,1.5173861554
1.22921332,-2.2922724305,1.5173337677
1.22951325,-2.2927275166,1.5172814326
1.22981318,-2.2931825869,1.5172291501
1.23011311,-2.2936376416,1.5171769200
1.23041304,-2.2940926807,1.5171247425
1.23071297,-2.2945477041,1.5170726174
1.23101290,-2.2950027118,1.5170205447
1.23131283,-2.2954577040,1.5169685244
1.23161276,-2.2959126806,1.5169165564
1.23191269,-2.2963676415,1.5168646408
1.23221262,-2.2968225870,1.5168127775
1.23251255,-2.2972775168,1.5167609664
1.23281248,-2.2977324312,1.5167092075
1.23311241,-2.2981873300,1.5166575008
1.23341234,-2.2986422133,1.5166058462
1.23371227,-2.2990970811,1.5165542438
1.23401220,-2.2995519335,1.5165026934
1.23431213,-2.3000067704,1.5164511951
1.23461206,-2.3004615919,1.5163997489
1.23491199,-2.3009163980,1.5163483546
1.23521192,-2.3013711886,1.5162970122
1.23551185,-2.3018259639,1.5162457218
1.23581178,-2.3022807238,1.5161944833
1.23611171,-2.3027354683,1.5161432966
1.23641164,-2.3031901974,1.5160921617
1.23671157,-2.3036449113,1.5160410786
1.23701150,-2.3040996098,1.5159900473
1.23731143,-2.3045542931,1.5159390677
1.23761136,-2.3050089610,1.5158881397
1.23791129,-2.3054636137,1.5158372635
1.23821122,-2.3059182511,1.5157864388
1.23851115,-2.3063728733,1.5157356657
1.23881108,-2.3068274803,1.5156849442
1.23911101,-2.3072820721,1.5156342742
1.23941094,-2.3077366487,1.5155836557
1.23971087,-2.3081912101,1.5155330886
1.24001080,-2.3086457563,1.5154825730
1.24031073,-2.3091002874,1.5154321087
1.24061066,-2.3095548034,1.5153816958
1.24091059,-2.3100093043,1.5153313342
1.24121052,-2.3104637900,1.5152810239
1.24151045,-2.3109182607,1.5152307649
1.24181038,-2.3113727163,1.5151805570
1.24211031,-2.3118271569,1.5151304004
1.24241024,-2.3122815824,1.5150802949
1.24271017,-2.3127359930,1.5150302405
1.24301010,-2.3131903885,1.5149802372
1.24331003,-2.3136447690,1.5149302850
1.24360996,-2.3140991345,1.5148803837
1.24390989,-2.3145534851,1.5148305335
1.24420982,-2.3150078207,1.5147807342
1.24450975,-2.3154621415,1.5147309858
1.24480968,-2.3159164473,1.5146812884
1.24510961,-2.3163707382,1.5146316417
1.24540954,-2.3168250142,1.5145820459
1.24570947,-2.3172792753,1.5145325009
1.24600940,-2.3177335216,1.5144830066
1.24630933,-2.3181877531,1.5144335630
1.24660926,-2.3186419697,1.5143841702
1.24690919,-2.3190961715,1.5143348279
1.24720912,-2.3195503586,1.5142855363
1.24750905,-2.3200045308,1.5142362953
1.24780898,-2.3204586883,1.5141871048
1.24810891,-2.3209128311,1.5141379649
1.24840884,-2.3213669591,1.5140888754
1.24870877,-2.3218210724,1.5140398364
1.24900870,-2.3222751710,1.5139908478
1.24930863,-2.3227292550,1.5139419096
1.24960856,-2.3231833242,1.5138930217
1.24990849,-2.3236373788,1.5138441841
1.25020842,-2.3240914188,1.5137953968
1.25050835,-2.3245454441,1.5137466598
1.25080828,-2.3249994548,1.5136979730
1.25110821,-2.3254534509,1.5136493364
1.25140814,-2.3259074325,1.5136007499
1.25170807,-2.3263613995,1.5135522135
1.25200800,-2.3268153519,1.5135037273
1.25230793,-2.3272692898,1.5134552910
1.25260786,-2.3277232132,1.5134069048
1.25290779,-2.3281771220,1.5133585686
1.25320772,-2.3286310164,1.5133102823
1.25350765,-2.3290848963,1.5132620459
1.25380758,-2.3295387618,1.5132138594
1.25410751,-2.3299926128,1.5131657228
1.25440744,-2.3304464493,1.5131176359
1.25470737,-2.3309002715,1.5130695989
1.25500730,-2.3313540792,1.5130216116
1.25530723,-2.3318078726,1.5129736740
1.25560716,-2.3322616516,1.5129257860
1.25590709,-2.3327154162,1.5128779478
1.25620702,-2.3331691665,1.5128301591
1.25650695,-2.3336229025,1.5127824200
1.25680688,-2.3340766242,1.5127347305
1.25710681,-2.3345303316,1.5126870905
1.25740674,-2.3349840246,1.5126394999
1.25770667,-2.3354377035,1.5125919588
1.25800660,-2.3358913680,1.5125444671
1.25830653,-2.3363450184,1.5124970248
1.25860646,-2.3367986545,1.5124496318
1.25890639,-2.3372522764,1.5124022882
1.25920632,-2.3377058841,1.5123549938
1.25950625,-2.3381594776,1.5123077486
1.25980618,-2.3386130570,1.5122605527
1.26010611,-2.3390666222,1.5122134059
1.26040604,-2.3395201733,1.5121663083
1.26070597,-2.3399737103,1.5121192598
1.26100590,-2.3404272331,1.5120722603
1.26130583,-2.3408807419,1.5120253099
1.26160576,-2.3413342366,1.5119784085
1.26190569,-2.3417877173,1.5119315561
1.26220562,-2.3422411839,1.5118847526
1.26250555,-2.3426946364,1.5118379981
1.26280548,-2.3431480750,1.5117912924
1.26310541,-2.3436014995,1.5117446355
1.26340534,-2.3440549101,1.5116980274
1.26370527,-2.3445083067,1.5116514681
1.26400520,-2.3449616893,1.5116049576
1.26430513,-2.3454150580,1.5115584957
1.26460506,-2.3458684128,1.5115120826
1.26490499,-2.3463217536,1.5114657180
1.26520492,-2.3467750806,1.5114194021
1.26550485,-2.3472283937,1.5113731347
1.26580478,-2.3476816929,1.5113269159
1.26610471,-2.3481349782,1.5112807455
1.26640464,-2.3485882497,1.5112346237
1.26670457,-2.3490415074,1.5111885502
1.26700450,-2.3494947513,1.5111425252
1.26730443,-2.3499479813,1.5110965485
1.26760436,-2.3504011976,1.5110506202
1.26790429,-2.3508544001,1.5110047402
1.26820422,-2.3513075889,1.5109589084
1.26850415,-2.3517607639,1.5109131248
1.26880408,-2.3522139252,1.5108673895
1.26910401,-2.3526670728,1.5108217023
1.26940394,-2.3531202067,1.5107760633
1.26970387,-2.3535733269,1.5107304723
1.27000380,-2.3540264335,1.5106849294
1.27030373,-2.3544795264,1.5106394346
1.27060366,-2.3549326056,1.5105939877
1.27090359,-2.3553856712,1.5105485888
1.27120352,-2.3558387233,1.5105032378
1.27150345,-2.3562917617,1.5104579347
1.27180338,-2.3567447865,1.5104126795
1.27210331,-2.3571977978,1.5103674721
1.27240324,-2.3576507956,1.5103223125
1.27270317,-2.3581037797,1.5102772006
1.27300310,-2.3585567504,1.5102321365
1.27330303,-2.3590097076,1.5101871201
1.27360296,-2.3594626512,1.5101421513
1.27390289,-2.3599155814,1.5100972301
1.27420282,-2.3603684981,1.5100523566
1.27450275,-2.3608214014,1.5100075306
1.27480268,-2.3612742912,1.5099627521
1.27510261,-2.3617271676,1.5099180211
1.27540254,-2.3621800306,1.5098733375
1.27570247,-2.3626328802,1.5098287014
1.27600240,-2.3630857165,1.5097841126
1.27630233,-2.3635385393,1.5097395712
1.27660226,-2.3639913488,1.5096950772
1.27690219,-2.3644441450,1.5096506304
1.27720212,-2.3648969278,1.5096062308
1.27750205,-2.3653496974,1.5095618785
1.27780198,-2.3658024536,1.5095175734
1.27810191,-2.3662551966,1.5094733154
1.27840184,-2.3667079262,1.5094291045
1.27870177,-2.3671606427,1.5093849407
1.27900170,-2.3676133459,1.5093408240
1.27930163,-2.3680660358,1.5092967542
1.27960156,-2.3685187126,1.5092527315
1.27990149,-2.3689713762,1.5092087557
1.28020142,-2.3694240265,1.5091648268
1.28050135,-2.3698766638,1.5091209447
1.28080128,-2.3703292878,1.5090771096
1.28110121,-2.3707818987,1.5090333212
1.28140114,-2.3712344965,1.5089895796
1.28170107,-2.3716870812,1.5089458847
1.28200100,-2.3721396528,1.5089022366
1.28230093,-2.3725922113,1.5088586351
1.28260086,-2.3730447567,1.5088150803
1.28290079,-2.3734972891,1.5087715721
1.28320072,-2.3739498084,1.5087281104
1.28350065,-2.3744023147,1.5086846953
1.28380058,-2.3748548080,1.5086413267
1.28410051,-2.3753072882,1.5085980046
1.28440044,-2.3757597555,1.5085547289
1.28470037,-2.3762122099,1.5085114996
1.28500030,-2.3766646512,1.5084683166
1.28530023,-2.3771170797,1.5084251800
1.28560016,-2.3775694951,1.5083820897
1.28590009,-2.3780218977,1.5083390457
1.28620002,-2.3784742874,1.5082960479
1.28649995,-2.3789266642,1.5082530963
1.28679988,-2.3793790281,1.5082101909
1.28709981,-2.3798313791,1.5081673315
1.28739974,-2.3802837173,1.5081245183
1.28769967,-2.3807360427,1.5080817512
1.28799960,-2.3811883552,1.5080390301
1.28829953,-2.3816406549,1.5079963549
1.28859946,-2.3820929419,1.5079537258
1.28889939,-2.3825452160,1.5079111425
1.28919932,-2.3829974774,1.5078686052
1.28949925,-2.3834497261,1.5078261137
1.28979918,-2.3839019620,1.5077836680
1.29009911,-2.3843541852,1.5077412682
1.29039904,-2.3848063956,1.5076989140
1.29069897,-2.3852585934,1.5076566056
1.29099890,-2.3857107785,1.5076143429
1.29129883,-2.3861629509,1.5075721259
1.29159876,-2.3866151107,1.5075299544
1.29189869,-2.3870672578,1.5074878286
1.29219862,-2.3875193923,1.5074457483
1.29249855,-2.3879715142,1.5074037135
1.29279848,-2.3884236235,1.5073617242
1.29309841,-2.3888757202,1.5073197804
1.29339834,-2.3893278043,1.5072778819
1.29369827,-2.3897798759,1.5072360289
1.29399820,-2.3902319349,1.5071942212
1.29429813,-2.3906839814,1.5071524588
1.29459806,-2.3911360153,1.5071107417
1.29489799,-2.3915880368,1.5070690698
1.29519792,-2.3920400458,1.5070274432
1.29549785,-2.3924920423,1.5069858617
1.29579778,-2.3929440263,1.5069443253
1.29609771,-2.3933959979,1.5069028341
1.29639764,-2.3938479570,1.5068613880
1.29669757,-2.3942999037,1.5068199868
1.29699750,-2.3947518380,1.5067786307
1.29729743,-2.3952037599,1.5067373196
1.29759736,-2.3956556695,1.5066960534
1.29789729,-2.3961075666,1.5066548321
1.29819722,-2.3965594514,1.5066136557
1.29849715,-2.3970113239,1.5065725241
1.29879708,-2.3974631840,1.5065314373
1.29909701,-2.3979150318,1.5064903953
1.29939694,-2.3983668673,1.5064493980
1.29969687,-2.3988186905,1.5064084454
1.29999680,-2.3992705014,1.5063675375
1.30029673,-2.3997223001,1.5063266742
1.30059666,-2.4001740865,1.5062858555
1.30089659,-2.4006258607,1.5062450814
1.30119652,-2.4010776227,1.5062043518
1.30149645,-2.4015293724,1.5061636667
1.30179638,-2.4019811100,1.5061230260
1.30209631,-2.4024328354,1.5060824298
1.30239624,-2.4028845486,1.5060418780
1.30269617,-2.4033362496,1.5060013705
1.30299610,-2.4037879385,1.5059609074
1.30329603,-2.4042396153,1.5059204885
1.30359596,-2.4046912800,1.5058801139
1.30389589,-2.4051429325,1.5058397835
1.30419582,-2.4055945730,1.5057994973
1.30449575,-2.4060462014,1.5057592553
1.30479568,-2.4064978177,1.5057190574
1.30509561,-2.4069494220,1.5056789035
1.30539554,-2.4074010143,1.5056387937
1.30569547,-2.4078525945,1.5055987279
1.30599540,-2.4083041627,1.5055587062
1.30629533,-2.4087557189,1.5055187283
1.30659526,-2.4092072631,1.5054787944
1.30689519,-2.4096587954,1.5054389043
1.30719512,-2.4101103157,1.5053990581
1.30749505,-2.4105618241,1.5053592557
1.30779498,-2.4110133205,1.5053194971
1.30809491,-2.4114648050,1.5052797822
1.30839484,-2.4119162776,1.5052401110
1.30869477,-2.4123677383,1.5052004835
1.30899470,-2.4128191871,1.5051608996
1.30929463,-2.4132706241,1.5051213594
1.30959456,-2.4137220492,1.5050818627
1.30989449,-2.4141734625,1.5050424096
1.31019442,-2.4146248639,1.5050029999
1.31049435,-2.4150762536,1.5049636337
1.31079428,-2.4155276314,1.5049243110
1.31109421,-2.4159789974,1.5048850316
1.31139414,-2.4164303517,1.5048457957
1.31169407,-2.4168816942,1.5048066030
1.31199400,-2.4173330250,1.5047674536
1.31229393,-2.4177843440,1.5047283476
1.31259386,-2.4182356513,1.5046892847
1.31289379,-2.4186869469,1.5046502650
1.31319372,-2.4191382308,1.5046112885
1.31349365,-2.4195895030,1.5045723551
1.31379358,-2.4200407635,1.5045334648
1.31409351,-2.4204920124,1.5044946176
1.31439344,-2.4209432497,1.5044558134
1.31469337,-2.4213944753,1.5044170522
1.31499330,-2.4218456893,1.5043783339
1.31529323,-2.4222968916,1.5043396585
1.31559316,-2.4227480824,1.5043010261
1.31589309,-2.4231992616,1.5042624365
1.31619302,-2.4236504293,1.5042238897
1.31649295,-2.4241015853,1.5041853857
1.31679288,-2.4245527299,1.5041469244
1.31709281,-2.4250038629,1.5041085058
1.31739274,-2.4254549844,1.5040701300
1.31769267,-2.4259060944,1.5040317967
1.31799260,-2.4263571929,1.5039935061
1.31829253,-2.4268082799,1.5039552581
1.31859246,-2.4272593555,1.5039170526
1.31889239,-2.4277104196,1.5038788896
1.31919232,-2.4281614722,1.5038407691
1.31949225,-2.4286125135,1.5038026910
1.31979218,-2.4290635433,1.5037646553
1.32009211,-2.4295145617,1.5037266620
1.32039204,-2.4299655688,1.5036887111
1.32069197,-2.4304165644,1.5036508024
1.32099190,-2.4308675487,1.5036129360
1.32129183,-2.4313185216,1.5035751118
1.32159176,-2.4317694833,1.5035373299
1.32189169,-2.4322204335,1.5034995901
1.32219162,-2.4326713725,1.5034618924
1.32249155,-2.4331223002,1.5034242369
1.32279148,-2.4335732165,1.5033866233
1.32309141,-2.4340241216,1.5033490519
1.32339134,-2.4344750155,1.5033115224
1.32369127,-2.4349258981,1.5032740349
1.32399120,-2.4353767694,1.5032365892
1.32429113,-2.4358276295,1.5031991855
1.32459106,-2.4362784785,1.5031618237
1.32489099,-2.4367293162,1.5031245036
1.32519092,-2.4371801427,1.5030872254
1.32549085,-2.4376309581,1.5030499889
1.32579078,-2.4380817622,1.5030127941
1.32609071,-2.4385325553,1.5029756410
1.32639064,-2.4389833372,1.5029385296
1.32669057,-2.4394341080,1.5029014597
1.32699050,-2.4398848676,1.5028644315
1.32729043,-2.4403356162,1.5028274448
1.32759036,-2.4407863537,1.5027904996
1.32789029,-2.4412370801,1.5027535959
1.32819022,-2.4416877954,1.5027167336
1.32849015,-2.4421384997,1.5026799127
1.32879008,-2.4425891930,1.5026431333
1.32909001,-2.4430398752,1.5026063951
1.32938994,-2.4434905464,1.5025696983
1.32968987,-2.4439412067,1.5025330427
1.32998980,-2.4443918559,1.5024964284
1.33028973,-2.4448424942,1.5024598552
1.33058966,-2.4452931214,1.5024233233
1.33088959,-2.4457437378,1.5023868324
1.33118952,-2.4461943432,1.5023503827
1.33148945,-2.4466449377,1.5023139740
1.33178938,-2.4470955212,1.5022776064
1.33208931,-2.4475460939,1.5022412798
1.33238924,-2.4479966557,1.5022049941
1.33268917,-2.4484472066,1.5021687493
1.33298910,-2.4488977466,1.5021325455
1.33328903,-2.4493482758,1.5020963825
1.33358896,-2.4497987941,1.5020602603
1.33388889,-2.4502493016,1.5020241789
1.33418882,-2.4506997983,1.5019881383
1.33448875,-2.4511502842,1.5019521384
1.33478868,-2.4516007593,1.5019161791
1.33508861,-2.4520512236,1.5018802606
1.33538854,-2.4525016772,1.5018443826
1.33568847,-2.4529521200,1.5018085452
1.33598840,-2.4534025520,1.5017727484
1.33628833,-2.4538529733,1.5017369921
1.33658826,-2.4543033839,1.5017012763
1.33688819,-2.4547537838,1.5016656009
1.33718812,-2.4552041731,1.5016299659
1.33748805,-2.4556545516,1.5015943713
1.33778798,-2.4561049194,1.5015588171
1.33808791,-2.4565552766,1.5015233031
1.33838784,-2.4570056232,1.5014878294
1.33868777,-2.4574559591,1.5014523960
1.33898770,-2.4579062844,1.5014170028
1.33928763,-2.4583565991,1.5013816497
1.33958756,-2.4588069032,1.5013463368
1.33988749,-2.4592571967,1.5013110639
1.34018742,-2.4597074796,1.5012758312
1.34048735,-2.4601577520,1.5012406385
1.34078728,-2.4606080138,1.5012054857
1.34108721,-2.4610582651,1.5011703730
1.34138714,-2.4615085058,1.5011353001
1.34168707,-2.4619587361,1.5011002672
1.34198700,-2.4624089558,1.5010652741
1.34228693,-2.4628591651,1.5010303208
1.34258686,-2.4633093638,1.5009954074
1.34288679,-2.4637595522,1.5009605336
1.34318672,-2.4642097300,1.5009256996
1.34348665,-2.4646598974,1.5008909053
1.34378658,-2.4651100544,1.5008561507
1.34408651,-2.4655602010,1.5008214357
1.34438644,-2.4660103371,1.5007867602
1.34468637,-2.4664604629,1.5007521243
1.34498630,-2.4669105783,1.5007175279
1.34528623,-2.4673606833,1.5006829710
1.34558616,-2.4678107779,1.5006484535
1.34588609,-2.4682608623,1.5006139755
1.34618602,-2.4687109362,1.5005795368
1.34648595,-2.4691609999,1.5005451375
1.34678588,-2.4696110532,1.5005107775
1.34708581,-2.4700610962,1.5004764567
1.34738574,-2.4705111290,1.5004421752
1.34768567,-2.4709611515,1.5004079329
1.34798560,-2.4714111637,1.5003737298
1.34828553,-2.4718611656,1.5003395658
1.34858546,-2.4723111573,1.5003054409
1.34888539,-2.4727611388,1.5002713551
1.34918532,-2.4732111101,1.5002373083
1.34948525,-2.4736610712,1.5002033005
1.34978518,-2.4741110220,1.5001693316
1.35008511,-2.4745609627,1.5001354017
1.35038504,-2.4750108932,1.5001015107
1.35068497,-2.4754608136,1.5000676585
1.35098490,-2.4759107238,1.5000338452
1.35128483,-2.4763606239,1.5000000707
1.35158476,-2.4768105138,1.4999663349
1.35188469,-2.4772603937,1.4999326378
1.35218462,-2.4777102634,1.4998989795
1.35248455,-2.4781601230,1.4998653597
1.35278448,-2.4786099726,1.4998317786
1.35308441,-2.4790598121,1.4997982361
1.35338434,-2.4795096416,1.4997647321
1.35368427,-2.4799594610,1.4997312667
1.35398420,-2.4804092703,1.4996978397
1.35428413,-2.4808590697,1.4996644512
1.35458406,-2.4813088590,1.4996311011
1.35488399,-2.4817586384,1.4995977893
1.35518392,-2.4822084077,1.4995645159
1.35548385,-2.4826581671,1.4995312808
1.35578378,-2.4831079165,1.4994980840
1.35608371,-2.4835576560,1.4994649254
1.35638364,-2.4840073856,1.4994318050
1.35668357,-2.4844571052,1.4993987228
1.35698350,-2.4849068149,1.4993656788
1.35728343,-2.4853565146,1.4993326728
1.35758336,-2.4858062045,1.4992997049
1.35788329,-2.4862558845,1.4992667750
1.35818322,-2.4867055547,1.4992338831
1.35848315,-2.4871552150,1.4992010292
1.35878308,-2.4876048654,1.4991682132
1.35908301,-2.4880545060,1.4991354351
1.35938294,-2.4885041367,1.4991026949
1.35968287,-2.4889537577,1.4990699925
1.35998280,-2.4894033689,1.4990373279
1.36028273,-2.4898529702,1.4990047010
1.36058266,-2.4903025618,1.4989721119
1.36088259,-2.4907521436,1.4989395604
1.36118252,-2.4912017157,1.4989070466
1.36148245,-2.4916512780,1.4988745704
1.36178238,-2.4921008305,1.4988421318
1.36208231,-2.4925503734,1.4988097307
1.36238224,-2.4929999065,1.4987773672
1.36268217,-2.4934494300,1.4987450411
1.36298210,-2.4938989437,1.4987127525
1.36328203,-2.4943484478,1.4986805013
1.36358196,-2.4947979422,1.4986482875
1.36388189,-2.4952474269,1.4986161110
1.36418182,-2.4956969020,1.4985839718
1.36448175,-2.4961463675,1.4985518699
1.36478168,-2.4965958233,1.4985198052
1.36508161,-2.4970452695,1.4984877777
1.36538154,-2.4974947062,1.4984557874
1.36568147,-2.4979441332,1.4984238342
1.36598140,-2.4983935507,1.4983919181
1.36628133,-2.4988429586,1.4983600391
1.36658126,-2.4992923569,1.4983281972
1.36688119,-2.4997417457,1.4982963922
1.36718112,-2.5001911249,1.4982646241
1.36748105,-2.5006404947,1.4982328931
1.36778098,-2.5010898549,1.4982011989
1.36808091,-2.5015392056,1.4981695415
1.36838084,-2.5019885469,1.4981379210
1.36868077,-2.5024378786,1.4981063372
1.36898070,-2.5028872009,1.4980747903
1.36928063,-2.5033365137,1.4980432800
1.36958056,-2.5037858171,1.4980118064
1.36988049,-2.5042351111,1.4979803695
1.37018042,-2.5046843956,1.4979489692
1.37048035,-2.5051336707,1.4979176055
1.37078028,-2.5055829365,1.4978862783
1.37108021,-2.5060321928,1.4978549876
1.37138014,-2.5064814397,1.4978237334
1.37168007,-2.5069306773,1.4977925157
1.37198000,-2.5073799055,1.4977613343
1.37227993,-2.5078291244,1.4977301894
1.37257986,-2.5082783339,1.4976990808
1.37287979,-2.5087275341,1.4976680084
1.37317972,-2.5091767250,1.4976369724
1.37347965,-2.5096259066,1.4976059726
1.37377958,-2.5100750789,1.4975750090
1.37407951,-2.5105242420,1.4975440815
1.37437944,-2.5109733957,1.4975131902
1.37467937,-2.5114225402,1.4974823350
1.37497930,-2.5118716754,1.4974515158
1.37527923,-2.5123208014,1.4974207327
1.37557916,-2.5127699182,1.4973899856
1.37587909,-2.5132190258,1.4973592744
1.37617902,-2.5136681241,1.4973285992
1.37647895,-2.5141172133,1.4972979598
1.37677888,-2.5145662933,1.4972673563
1.37707881,-2.5150153641,1.4972367887
1.37737874,-2.5154644257,1.4972062568
1.37767867,-2.5159134782,1.4971757606
1.37797860,-2.5163625215,1.4971453002
1.37827853,-2.5168115558,1.4971148755
1.37857846,-2.5172605809,1.4970844864
1.37887839,-2.5177095968,1.4970541330
1.37917832,-2.5181586037,1.4970238151
1.37947825,-2.5186076015,1.4969935327
1.37977818,-2.5190565902,1.4969632859
1.38007811,-2.5195055699,1.4969330745
1.38037804,-2.5199545405,1.4969028986
1.38067797,-2.5204035020,1.4968727581
1.38097790,-2.5208524546,1.4968426530
1.38127783,-2.5213013981,1.4968125832
1.38157776,-2.5217503325,1.4967825487
1.38187769,-2.5221992580,1.4967525495
1.38217762,-2.5226481745,1.4967225855
1.38247755,-2.5230970820,1.4966926567
1.38277748,-2.5235459805,1.4966627631
1.38307741,-2.5239948701,1.4966329046
1.38337734,-2.5244437507,1.4966030812
1.38367727,-2.5248926224,1.4965732929
1.38397720,-2.5253414852,1.4965435396
1.38427713,-2.5257903390,1.4965138213
1.38457706,-2.5262391839,1.4964841379
1.38487699,-2.5266880200,1.4964544895
1.38517692,-2.5271368471,1.4964248759
1.38547685,-2.5275856654,1.4963952973
1.38577678,-2.5280344748,1.4963657534
1.38607671,-2.5284832753,1.4963362443
1.38637664,-2.5289320670,1.4963067700
1.38667657,-2.5293808499,1.4962773304
1.38697650,-2.5298296239,1.4962479255
1.38727643,-2.5302783891,1.4962185552
1.38757636,-2.5307271455,1.4961892195
1.38787629,-2.5311758932,1.4961599184
1.38817622,-2.5316246320,1.4961306519
1.38847615,-2.5320733621,1.4961014199
1.38877608,-2.5325220834,1.4960722223
1.38907601,-2.5329707959,1.4960430592
1.38937594,-2.5334194998,1.4960139305
1.38967587,-2.5338681948,1.4959848362
1.38997580,-2.5343168812,1.4959557762
1.39027573,-2.5347655588,1.4959267505
1.39057566,-2.5352142278,1.4958977590
1.39087559,-2.5356628881,1.4958688018
1.39117552,-2.5361115396,1.4958398788
1.39147545,-2.5365601825,1.4958109900
1.39177538,-2.5370088168,1.4957821353
1.39207531,-2.5374574424,1.4957533147
1.39237524,-2.5379060594,1.4957245282
1.39267517,-2.5383546677,1.4956957757
1.39297510,-2.5388032674,1.4956670571
1.39327503,-2.5392518585,1.4956383726
1.39357496,-2.5397004410,1.4956097219
1.39387489,-2.5401490149,1.4955811052
1.39417482,-2.5405975803,1.4955525223
1.39447475,-2.5410461370,1.4955239732
1.39477468,-2.5414946853,1.4954954579
1.39507461,-2.5419432249,1.4954669764
1.39537454,-2.5423917561,1.4954385286
1.39567447,-2.5428402787,1.4954101144
1.39597440,-2.5432887928,1.4953817339
1.39627433,-2.5437372983,1.4953533870
1.39657426,-2.5441857954,1.4953250737
1.39687419,-2.5446342840,1.4952967940
1.39717412,-2.5450827641,1.4952685477
1.39747405,-2.5455312358,1.4952403350
1.39777398,-2.5459796990,1.4952121556
1.39807391,-2.5464281537,1.4951840097
1.39837384,-2.5468766000,1.4951558971
1.39867377,-2.5473250379,1.4951278179
1.39897370,-2.5477734674,1.4950997720
1.39927363,-2.5482218884,1.4950717594
1.39957356,-2.5486703011,1.4950437799
1.39987349,-2.5491187054,1.4950158337
1.40017342,-2.5495671013,1.4949879207
1.40047335,-2.5500154888,1.4949600408
1.40077328,-2.5504638680,1.4949321939
1.40107321,-2.5509122388,1.4949043802
1.40137314,-2.5513606013,1.4948765994
1.40167307,-2.5518089555,1.4948488517
1.40197300,-2.5522573013,1.4948211369
1.40227293,-2.5527056389,1.4947934551
1.40257286,-2.5531539681,1.4947658061
1.40287279,-2.5536022891,1.4947381900
1.40317272,-2.5540506017,1.4947106067
1.40347265,-2.5544989061,1.4946830562
1.40377258,-2.5549472023,1.4946555384
1.40407251,-2.5553954902,1.4946280534
1.40437244,-2.5558437699,1.4946006010
1.40467237,-2.5562920413,1.4945731813
1.40497230,-2.5567403045,1.4945457942
1.40527223,-2.5571885595,1.4945184397
1.40557216,-2.5576368063,1.4944911177
1.40587209,-2.5580850449,1.4944638282
1.40617202,-2.5585332754,1.4944365712
1.40647195,-2.5589814976,1.4944093467
1.40677188,-2.5594297117,1.4943821546
1.40707181,-2.5598779177,1.4943549948
1.40737174,-2.5603261155,1.4943278674
1.40767167,-2.5607743052,1.4943007722
1.40797160,-2.5612224867,1.4942737094
1.40827153,-2.5616706602,1.4942466788
1.40857146,-2.5621188255,1.4942196803
1.40887139,-2.5625669828,1.4941927141
1.40917132,-2.5630151320,1.4941657800
1.40947125,-2.5634632731,1.4941388779
1.40977118,-2.5639114061,1.4941120080
1.41007111,-2.5643595311,1.4940851700
1.41037104,-2.5648076480,1.4940583641
1.41067097,-2.5652557569,1.4940315901
1.41097090,-2.5657038578,1.4940048481
1.41127083,-2.5661519506,1.4939781379
1.41157076,-2.5666000355,1.4939514596
1.41187069,-2.5670481123,1.4939248131
1.41217062,-2.5674961812,1.4938981984
1.41247055,-2.5679442421,1.4938716155
1.41277048,-2.5683922950,1.4938450642
1.41307041,-2.5688403400,1.4938185447
1.41337034,-2.5692883770,1.4937920568
1.41367027,-2.5697364060,1.4937656005
1.41397020,-2.5701844272,1.4937391758
1.41427013,-2.5706324404,1.4937127827
1.41457006,-2.5710804457,1.4936864210
1.41486999,-2.5715284431,1.4936600909
1.41516992,-2.5719764326,1.4936337922
1.41546985,-2.5724244143,1.4936075249
1.41576978,-2.5728723880,1.4935812889
1.41606971,-2.5733203539,1.4935550844
1.41636964,-2.5737683119,1.4935289111
1.41666957,-2.5742162621,1.4935027691
1.41696950,-2.5746642045,1.4934766583
1.41726943,-2.5751121390,1.4934505787
1.41756936,-2.5755600657,1.4934245303
1.41786929,-2.5760079846,1.4933985130
1.41816922,-2.5764558958,1.4933725269
1.41846915,-2.5769037991,1.4933465718
1.41876908,-2.5773516946,1.4933206477
1.41906901,-2.5777995824,1.4932947546
1.41936894,-2.5782474624,1.4932688925
1.41966887,-2.5786953346,1.4932430613
1.41996880,-2.5791431991,1.4932172610
1.42026873,-2.5795910559,1.4931914916
1.42056866,-2.5800389050,1.4931657530
1.42086859,-2.5804867463,1.4931400452
1.42116852,-2.5809345799,1.4931143681
1.42146845,-2.5813824059,1.4930887218
1.42176838,-2.5818302241,1.4930631062
1.42206831,-2.5822780347,1.4930375212
1.42236824,-2.5827258376,1.4930119668
1.42266817,-2.5831736328,1.4929864430
1.42296810,-2.5836214204,1.4929609498
1.42326803,-2.5840692004,1.4929354871
1.42356796,-2.5845169727,1.4929100548
1.42386789,-2.5849647374,1.4928846530
1.42416782,-2.5854124944,1.4928592816
1.42446775,-2.5858602439,1.4928339407
1.42476768,-2.5863079858,1.4928086300
1.42506761,-2.5867557201,1.4927833497
1.42536754,-2.5872034468,1.4927580996
1.42566747,-2.5876511659,1.4927328798
1.42596740,-2.5880988775,1.4927076901
1.42626733,-2.5885465815,1.4926825307
1.42656726,-2.5889942780,1.4926574014
1.42686719,-2.5894419670,1.4926323022
1.42716712,-2.5898896484,1.4926072331
1.42746705,-2.5903373223,1.4925821940
1.42776698,-2.5907849888,1.4925571849
1.42806691,-2.5912326477,1.4925322058
1.42836684,-2.5916802991,1.4925072566
1.42866677,-2.5921279431,1.4924823373
1.42896670,-2.5925755795,1.4924574479
1.42926663,-2.5930232086,1.4924325883
1.42956656,-2.5934708301,1.4924077585
1.42986649,-2.5939184443,1.4923829584
1.43016642,-2.5943660509,1.4923581881
1.43046635,-2.5948136502,1.4923334475
1.43076628,-2.5952612421,1.4923087366
1.43106621,-2.5957088265,1.4922840552
1.43136614,-2.5961564036,1.4922594035
1.43166607,-2.5966039732,1.4922347813
1.43196600,-2.5970515355,1.4922101887
1.43226593,-2.5974990904,1.4921856255
1.43256586,-2.5979466379,1.4921610918
1.43286579,-2.5983941781,1.4921365875
1.43316572,-2.5988417110,1.4921121126
1.43346565,-2.5992892365,1.4920876670
1.43376558,-2.5997367547,1.4920632508
1.43406551,-2.6001842655,1.4920388638
1.43436544,-2.6006317691,1.4920145061
1.43466537,-2.6010792653,1.4919901776
1.43496530,-2.6015267543,1.4919658783
1.43526523,-2.6019742360,1.4919416081
1.43556516,-2.6024217104,1.4919173671
1.43586509,-2.6028691775,1.4918931551
1.43616502,-2.6033166374,1.4918689722
1.43646495,-2.6037640900,1.4918448182
1.43676488,-2.6042115354,1.4918206933
1.43706481,-2.6046589735,1.4917965973
1.43736474,-2.6051064045,1.4917725302
1.43766467,-2.6055538282,1.4917484920
1.43796460,-2.6060012447,1.4917244826
1.43826453,-2.6064486540,1.4917005020
1.43856446,-2.6068960561,1.4916765502
1.43886439,-2.6073434511,1.4916526271
1.43916432,-2.6077908389,1.4916287327
1.43946425,-2.6082382195,1.4916048670
1.43976418,-2.6086855929,1.4915810299
1.44006411,-2.6091329592,1.4915572214
1.44036404,-2.6095803184,1.4915334415
1.44066397,-2.6100276705,1.4915096902
1.44096390,-2.6104750154,1.4914859673
1.44126383,-2.6109223532,1.4914622729
1.44156376,-2.6113696839,1.4914386069
1.44186369,-2.6118170076,1.4914149693
1.44216362,-2.6122643241,1.4913913600
1.44246355,-2.6127116336,1.4913677791
1.44276348,-2.6131589360,1.4913442265
1.44306341,-2.6136062313,1.4913207022
1.44336334,-2.6140535196,1.4912972060
1.44366327,-2.6145008008,1.4912737381
1.44396320,-2.6149480750,1.4912502983
1.44426313,-2.6153953422,1.4912268866
1.44456306,-2.6158426024,1.4912035030
1.44486299,-2.6162898555,1.4911801475
1.44516292,-2.6167371017,1.4911568200
1.44546285,-2.6171843408,1.4911335205
1.44576278,-2.6176315730,1.4911102489
1.44606271,-2.6180787982,1.4910870053
1.44636264,-2.6185260164,1.4910637895
1.44666257,-2.6189732277,1.4910406016
1.44696250,-2.6194204320,1.4910174415
1.44726243,-2.6198676294,1.4909943092
1.44756236,-2.6203148198,1.4909712046
1.44786229,-2.6207620034,1.4909481278
1.44816222,-2.6212091800,1.4909250786
1.44846215,-2.6216563497,1.4909020570
1.44876208,-2.6221035125,1.4908790631
1.44906201,-2.6225506684,1.4908560968
1.44936194,-2.6229978174,1.4908331580
1.44966187,-2.6234449595,1.4908102467
1.44996180,-2.6238920948,1.4907873629
1.45026173,-2.6243392232,1.4907645065
1.45056166,-2.6247863448,1.4907416775
1.45086159,-2.6252334595,1.4907188759
1.45116152,-2.6256805674,1.4906961016
1.45146145,-2.6261276684,1.4906733547
1.45176138,-2.6265747627,1.4906506350
1.45206131,-2.6270218501,1.4906279426
1.45236124,-2.6274689307,1.4906052773
1.45266117,-2.6279160046,1.4905826392
1.45296110,-2.6283630716,1.4905600283
1.45326103,-2.6288101319,1.4905374445
1.45356096,-2.6292571854,1.4905148877
1.45386089,-2.6297042321,1.4904923579
1.45416082,-2.6301512721,1.4904698552
1.45446075,-2.6305983053,1.4904473794
1.45476068,-2.6310453318,1.4904249306
1.45506061,-2.6314923516,1.4904025086
1.45536054,-2.6319393647,1.4903801136
1.45566047,-2.6323863710,1.4903577453
1.45596040,-2.6328333706,1.4903354039
1.45626033,-2.6332803636,1.4903130892
1.45656026,-2.6337273498,1.4902908012
1.45686019,-2.6341743294,1.4902685399
1.45716012,-2.6346213023,1.4902463053
1.45746005,-2.6350682685,1.4902240973
1.45775998,-2.6355152281,1.4902019159
1.45805991,-2.6359621810,1.4901797611
1.45835984,-2.6364091273,1.4901576328
1.45865977,-2.6368560670,1.4901355309
1.45895970,-2.6373030000,1.4901134556
1.45925963,-2.6377499264,1.4900914066
1.45955956,-2.6381968462,1.4900693841
1.45985949,-2.6386437594,1.4900473879
1.46015942,-2.6390906660,1.4900254180
1.46045935,-2.6395375660,1.4900034744
1.46075928,-2.6399844595,1.4899815570
1.46105921,-2.6404313463,1.4899596659
1.46135914,-2.6408782267,1.4899378010
1.46165907,-2.6413251004,1.4899159622
1.46195900,-2.6417719676,1.4898941495
1.46225893,-2.6422188283,1.4898723629
1.46255886,-2.6426656824,1.4898506024
1.46285879,-2.6431125301,1.4898288679
1.46315872,-2.6435593712,1.4898071594
1.46345865,-2.6440062058,1.4897854768
1.46375858,-2.6444530339,1.4897638201
1.46405851,-2.6448998555,1.4897421893
1.46435844,-2.6453466706,1.4897205844
1.46465837,-2.6457934792,1.4896990052
1.46495830,-2.6462402814,1.4896774519
1.46525823,-2.6466870771,1.4896559243
1.46555816,-2.6471338664,1.4896344224
1.46585809,-2.6475806492,1.4896129462
1.46615802,-2.6480274256,1.4895914956
1.46645795,-2.6484741956,1.4895700706
1.46675788,-2.6489209591,1.4895486713
1.46705781,-2.6493677162,1.4895272974
1.46735774,-2.6498144669,1.4895059491
1.46765767,-2.6502612112,1.4894846262
1.46795760,-2.6507079491,1.4894633288
1.46825753,-2.6511546807,1.4894420568
1.46855746,-2.6516014058,1.4894208102
1.46885739,-2.6520481246,1.4893995889
1.46915732,-2.6524948370,1.4893783929
1.46945725,-2.6529415431,1.4893572222
1.46975718,-2.6533882428,1.4893360767
1.47005711,-2.6538349362,1.4893149565
1.47035704,-2.6542816233,1.4892938614
1.47065697,-2.6547283040,1.4892727914
1.47095690,-2.6551749784,1.4892517466
1.47125683,-2.6556216466,1.4892307268
1.47155676,-2.6560683084,1.4892097321
1.47185669,-2.6565149639,1.4891887623
1.47215662,-2.6569616131,1.4891678176
1.47245655,-2.6574082561,1.4891468977
1.47275648,-2.6578548928,1.4891260028
1.47305641,-2.6583015232,1.4891051327
1.47335634,-2.6587481473,1.4890842875
1.47365627,-2.6591947653,1.4890634671
1.47395620,-2.6596413769,1.4890426714
1.47425613,-2.6600879824,1.4890219005
1.47455606,-2.6605345816,1.4890011543
1.47485599,-2.6609811746,1.4889804327
1.47515592,-2.6614277614,1.4889597358
1.47545585,-2.6618743420,1.4889390635
1.47575578,-2.6623209163,1.4889184157
1.47605571,-2.6627674845,1.4888977925
1.47635564,-2.6632140465,1.4888771938
1.47665557,-2.6636606024,1.4888566196
1.47695550,-2.6641071521,1.4888360697
1.47725543,-2.6645536956,1.4888155443
1.47755536,-2.6650002329,1.4887950432
1.47785529,-2.6654467641,1.4887745665
1.47815522,-2.6658932892,1.4887541141
1.47845515,-2.6663398082,1.4887336859
1.47875508,-2.6667863210,1.4887132820
1.47905501,-2.6672328277,1.4886929022
1.47935494,-2.6676793283,1.4886725467
1.47965487,-2.6681258228,1.4886522152
1.47995480,-2.6685723112,1.4886319079
1.48025473,-2.6690187935,1.4886116246
1.48055466,-2.6694652697,1.4885913653
1.48085459,-2.6699117399,1.4885711300
1.48115452,-2.6703582040,1.4885509187
1.48145445,-2.6708046620,1.4885307314
1.48175438,-2.6712511140,1.4885105679
1.48205431,-2.6716975600,1.4884904283
1.48235424,-2.6721439999,1.4884703125
1.48265417,-2.6725904337,1.4884502205
1.48295410,-2.6730368616,1.4884301523
1.48325403,-2.6734832834,1.4884101078
1.48355396,-2.6739296993,1.4883900869
1.48385389,-2.6743761091,1.4883700898
1.48415382,-2.6748225129,1.4883501163
1.48445375,-2.6752689108,1.4883301663
1.48475368,-2.6757153026,1.4883102400
1.48505361,-2.6761616885,1.4882903371
1.48535354,-2.6766080685,1.4882704578
1.48565347,-2.6770544424,1.4882506019
1.48595340,-2.6775008104,1.4882307694
1.48625333,-2.6779471725,1.4882109604
1.48655326,-2.6783935286,1.4881911747
1.48685319,-2.6788398788,1.4881714123
1.48715312,-2.6792862231,1.4881516732
1.48745305,-2.6797325615,1.4881319574
1.48775298,-2.6801788939,1.4881122648
1.48805291,-2.6806252205,1.4880925954
1.48835284,-2.6810715411,1.4880729491
1.48865277,-2.6815178559,1.4880533260
1.48895270,-2.6819641648,1.4880337260
1.48925263,-2.6824104678,1.4880141490
1.48955256,-2.6828567649,1.4879945950
1.48985249,-2.6833030562,1.4879750641
1.49015242,-2.6837493416,1.4879555561
1.49045235,-2.6841956212,1.4879360710
1.49075228,-2.6846418950,1.4879166089
1.49105221,-2.6850881629,1.4878971695
1.49135214,-2.6855344249,1.4878777531
1.49165207,-2.6859806812,1.4878583594
1.49195200,-2.6864269316,1.4878389884
1.49225193,-2.6868731763,1.4878196402
1.49255186,-2.6873194151,1.4878003147
1.49285179,-2.6877656481,1.4877810119
1.49315172,-2.6882118754,1.4877617316
1.49345165,-2.6886580969,1.4877424740
1.49375158,-2.6891043126,1.4877232389
1.49405151,-2.6895505225,1.4877040264
1.49435144,-2.6899967267,1.4876848363
1.49465137,-2.6904429251,1.4876656687
1.49495130,-2.6908891178,1.4876465236
1.49525123,-2.6913353047,1.4876274008
1.49555116,-2.6917814859,1.4876083004
1.49585109,-2.6922276614,1.4875892223
1.49615102,-2.6926738312,1.4875701665
1.49645095,-2.6931199952,1.4875511330
1.49675088,-2.6935661536,1.4875321217
1.49705081,-2.6940123062,1.4875131326
1.49735074,-2.6944584532,1.4874941656
1.49765067,-2.6949045945,1.4874752208
1.49795060,-2.6953507301,1.4874562981
1.49825053,-2.6957968600,1.4874373974
1.49855046,-2.6962429842,1.4874185188
1.49885039,-2.6966891028,1.4873996621
1.49915032,-2.6971352158,1.4873808275
1.49945025,-2.6975813231,1.4873620147
1.49975018,-2.6980274247,1.4873432239
1.50005011,-2.6984735208,1.4873244549
1.50035004,-2.6989196112,1.4873057077
1.50064996,-2.6993656960,1.4872869824
1.50094989,-2.6998117751,1.4872682788
1.50124982,-2.7002578487,1.4872495969
1.50154975,-2.7007039166,1.4872309367
1.50184968,-2.7011499790,1.4872122982
1.50214961,-2.7015960358,1.4871936814
1.50244954,-2.7020420870,1.4871750861
1.50274947,-2.7024881326,1.4871565124
1.50304940,-2.7029341727,1.4871379602
1.50334933,-2.7033802072,1.4871194295
1.50364926,-2.7038262361,1.4871009203
1.50394919,-2.7042722595,1.4870824325
1.50424912,-2.7047182774,1.4870639662
1.50454905,-2.7051642897,1.4870455212
1.50484898,-2.7056102965,1.4870270975
1.50514891,-2.7060562977,1.4870086951
1.50544884,-2.7065022935,1.4869903140
1.50574877,-2.7069482837,1.4869719541
1.50604870,-2.7073942685,1.4869536155
1.50634863,-2.7078402477,1.4869352980
1.50664856,-2.7082862214,1.4869170016
1.50694849,-2.7087321897,1.4868987263
1.50724842,-2.7091781525,1.4868804722
1.50754835,-2.7096241098,1.4868622390
1.50784828,-2.7100700617,1.4868440269
1.50814821,-2.7105160080,1.4868258357
1.50844814,-2.7109619490,1.4868076654
1.50874807,-2.7114078845,1.4867895161
1.50904800,-2.7118538145,1.4867713876
1.50934793,-2.7122997391,1.4867532800
1.50964786,-2.7127456583,1.4867351932
1.50994779,-2.7131915721,1.4867171272
1.51024772,-2.7136374804,1.4866990819
1.51054765,-2.7140833834,1.4866810573
1.51084758,-2.7145292809,1.4866630534
1.51114751,-2.7149751731,1.4866450701
1.51144744,-2.7154210598,1.4866271074
1.51174737,-2.7158669412,1.4866091654
1.51204730,-2.7163128172,1.4865912438
1.51234723,-2.7167586878,1.4865733428
1.51264716,-2.7172045530,1.4865554622
1.51294709,-2.7176504129,1.4865376021
1.51324702,-2.7180962674,1.4865197624
1.51354695,-2.7185421166,1.4865019431
1.51384688,-2.7189879605,1.4864841441
1.51414681,-2.7194337990,1.4864663655
1.51444674,-2.7198796322,1.4864486071
1.51474667,-2.7203254600,1.4864308690
1.51504660,-2.7207712826,1.4864131511
1.51534653,-2.7212170998,1.4863954534
1.51564646,-2.7216629117,1.4863777758
1.51594639,-2.7221087184,1.4863601183
1.51624632,-2.7225545197,1.4863424810
1.51654625,-2.7230003157,1.4863248637
1.51684618,-2.7234461065,1.4863072664
1.51714611,-2.7238918920,1.4862896890
1.51744604,-2.7243376722,1.4862721317
1.51774597,-2.7247834472,1.4862545943
1.51804590,-2.7252292169,1.4862370767
1.51834583,-2.7256749813,1.4862195790
1.51864576,-2.7261207405,1.4862021011
1.51894569,-2.7265664945,1.4861846431
1.51924562,-2.7270122432,1.4861672047
1.51954555,-2.7274579867,1.4861497862
1.51984548,-2.7279037250,1.4861323873
1.52014541,-2.7283494581,1.4861150080
1.52044534,-2.7287951860,1.4860976484
1.52074527,-2.7292409086,1.4860803084
1.52104520,-2.7296866261,1.4860629879
1.52134513,-2.7301323383,1.4860456870
1.52164506,-2.7305780454,1.4860284056
1.52194499,-2.7310237473,1.4860111436
1.52224492,-2.7314694440,1.4859939011
1.52254485,-2.7319151356,1.4859766779
1.52284478,-2.7323608220,1.4859594742
1.52314471,-2.7328065032,1.4859422897
1.52344464,-2.7332521793,1.4859251246
1.52374457,-2.7336978502,1.4859079788
1.52404450,-2.7341435160,1.4858908521
1.52434443,-2.7345891767,1.4858737447
1.52464436,-2.7350348322,1.4858566565
1.52494429,-2.7354804827,1.4858395873
1.52524422,-2.7359261280,1.4858225373
1.52554415,-2.7363717681,1.4858055064
1.52584408,-2.7368174032,1.4857884945
1.52614401,-2.7372630332,1.4857715017
1.52644394,-2.7377086581,1.4857545277
1.52674387,-2.7381542779,1.4857375728
1.52704380,-2.7385998926,1.4857206367
1.52734373,-2.7390455023,1.4857037196
1.52764366,-2.7394911068,1.4856868213
1.52794359,-2.7399367063,1.4856699418
1.52824352,-2.7403823008,1.4856530810
1.52854345,-2.7408278902,1.4856362391
1.52884338,-2.7412734745,1.4856194158
1.52914331,-2.7417190538,1.4856026112
1.52944324,-2.7421646281,1.4855858253
1.52974317,-2.7426101973,1.4855690580
1.53004310,-2.7430557615,1.4855523093
1.53034303,-2.7435013207,1.4855355791
1.53064296,-2.7439468749,1.4855188675
1.53094289,-2.7443924240,1.4855021744
1.53124282,-2.7448379682,1.4854854997
1.53154275,-2.7452835073,1.4854688434
1.53184268,-2.7457290415,1.4854522056
1.53214261,-2.7461745707,1.4854355861
1.53244254,-2.7466200949,1.4854189849
1.53274247,-2.7470656141,1.4854024020
1.53304240,-2.7475111283,1.4853858374
1.53334233,-2.7479566376,1.4853692910
1.53364226,-2.7484021419,1.4853527628
1.53394219,-2.7488476413,1.4853362528
1.53424212,-2.7492931357,1.4853197609
1.53454205,-2.7497386252,1.4853032872
1.53484198,-2.7501841097,1.4852868315
1.53514191,-2.7506295893,1.4852703938
1.53544184,-2.7510750640,1.4852539741
1.53574177,-2.7515205338,1.4852375725
1.53604170,-2.7519659986,1.4852211887
1.53634163,-2.7524114585,1.4852048229
1.53664156,-2.7528569135,1.4851884749
1.53694149,-2.7533023637,1.4851721448
1.53724142,-2.7537478089,1.4851558325
1.53754135,-2.7541932492,1.4851395380
1.53784128,-2.7546386847,1.4851232612
1.53814121,-2.7550841152,1.4851070022
1.53844114,-2.7555295409,1.4850907608
1.53874107,-2.7559749618,1.4850745371
1.53904100,-2.7564203777,1.4850583310
1.53934093,-2.7568657888,1.4850421425
1.53964086,-2.7573111951,1.4850259716
1.53994079,-2.7577565965,1.4850098182
1.54024072,-2.7582019931,1.4849936822
1.54054065,-2.7586473848,1.4849775638
1.54084058,-2.7590927717,1.4849614627
1.54114051,-2.7595381537,1.4849453791
1.54144044,-2.7599835310,1.4849293128
1.54174037,-2.7604289034,1.4849132639
1.54204030,-2.7608742710,1.4848972322
1.54234023,-2.7613196339,1.4848812178
1.54264016,-2.7617649919,1.4848652207
1.54294009,-2.7622103451,1.4848492407
1.54324002,-2.7626556935,1.4848332780
1.54353995,-2.7631010372,1.4848173323
1.54383988,-2.7635463760,1.4848014038
1.54413981,-2.7639917101,1.4847854924
1.54443974,-2.7644370394,1.4847695980
1.54473967,-2.7648823640,1.4847537206
1.54503960,-2.7653276838,1.4847378602
1.54533953,-2.7657729988,1.4847220167
1.54563946,-2.7662183091,1.4847061902
1.54593939,-2.7666636146,1.4846903805
1.54623932,-2.7671089154,1.4846745877
1.54653925,-2.7675542115,1.4846588117
1.54683918,-2.7679995029,1.4846430525
1.54713911,-2.7684447895,1.4846273101
1.54743904,-2.7688900714,1.4846115844
1.54773897,-2.7693353486,1.4845958753
1.54803890,-2.7697806210,1.4845801830
1.54833883,-2.7702258888,1.4845645073
1.54863876,-2.7706711519,1.4845488481
1.54893869,-2.7711164103,1.4845332056
1.54923862,-2.7715616639,1.4845175795
1.54953855,-2.7720069130,1.4845019700
1.54983848,-2.7724521573,1.4844863769
1.55013841,-2.7728973969,1.4844708003
1.55043834,-2.7733426319,1.4844552401
1.55073827,-2.7737878622,1.4844396963
1.55103820,-2.7742330879,1.4844241688
1.55133813,-2.7746783089,1.4844086576
1.55163806,-2.7751235252,1.4843931627
1.55193799,-2.7755687370,1.4843776840
1.55223792,-2.7760139440,1.4843622216
1.55253785,-2.7764591465,1.4843467753
1.55283778,-2.7769043443,1.4843313452
1.55313771,-2.7773495374,1.4843159312
1.55343764,-2.7777947260,1.4843005333
1.55373757,-2.7782399099,1.4842851515
1.55403750,-2.7786850893,1.4842697857
1.55433743,-2.7791302640,1.4842544359
1.55463736,-2.7795754341,1.4842391020
1.55493729,-2.7800205996,1.4842237841
1.55523722,-2.7804657606,1.4842084821
1.55553715,-2.7809109169,1.4841931960
1.55583708,-2.7813560687,1.4841779257
1.55613701,-2.7818012159,1.4841626712
1.55643694,-2.7822463585,1.4841474324
1.55673687,-2.7826914965,1.4841322094
1.55703680,-2.7831366300,1.4841170021
1.55733673,-2.7835817589,1.4841018105
1.55763666,-2.7840268833,1.4840866346
1.55793659,-2.7844720031,1.4840714743
1.55823652,-2.7849171184,1.4840563295
1.55853645,-2.7853622291,1.4840412003
1.55883638,-2.7858073353,1.4840260866
1.55913631,-2.7862524370,1.4840109884
1.55943624,-2.7866975341,1.4839959057
1.55973617,-2.7871426268,1.4839808384
1.56003610,-2.7875877149,1.4839657865
1.56033603,-2.7880327984,1.4839507499
1.56063596,-2.7884778775,1.4839357287
1.56093589,-2.7889229521,1.4839207228
1.56123582,-2.7893680222,1.4839057322
1.56153575,-2.7898130878,1.4838907568
1.56183568,-2.7902581489,1.4838757966
1.56213561,-2.7907032055,1.4838608516
1.56243554,-2.7911482576,1.4838459217
1.56273547,-2.7915933053,1.4838310069
1.56303540,-2.7920383485,1.4838161072
1.56333533,-2.7924833872,1.4838012226
1.56363526,-2.7929284215,1.4837863530
1.56393519,-2.7933734513,1.4837714984
1.56423512,-2.7938184766,1.4837566587
1.56453505,-2.7942634975,1.4837418340
1.56483498,-2.7947085140,1.4837270241
1.56513491,-2.7951535260,1.4837122291
1.56543484,-2.7955985336,1.4836974490
1.56573477,-2.7960435367,1.4836826836
1.56603470,-2.7964885354,1.4836679330
1.56633463,-2.7969335297,1.4836531972
1.56663456,-2.7973785196,1.4836384760
1.56693449,-2.7978235051,1.4836237695
1.56723442,-2.7982684862,1.4836090777
1.56753435,-2.7987134628,1.4835944005
1.56783428,-2.7991584351,1.4835797379
1.56813421,-2.7996034029,1.4835650898
1.56843414,-2.8000483664,1.4835504562
1.56873407,-2.8004933255,1.4835358371
1.56903400,-2.8009382802,1.4835212325
1.56933393,-2.8013832305,1.4835066423
1.56963386,-2.8018281765,1.4834920665
1.56993379,-2.8022731181,1.4834775050
1.57023372,-2.8027180553,1.4834629579
1.57053365,-2.8031629881,1.4834484251
1.57083358,-2.8036079166,1.4834339066
1.57113351,-2.8040528408,1.4834194023
1.57143344,-2.8044977606,1.4834049122
1.57173337,-2.8049426760,1.4833904363
1.57203330,-2.8053875871,1.4833759745
1.57233323,-2.8058324939,1.4833615268
1.57263316,-2.8062773964,1.4833470933
1.57293309,-2.8067222945,1.4833326737
1.57323302,-2.8071671883,1.4833182682
1.57353295,-2.8076120777,1.4833038767
1.57383288,-2.8080569629,1.4832894992
1.57413281,-2.8085018438,1.4832751356
1.57443274,-2.8089467203,1.4832607858
1.57473267,-2.8093915926,1.4832464500
1.57503260,-2.8098364605,1.4832321279
1.57533253,-2.8102813242,1.4832178197
1.57563246,-2.8107261835,1.4832035253
1.57593239,-2.8111710386,1.4831892446
1.57623232,-2.8116158894,1.4831749776
1.57653225,-2.8120607359,1.4831607243
1.57683218,-2.8125055782,1.4831464846
1.57713211,-2.8129504162,1.4831322586
1.57743204,-2.8133952499,1.4831180461
1.57773197,-2.8138400793,1.4831038472
1.57803190,-2.8142849045,1.4830896618
1.57833183,-2.8147297255,1.4830754899
1.57863176,-2.8151745422,1.4830613315
1.57893169,-2.8156193546,1.4830471866
1.57923162,-2.8160641628,1.4830330550
1.57953155,-2.8165089668,1.4830189368
1.57983148,-2.8169537666,1.4830048319
1.58013141,-2.8173985621,1.4829907404
1.58043134,-2.8178433534,1.4829766621
1.58073127,-2.8182881404,1.4829625971
1.58103120,-2.8187329233,1.4829485453
1.58133113,-2.8191777019,1.4829345067
1.58163106,-2.8196224764,1.4829204812
1.58193099,-2.8200672466,1.4829064689
1.58223092,-2.8205120126,1.4828924696
1.58253085,-2.8209567744,1.4828784835
1.58283078,-2.8214015321,1.4828645103
1.58313071,-2.8218462855,1.4828505502
1.58343064,-2.8222910348,1.4828366030
1.58373057,-2.8227357799,1.4828226688
1.58403050,-2.8231805208,1.4828087475
1.58433043,-2.8236252575,1.4827948391
1.58463036,-2.8240699901,1.4827809435
1.58493029,-2.8245147185,1.4827670608
1.58523022,-2.8249594427,1.4827531908
1.58553015,-2.8254041628,1.4827393336
1.58583008,-2.8258488787,1.4827254891
1.58613001,-2.8262935905,1.4827116574
1.58642994,-2.8267382981,1.4826978382
1.58672987,-2.8271830016,1.4826840318
1.58702980,-2.8276277009,1.4826702379
1.58732973,-2.8280723961,1.4826564566
1.58762966,-2.8285170872,1.4826426879
1.58792959,-2.8289617741,1.4826289316
1.58822952,-2.8294064570,1.4826151879
1.58852945,-2.8298511357,1.4826014566
1.58882938,-2.8302958102,1.4825877377
1.58912931,-2.8307404807,1.4825740312
1.58942924,-2.8311851471,1.4825603371
1.58972917,-2.8316298093,1.4825466553
1.59002910,-2.8320744675,1.4825329859
1.59032903,-2.8325191216,1.4825193287
1.59062896,-2.8329637715,1.4825056837
1.59092889,-2.8334084174,1.4824920509
1.59122882,-2.8338530592,1.4824784304
1.59152875,-2.8342976969,1.4824648219
1.59182868,-2.8347423305,1.4824512256
1.59212861,-2.8351869601,1.4824376414
1.59242854,-2.8356315855,1.4824240692
1.59272847,-2.8360762069,1.4824105091
1.59302840,-2.8365208243,1.4823969610
1.59332833,-2.8369654376,1.4823834248
1.59362826,-2.8374100468,1.4823699006
1.59392819,-2.8378546520,1.4823563882
1.59422812,-2.8382992531,1.4823428878
1.59452805,-2.8387438501,1.4823293992
1.59482798,-2.8391884432,1.4823159224
1.59512791,-2.8396330321,1.4823024574
1.59542784,-2.8400776171,1.4822890042
1.59572777,-2.8405221980,1.4822755627
1.59602770,-2.8409667749,1.4822621329
1.59632763,-2.8414113477,1.4822487147
1.59662756,-2.8418559166,1.4822353082
1.59692749,-2.8423004814,1.4822219133
1.59722742,-2.8427450422,1.4822085300
1.59752735,-2.8431895990,1.4821951582
1.59782728,-2.8436341518,1.4821817979
1.59812721,-2.8440787005,1.4821684491
1.59842714,-2.8445232453,1.4821551118
1.59872707,-2.8449677861,1.4821417859
1.59902700,-2.8454123229,1.4821284714
1.59932693,-2.8458568557,1.4821151682
1.59962686,-2.8463013844,1.4821018764
1.59992679,-2.8467459093,1.4820885959
1.60022672,-2.8471904301,1.4820753267
1.60052665,-2.8476349469,1.4820620687
1.60082658,-2.8480794598,1.4820488219
1.60112651,-2.8485239687,1.4820355863
1.60142644,-2.8489684737,1.4820223619
1.60172637,-2.8494129746,1.4820091486
1.60202630,-2.8498574717,1.4819959464
1.60232623,-2.8503019647,1.4819827552
1.60262616,-2.8507464538,1.4819695751
1.60292609,-2.8511909390,1.4819564060
1.60322602,-2.8516354202,1.4819432479
1.60352595,-2.8520798974,1.4819301007
1.60382588,-2.8525243707,1.4819169644
1.60412581,-2.8529688401,1.4819038390
1.60442574,-2.8534133055,1.4818907245
1.60472567,-2.8538577671,1.4818776208
1.60502560,-2.8543022246,1.4818645279
1.60532553,-2.8547466783,1.4818514458
1.60562546,-2.8551911280,1.4818383744
1.60592539,-2.8556355738,1.4818253137
1.60622532,-2.8560800157,1.4818122636
1.60652525,-2.8565244537,1.4817992243
1.60682518,-2.8569688878,1.4817861955
1.60712511,-2.8574133180,1.4817731774
1.60742504,-2.8578577442,1.4817601697
1.60772497,-2.8583021666,1.4817471727
1.60802490,-2.8587465851,1.4817341861
1.60832483,-2.8591909997,1.4817212100
1.60862476,-2.8596354103,1.4817082443
1.60892469,-2.8600798171,1.4816952890
1.60922462,-2.8605242201,1.4816823442
1.60952455,-2.8609686191,1.4816694096
1.60982448,-2.8614130142,1.4816564854
1.61012441,-2.8618574055,1.4816435715
1.61042434,-2.8623017929,1.4816306678
1.61072427,-2.8627461765,1.4816177744
1.61102420,-2.8631905562,1.4816048912
1.61132413,-2.8636349320,1.4815920181
1.61162406,-2.8640793039,1.4815791552
1.61192399,-2.8645236720,1.4815663024
1.61222392,-2.8649680363,1.4815534597
1.61252385,-2.8654123967,1.4815406271
1.61282378,-2.8658567532,1.4815278044
1.61312371,-2.8663011059,1.4815149918
1.61342364,-2.8667454548,1.4815021891
1.61372357,-2.8671897998,1.4814893964
1.61402350,-2.8676341410,1.4814766136
1.61432343,-2.8680784783,1.4814638406
1.61462336,-2.8685228119,1.4814510775
1.61492329,-2.8689671416,1.4814383242
1.61522322,-2.8694114674,1.4814255808
1.61552315,-2.8698557895,1.4814128470
1.61582308,-2.8703001077,1.4814001230
1.61612301,-2.8707444221,1.4813874087
1.61642294,-2.8711887327,1.4813747041
1.61672287,-2.8716330395,1.4813620091
1.61702280,-2.8720773425,1.4813493238
1.61732273,-2.8725216417,1.4813366480
1.61762266,-2.8729659371,1.4813239817
1.61792259,-2.8734102287,1.4813113250
1.61822252,-2.8738545165,1.4812986778
1.61852245,-2.8742988005,1.4812860401
1.61882238,-2.8747430807,1.4812734118
1.61912231,-2.8751873572,1.4812607929
1.61942224,-2.8756316298,1.4812481834
1.61972217,-2.8760758987,1.4812355832
1.62002210,-2.8765201638,1.4812229924
1.62032203,-2.8769644251,1.4812104108
1.62062196,-2.8774086826,1.4811978385
1.62092189,-2.8778529364,1.4811852755
1.62122182,-2.8782971864,1.4811727216
1.62152175,-2.8787414327,1.4811601769
1.62182168,-2.8791856751,1.4811476414
1.62212161,-2.8796299139,1.4811351150
1.62242154,-2.8800741488,1.4811225977
1.62272147,-2.8805183800,1.4811100894
1.62302140,-2.8809626075,1.4810975902
1.62332133,-2.8814068312,1.4810850999
1.62362126,-2.8818510512,1.4810726187
1.62392119,-2.8822952674,1.4810601463
1.62422112,-2.8827394799,1.4810476829
1.62452105,-2.8831836887,1.4810352284
1.62482098,-2.8836278937,1.4810227827
1.62512091,-2.8840720950,1.4810103459
1.62542084,-2.8845162925,1.4809979178
1.62572077,-2.8849604864,1.4809854986
1.62602070,-2.8854046765,1.4809730880
1.62632063,-2.8858488629,1.4809606862
1.62662056,-2.8862930455,1.4809482930
1.62692049,-2.8867372245,1.4809359085
1.62722042,-2.8871813997,1.4809235327
1.62752035,-2.8876255712,1.4809111654
1.62782028,-2.8880697391,1.4808988067
1.62812021,-2.8885139032,1.4808864565
1.62842014,-2.8889580636,1.4808741148
1.62872007,-2.8894022203,1.4808617817
1.62902000,-2.8898463733,1.4808494569
1.62931993,-2.8902905226,1.4808371406
1.62961986,-2.8907346683,1.4808248327
1.62991979,-2.8911788102,1.4808125331
1.63021972,-2.8916229485,1.4808002419
1.63051965,-2.8920670830,1.4807879590
1.63081958,-2.8925112139,1.4807756844
1.63111951,-2.8929553411,1.4807634180
1.63141944,-2.8933994646,1.4807511598
1.63171937,-2.8938435845,1.4807389098
1.63201930,-2.8942877006,1.4807266680
1.63231923,-2.8947318131,1.4807144344
1.63261916,-2.8951759220,1.4807022088
1.63291909,-2.8956200272,1.4806899913
1.63321902,-2.8960641287,1.4806777819
1.63351895,-2.8965082265,1.4806655804
1.63381888,-2.8969523207,1.4806533870
1.63411881,-2.8973964112,1.4806412015
1.63441874,-2.8978404981,1.4806290240
1.63471867,-2.8982845813,1.4806168544
1.63501860,-2.8987286609,1.4806046926
1.63531853,-2.8991727368,1.4805925387
1.63561846,-2.8996168091,1.4805803926
1.63591839,-2.9000608778,1.4805682543
1.63621832,-2.9005049428,1.4805561238
1.63651825,-2.9009490042,1.4805440010
1.63681818,-2.9013930619,1.4805318859
1.63711811,-2.9018371160,1.4805197785
1.63741804,-2.9022811665,1.4805076787
1.63771797,-2.9027252133,1.4804955866
1.63801790,-2.9031692565,1.4804835020
1.63831783,-2.9036132961,1.4804714251
1.63861776,-2.9040573321,1.4804593556
1.63891769,-2.9045013644,1.4804472937
1.63921762,-2.9049453932,1.4804352392
1.63951755,-2.9053894183,1.4804231922
1.63981748,-2.9058334398,1.4804111526
1.64011741,-2.9062774577,1.4803991204
1.64041734,-2.9067214720,1.4803870956
1.64071727,-2.9071654827,1.4803750781
1.64101720,-2.9076094898,1.4803630679
1.64131713,-2.9080534933,1.4803510650
1.64161706,-2.9084974932,1.4803390693
1.64191699,-2.9089414894,1.4803270809
1.64221692,-2.9093854821,1.4803150996
1.64251685,-2.9098294712,1.4803031256
1.64281678,-2.9102734568,1.4802911586
1.64311671,-2.9107174387,1.4802791988
1.64341664,-2.9111614170,1.4802672461
1.64371657,-2.9116053918,1.4802553004
1.64401650,-2.9120493629,1.4802433618
1.64431643,-2.9124933305,1.4802314301
1.64461636,-2.9129372945,1.4802195054
1.64491629,-2.9133812550,1.4802075877
1.64521622,-2.9138252118,1.4801956768
1.64551615,-2.9142691651,1.4801837729
1.64581608,-2.9147131149,1.4801718758
1.64611601,-2.9151570610,1.4801599856
1.64641594,-2.9156010036,1.4801481021
1.64671587,-2.9160449426,1.4801362254
1.64701580,-2.9164888781,1.4801243555
1.64731573,-2.9169328100,1.4801124923
1.64761566,-2.9173767384,1.4801006358
1.64791559,-2.9178206632,1.4800887859
1.64821552,-2.9182645844,1.4800769427
1.64851545,-2.9187085021,1.4800651060
1.64881538,-2.9191524162,1.4800532760
1.64911531,-2.9195963268,1.4800414525
1.64941524,-2.9200402339,1.4800296355
1.64971517,-2.9204841374,1.4800178250
1.65001510,-2.9209280374,1.4800060210
1.65031503,-2.9213719338,1.4799942235
1.65061496,-2.9218158267,1.4799824323
1.65091489,-2.9222597160,1.4799706475
1.65121482,-2.9227036018,1.4799588691
1.65151475,-2.9231474841,1.4799470970
1.65181468,-2.9235913629,1.4799353312
1.65211461,-2.9240352381,1.4799235717
1.65241454,-2.9244791098,1.4799118184
1.65271447,-2.9249229780,1.4799000713
1.65301440,-2.9253668427,1.4798883304
1.65331433,-2.9258107038,1.4798765957
1.65361426,-2.9262545614,1.4798648671
1.65391419,-2.9266984155,1.4798531446
1.65421412,-2.9271422661,1.4798414282
1.65451405,-2.9275861132,1.4798297179
1.65481398,-2.9280299567,1.4798180136
1.65511391,-2.9284737968,1.4798063152
1.65541384,-2.9289176333,1.4797946229
1.65571377,-2.9293614664,1.4797829364
1.65601370,-2.9298052959,1.4797712559
1.65631363,-2.9302491219,1.4797595813
1.65661356,-2.9306929445,1.4797479125
1.65691349,-2.9311367635,1.4797362495
1.65721342,-2.9315805790,1.4797245924
1.65751335,-2.9320243911,1.4797129410
1.65781328,-2.9324681996,1.4797012954
1.65811321,-2.9329120047,1.4796896555
1.65841314,-2.9333558062,1.4796780213
1.65871307,-2.9337996043,1.4796663927
1.65901300,-2.9342433989,1.4796547698
1.65931293,-2.9346871900,1.4796431525
1.65961286,-2.9351309776,1.4796315408
1.65991279,-2.9355747617,1.4796199346
1.66021272,-2.9360185424,1.4796083340
1.66051265,-2.9364623196,1.4795967388
1.66081258,-2.9369060933,1.4795851492
1.66111251,-2.9373498635,1.4795735649
1.66141244,-2.9377936303,1.4795619861
1.66171237,-2.9382373935,1.4795504127
1.66201230,-2.9386811534,1.4795388446
1.66231223,-2.9391249097,1.4795272819
1.66261216,-2.9395686626,1.4795157245
1.66291209,-2.9400124120,1.4795041724
1.66321202,-2.9404561579,1.4794926255
1.66351195,-2.9408999004,1.4794810838
1.66381188,-2.9413436394,1.4794695474
1.66411181,-2.9417873750,1.4794580161
1.66441174,-2.9422311071,1.4794464900
1.66471167,-2.9426748357,1.4794349690
1.66501160,-2.9431185609,1.4794234530
1.66531153,-2.9435622827,1.4794119422
1.66561146,-2.9440060010,1.4794004363
1.66591139,-2.9444497158,1.4793889355
1.66621132,-2.9448934272,1.4793774397
1.66651125,-2.9453371351,1.4793659488
1.66681118,-2.9457808396,1.4793544628
1.66711111,-2.9462245407,1.4793429818
1.66741104,-2.9466682383,1.4793315056
1.66771097,-2.9471119324,1.4793200343
1.66801090,-2.9475556232,1.4793085678
1.66831083,-2.9479993105,1.4792971060
1.66861076,-2.9484429943,1.4792856491
1.66891069,-2.9488866747,1.4792741969
1.66921062,-2.9493303517,1.4792627493
1.66951055,-2.9497740253,1.4792513065
1.66981048,-2.9502176954,1.4792398684
1.67011041,-2.9506613621,1.4792284348
1.67041034,-2.9511050253,1.4792170059
1.67071027,-2.9515486852,1.4792055815
1.67101020,-2.9519923416,1.4791941617
1.67131013,-2.9524359946,1.4791827465
1.67161006,-2.9528796441,1.4791713357
1.67190999,-2.9533232902,1.4791599294
1.67220992,-2.9537669330,1.4791485275
1.67250985,-2.9542105723,1.4791371300
1.67280978,-2.9546542081,1.4791257370
1.67310971,-2.9550978406,1.4791143483
1.67340964,-2.9555414697,1.4791029639
1.67370957,-2.9559850953,1.4790915838
1.67400950,-2.9564287175,1.4790802080
1.67430943,-2.9568723363,1.4790688365
1.67460936,-2.9573159517,1.4790574692
1.67490929,-2.9577595637,1.4790461061
1.67520922,-2.9582031723,1.4790347472
1.67550915,-2.9586467775,1.4790233924
1.67580908,-2.9590903793,1.4790120418
1.67610901,-2.9595339776,1.4790006953
1.67640894,-2.9599775726,1.4789893528
1.67670887,-2.9604211642,1.4789780143
1.67700880,-2.9608647523,1.4789666799
1.67730873,-2.9613083371,1.4789553495
1.67760866,-2.9617519185,1.4789440230
1.67790859,-2.9621954964,1.4789327004
1.67820852,-2.9626390710,1.4789213818
1.67850845,-2.9630826422,1.4789100671
1.67880838,-2.9635262100,1.4788987562
1.67910831,-2.9639697744,1.4788874491
1.67940824,-2.9644133354,1.4788761459
1.67970817,-2.9648568930,1.4788648464
1.68000810,-2.9653004472,1.4788535507
1.68030803,-2.9657439981,1.4788422586
1.68060796,-2.9661875455,1.4788309703
1.68090789,-2.9666310896,1.4788196857
1.68120782,-2.9670746303,1.4788084047
1.68150775,-2.9675181676,1.4787971273
1.68180768,-2.9679617015,1.4787858536
1.68210761,-2.9684052320,1.4787745833
1.68240754,-2.9688487592,1.4787633167
1.68270747,-2.9692922830,1.4787520535
1.68300740,-2.9697358034,1.4787407938
1.68330733,-2.9701793204,1.4787295376
1.68360726,-2.9706228341,1.4787182848
1.68390719,-2.9710663444,1.4787070354
1.68420712,-2.9715098513,1.4786957895
1.68450705,-2.9719533548,1.4786845468
1.68480698,-2.9723968549,1.4786733075
1.68510691,-2.9728403517,1.4786620715
1.68540684,-2.9732838452,1.4786508388
1.68570677,-2.9737273352,1.4786396093
1.68600670,-2.9741708219,1.4786283831
1.68630663,-2.9746143052,1.4786171600
1.68660656,-2.9750577852,1.4786059401
1.68690649,-2.9755012617,1.4785947234
1.68720642,-2.9759447350,1.4785835098
1.68750635,-2.9763882048,1.4785722993
1.68780628,-2.9768316713,1.4785610918
1.68810621,-2.9772751345,1.4785498874
1.68840614,-2.9777185942,1.4785386860
1.68870607,-2.9781620507,1.4785274876
1.68900600,-2.9786055037,1.4785162922
1.68930593,-2.9790489534,1.4785050997
1.68960586,-2.9794923998,1.4784939101
1.68990579,-2.9799358428,1.4784827234
1.69020572,-2.9803792824,1.4784715396
1.69050565,-2.9808227187,1.4784603585
1.69080558,-2.9812661516,1.4784491803
1.69110551,-2.9817095812,1.4784380049
1.69140544,-2.9821530074,1.4784268323
1.69170537,-2.9825964303,1.4784156624
1.69200530,-2.9830398498,1.4784044951
1.69230523,-2.9834832660,1.4783933306
1.69260516,-2.9839266788,1.4783821687
1.69290509,-2.9843700883,1.4783710094
1.69320502,-2.9848134944,1.4783598528
1.69350495,-2.9852568972,1.4783486987
1.69380488,-2.9857002967,1.4783375472
1.69410481,-2.9861436928,1.4783263982
1.69440474,-2.9865870855,1.4783152517
1.69470467,-2.9870304749,1.4783041076
1.69500460,-2.9874738610,1.4782929660
1.69530453,-2.9879172437,1.4782818269
1.69560446,-2.9883606231,1.4782706901
1.69590439,-2.9888039992,1.4782595557
1.69620432,-2.9892473719,1.4782484237
1.69650425,-2.9896907412,1.4782372939
1.69680418,-2.9901341073,1.4782261665
1.69710411,-2.9905774700,1.4782150413
1.69740404,-2.9910208293,1.4782039184
1.69770397,-2.9914641853,1.4781927977
1.69800390,-2.9919075380,1.4781816792
1.69830383,-2.9923508874,1.4781705628
1.69860376,-2.9927942334,1.4781594486
1.69890369,-2.9932375761,1.4781483365
1.69920362,-2.9936809154,1.4781372265
1.69950355,-2.9941242515,1.4781261186
1.69980348,-2.9945675842,1.4781150127
1.70010341,-2.9950109135,1.4781039088
1.70040334,-2.9954542395,1.4780928069
1.70070327,-2.9958975622,1.4780817069
1.70100320,-2.9963408816,1.4780706089
1.70130313,-2.9967841977,1.4780595129
1.70160306,-2.9972275104,1.4780484187
1.70190299,-2.9976708198,1.4780373263
1.70220292,-2.9981141258,1.4780262358
1.70250285,-2.9985574286,1.4780151471
1.70280278,-2.9990007280,1.4780040602
1.70310271,-2.9994440241,1.4779929751
1.70340264,-2.9998873168,1.4779818917
1.70370257,-3.0003306063,1.4779708100
1.70400250,-3.0007738924,1.4779597299
1.70430243,-3.0012171752,1.4779486516
1.70460236,-3.0016604546,1.4779375749
1.70490229,-3.0021037308,1.4779264997
1.70520222,-3.0025470036,1.4779154262
1.70550215,-3.0029902731,1.4779043542
1.70580208,-3.0034335393,1.4778932838
1.70610201,-3.0038768021,1.4778822149
1.70640194,-3.0043200617,1.4778711474
1.70670187,-3.0047633179,1.4778600814
1.70700180,-3.0052065708,1.4778490169
1.70730173,-3.0056498204,1.4778379537
1.70760166,-3.0060930667,1.4778268920
1.70790159,-3.0065363096,1.4778158315
1.70820152,-3.0069795493,1.4778047725
1.70850145,-3.0074227856,1.4777937147
1.70880138,-3.0078660186,1.4777826582
1.70910131,-3.0083092483,1.4777716030
1.70940124,-3.0087524746,1.4777605490
1.70970117,-3.0091956977,1.4777494962
1.71000110,-3.0096389174,1.4777384446
1.71030103,-3.0100821338,1.4777273942
1.71060096,-3.0105253470,1.4777163449
1.71090089,-3.0109685567,1.4777052967
1.71120082,-3.0114117632,1.4776942496
1.71150075,-3.0118549664,1.4776832035
1.71180068,-3.0122981663,1.4776721585
1.71210061,-3.0127413628,1.4776611145
1.71240054,-3.0131845560,1.4776500715
1.71270047,-3.0136277460,1.4776390294
1.71300040,-3.0140709326,1.4776279883
1.71330033,-3.0145141159,1.4776169481
1.71360026,-3.0149572958,1.4776059087
1.71390019,-3.0154004725,1.4775948703
1.71420012,-3.0158436459,1.4775838326
1.71450005,-3.0162868159,1.4775727958
1.71479998,-3.0167299827,1.4775617598
1.71509991,-3.0171731461,1.4775507245
1.71539984,-3.0176163062,1.4775396899
1.71569977,-3.0180594630,1.4775286561
1.71599970,-3.0185026166,1.4775176230
1.71629963,-3.0189457667,1.4775065905
1.71659956,-3.0193889136,1.4774955587
1.71689949,-3.0198320572,1.4774845275
1.71719942,-3.0202751975,1.4774734969
1.71749935,-3.0207183344,1.4774624668
1.71779928,-3.0211614681,1.4774514373
1.71809921,-3.0216045984,1.4774404083
1.71839914,-3.0220477255,1.4774293798
1.71869907,-3.0224908492,1.4774183518
1.71899900,-3.0229339696,1.4774073242
1.71929893,-3.0233770867,1.4773962970
1.71959886,-3.0238202006,1.4773852702
1.71989879,-3.0242633111,1.4773742438
1.72019872,-3.0247064182,1.4773632177
1.72049865,-3.0251495221,1.4773521920
1.72079858,-3.0255926227,1.4773411666
1.72109851,-3.0260357200,1.4773301414
1.72139844,-3.0264788140,1.4773191165
1.72169837,-3.0269219046,1.4773080918
1.72199830,-3.0273649920,1.4772970673
1.72229823,-3.0278080760,1.4772860430
1.72259816,-3.0282511567,1.4772750188
1.72289809,-3.0286942342,1.4772639948
1.72319802,-3.0291373083,1.4772529708
1.72349795,-3.0295803791,1.4772419470
1.72379788,-3.0300234466,1.4772309232
1.72409781,-3.0304665109,1.4772198994
1.72439774,-3.0309095718,1.4772088757
1.72469767,-3.0313526293,1.4771978519
1.72499760,-3.0317956836,1.4771868281
1.72529753,-3.0322387346,1.4771758042
1.72559746,-3.0326817823,1.4771647802
1.72589739,-3.0331248267,1.4771537561
1.72619732,-3.0335678677,1.4771427319
1.72649725,-3.0340109055,1.4771317075
1.72679718,-3.0344539399,1.4771206830
1.72709711,-3.0348969711,1.4771096582
1.72739704,-3.0353399989,1.4770986332
1.72769697,-3.0357830234,1.4770876079
1.72799690,-3.0362260447,1.4770765823
1.72829683,-3.0366690626,1.4770655565
1.72859676,-3.0371120772,1.4770545303
1.72889669,-3.0375550885,1.4770435038
1.72919662,-3.0379980965,1.4770324769
1.72949655,-3.0384411012,1.4770214495
1.72979648,-3.0388841025,1.4770104218
1.73009641,-3.0393271006,1.4769993936
1.73039634,-3.0397700954,1.4769883650
1.73069627,-3.0402130868,1.4769773358
1.73099620,-3.0406560750,1.4769663061
1.73129613,-3.0410990598,1.4769552759
1.73159606,-3.0415420414,1.4769442451
1.73189599,-3.0419850196,1.4769332137
1.73219592,-3.0424279945,1.4769221817
1.73249585,-3.0428709661,1.4769111491
1.73279578,-3.0433139344,1.4769001158
1.73309571,-3.0437568994,1.4768890818
1.73339564,-3.0441998611,1.4768780472
1.73369557,-3.0446428194,1.4768670117
1.73399550,-3.0450857745,1.4768559756
1.73429543,-3.0455287262,1.4768449386
1.73459536,-3.0459716747,1.4768339008
1.73489529,-3.0464146198,1.4768228623
1.73519522,-3.0468575616,1.4768118228
1.73549515,-3.0473005001,1.4768007825
1.73579508,-3.0477434353,1.4767897413
1.73609501,-3.0481863672,1.4767786992
1.73639494,-3.0486292958,1.4767676561
1.73669487,-3.0490722210,1.4767566120
1.73699480,-3.0495151430,1.4767455670
1.73729473,-3.0499580616,1.4767345210
1.73759466,-3.0504009769,1.4767234739
1.73789459,-3.0508438889,1.4767124257
1.73819452,-3.0512867976,1.4767013765
1.73849445,-3.0517297030,1.4766903261
1.73879438,-3.0521726050,1.4766792747
1.73909431,-3.0526155038,1.4766682220
1.73939424,-3.0530583992,1.4766571682
1.73969417,-3.0535012913,1.4766461132
1.73999410,-3.0539441801,1.4766350570
1.74029403,-3.0543870656,1.4766239995
1.74059396,-3.0548299478,1.4766129407
1.74089389,-3.0552728266,1.4766018807
1.74119382,-3.0557157022,1.4765908193
1.74149375,-3.0561585744,1.4765797566
1.74179368,-3.0566014433,1.4765686925
1.74209361,-3.0570443089,1.4765576270
1.74239354,-3.0574871711,1.4765465601
1.74269347,-3.0579300301,1.4765354918
1.74299340,-3.0583728857,1.4765244221
1.74329333,-3.0588157380,1.4765133508
1.74359326,-3.0592585870,1.4765022781
1.74389319,-3.0597014326,1.4764912038
1.74419312,-3.0601442750,1.4764801280
1.74449305,-3.0605871140,1.4764690506
1.74479298,-3.0610299497,1.4764579716
1.74509291,-3.0614727820,1.4764468909
1.74539284,-3.0619156111,1.4764358087
1.74569277,-3.0623584368,1.4764247248
1.74599270,-3.0628012592,1.4764136392
1.74629263,-3.0632440783,1.4764025518
1.74659256,-3.0636868940,1.4763914628
1.74689249,-3.0641297064,1.4763803720
1.74719242,-3.0645725155,1.4763692794
1.74749235,-3.0650153213,1.4763581850
1.74779228,-3.0654581237,1.4763470888
1.74809221,-3.0659009228,1.4763359907
1.74839214,-3.0663437186,1.4763248908
1.74869207,-3.0667865110,1.4763137890
1.74899200,-3.0672293002,1.4763026852
1.74929193,-3.0676720860,1.4762915796
1.74959186,-3.0681148684,1.4762804719
1.74989179,-3.0685576475,1.4762693623
1.75019172,-3.0690004233,1.4762582507
1.75049165,-3.0694431958,1.4762471370
1.75079158,-3.0698859649,1.4762360213
1.75109151,-3.0703287307,1.4762249035
1.75139144,-3.0707714932,1.4762137836
1.75169137,-3.0712142523,1.4762026616
1.75199130,-3.0716570081,1.4761915375
1.75229123,-3.0720997605,1.4761804112
1.75259116,-3.0725425096,1.4761692827
1.75289109,-3.0729852554,1.4761581520
1.75319102,-3.0734279978,1.4761470190
1.75349095,-3.0738707369,1.4761358838
1.75379088,-3.0743134727,1.4761247463
1.75409081,-3.0747562051,1.4761136066
1.75439074,-3.0751989342,1.4761024645
1.75469067,-3.0756416599,1.4760913200
1.75499060,-3.0760843823,1.4760801732
1.75529053,-3.0765271013,1.4760690240
1.75559046,-3.0769698170,1.4760578724
1.75589039,-3.0774125294,1.4760467183
1.75619032,-3.0778552384,1.4760355618
1.75649025,-3.0782979441,1.4760244028
1.75679018,-3.0787406464,1.4760132413
1.75709011,-3.0791833454,1.4760020773
1.75739004,-3.0796260410,1.4759909107
1.75768997,-3.0800687332,1.4759797416
1.75798990,-3.0805114222,1.4759685699
1.75828983,-3.0809541077,1.4759573955
1.75858976,-3.0813967899,1.4759462186
1.75888969,-3.0818394688,1.4759350389
1.75918962,-3.0822821443,1.4759238566
1.75948955,-3.0827248165,1.4759126716
1.75978948,-3.0831674853,1.4759014838
1.76008941,-3.0836101507,1.4758902934
1.76038934,-3.0840528128,1.4758791001
1.76068927,-3.0844954715,1.4758679041
1.76098920,-3.0849381269,1.4758567052
1.76128913,-3.0853807789,1.4758455035
1.76158906,-3.0858234276,1.4758342989
1.76188899,-3.0862660729,1.4758230915
1.76218892,-3.0867087148,1.4758118812
1.76248885,-3.0871513534,1.4758006679
1.76278878,-3.0875939886,1.4757894517
1.76308871,-3.0880366204,1.4757782325
1.76338864,-3.0884792489,1.4757670104
1.76368857,-3.0889218740,1.4757557852
1.76398850,-3.0893644957,1.4757445570
1.76428843,-3.0898071141,1.4757333257
1.76458836,-3.0902497291,1.4757220914
1.76488829,-3.0906923407,1.4757108539
1.76518822,-3.0911349490,1.4756996134
1.76548815,-3.0915775539,1.4756883697
1.76578808,-3.0920201554,1.4756771228
1.76608801,-3.0924627535,1.4756658728
1.76638794,-3.0929053483,1.4756546195
1.76668787,-3.0933479397,1.4756433630
1.76698780,-3.0937905277,1.4756321033
1.76728773,-3.0942331123,1.4756208402
1.76758766,-3.0946756936,1.4756095739
1.76788759,-3.0951182715,1.4755983043
1.76818752,-3.0955608460,1.4755870313
1.76848745,-3.0960034171,1.4755757550
1.76878738,-3.0964459848,1.4755644753
1.76908731,-3.0968885492,1.4755531922
1.76938724,-3.0973311101,1.4755419056
1.76968717,-3.0977736677,1.4755306156
1.76998710,-3.0982162219,1.4755193222
1.77028703,-3.0986587727,1.4755080252
1.77058696,-3.0991013201,1.4754967248
1.77088689,-3.0995438642,1.4754854208
1.77118682,-3.0999864048,1.4754741132
1.77148675,-3.1004289420,1.4754628021
1.77178668,-3.1008714759,1.4754514874
1.77208661,-3.1013140064,1.4754401690
1.77238654,-3.1017565334,1.4754288471
1.77268647,-3.1021990571,1.4754175214
1.77298640,-3.1026415774,1.4754061921
1.77328633,-3.1030840942,1.4753948591
1.77358626,-3.1035266077,1.4753835223
1.77388619,-3.1039691178,1.4753721818
1.77418612,-3.1044116244,1.4753608375
1.77448605,-3.1048541277,1.4753494895
1.77478598,-3.1052966276,1.4753381376
1.77508591,-3.1057391240,1.4753267819
1.77538584,-3.1061816171,1.4753154223
1.77568577,-3.1066241067,1.4753040589
1.77598570,-3.1070665929,1.4752926915
1.77628563,-3.1075090758,1.4752813203
1.77658556,-3.1079515552,1.4752699451
1.77688549,-3.1083940312,1.4752585659
1.77718542,-3.1088365037,1.4752471828
1.77748535,-3.1092789729,1.4752357956
1.77778528,-3.1097214387,1.4752244045
1.77808521,-3.1101639010,1.4752130093
1.77838514,-3.1106063599,1.4752016100
1.77868507,-3.1110488154,1.4751902066
1.77898500,-3.1114912675,1.4751787992
1.77928493,-3.1119337162,1.4751673876
1.77958486,-3.1123761614,1.4751559718
1.77988479,-3.1128186032,1.4751445519
1.78018472,-3.1132610416,1.4751331278
1.78048465,-3.1137034765,1.4751216994
1.78078458,-3.1141459081,1.4751102669
1.78108451,-3.1145883362,1.4750988300
1.78138444,-3.1150307608,1.4750873890
1.78168437,-3.1154731821,1.4750759436
1.78198430,-3.1159155999,1.4750644938
1.78228423,-3.1163580142,1.4750530398
1.78258416,-3.1168004252,1.4750415814
1.78288409,-3.1172428327,1.4750301186
1.78318402,-3.1176852367,1.4750186514
1.78348395,-3.1181276373,1.4750071798
1.78378388,-3.1185700345,1.4749957037
1.78408381,-3.1190124282,1.4749842232
1.78438374,-3.1194548185,1.4749727382
1.78468367,-3.1198972053,1.4749612487
1.78498360,-3.1203395887,1.4749497546
1.78528353,-3.1207819687,1.4749382560
1.78558346,-3.1212243452,1.4749267529
1.78588339,-3.1216667182,1.4749152451
1.78618332,-3.1221090878,1.4749037328
1.78648325,-3.1225514540,1.4748922158
1.78678318,-3.1229938166,1.4748806942
1.78708311,-3.1234361759,1.4748691679
1.78738304,-3.1238785316,1.4748576369
1.78768297,-3.1243208840,1.4748461012
1.78798290,-3.1247632328,1.4748345607
1.78828283,-3.1252055782,1.4748230155
1.78858276,-3.1256479201,1.4748114656
1.78888269,-3.1260902586,1.4747999108
1.78918262,-3.1265325936,1.4747883512
1.78948255,-3.1269749251,1.4747767868
1.78978248,-3.1274172532,1.4747652175
1.79008241,-3.1278595777,1.4747536434
1.79038234,-3.1283018989,1.4747420643
1.79068227,-3.1287442165,1.4747304804
1.79098220,-3.1291865307,1.4747188915
1.79128213,-3.1296288414,1.4747072976
1.79158206,-3.1300711486,1.4746956988
1.79188199,-3.1305134523,1.4746840950
1.79218192,-3.1309557525,1.4746724861
1.79248185,-3.1313980493,1.4746608722
1.79278178,-3.1318403426,1.4746492533
1.79308171,-3.1322826324,1.4746376292
1.79338164,-3.1327249187,1.4746260001
1.79368157,-3.1331672015,1.4746143659
1.79398150,-3.1336094809,1.4746027265
1.79428143,-3.1340517567,1.4745910819
1.79458136,-3.1344940290,1.4745794322
1.79488129,-3.1349362979,1.4745677773
1.79518122,-3.1353785632,1.4745561171
1.79548115,-3.1358208251,1.4745444517
1.79578108,-3.1362630835,1.4745327811
1.79608101,-3.1367053383,1.4745211051
1.79638094,-3.1371475897,1.4745094239
1.79668087,-3.1375898375,1.4744977373
1.79698080,-3.1380320819,1.4744860454
1.79728073,-3.1384743227,1.4744743482
1.79758066,-3.1389165600,1.4744626455
1.79788059,-3.1393587938,1.4744509375
1.79818052,-3.1398010241,1.4744392240
1.79848045,-3.1402432509,1.4744275051
1.79878038,-3.1406854742,1.4744157807
1.79908031,-3.1411276940,1.4744040509
1.79938024,-3.1415699102,1.4743923155
1.79968017,-3.1420121229,1.4743805747
1.79998010,-3.1424543321,1.4743688282
1.80028003,-3.1428965378,1.4743570763
1.80057996,-3.1433387399,1.4743453187
1.80087989,-3.1437809385,1.4743335556
1.80117982,-3.1442231336,1.4743217868
1.80147975,-3.1446653252,1.4743100124
1.80177968,-3.1451075132,1.4742982323
1.80207961,-3.1455496977,1.4742864465
1.80237954,-3.1459918787,1.4742746551
1.80267947,-3.1464340561,1.4742628579
1.80297940,-3.1468762300,1.4742510550
1.80327933,-3.1473184003,1.4742392463
1.80357926,-3.1477605671,1.4742274319
1.80387919,-3.1482027303,1.4742156116
1.80417912,-3.1486448901,1.4742037856
1.80447905,-3.1490870462,1.4741919537
1.80477898,-3.1495291988,1.4741801159
1.80507891,-3.1499713479,1.4741682723
1.80537884,-3.1504134934,1.4741564227
1.80567877,-3.1508556353,1.4741445673
1.80597870,-3.1512977737,1.4741327059
1.80627863,-3.1517399085,1.4741208386
1.80657856,-3.1521820398,1.4741089653
1.80687849,-3.1526241675,1.4740970860
1.80717842,-3.1530662917,1.4740852007
1.80747835,-3.1535084123,1.4740733093
1.80777828,-3.1539505293,1.4740614119
1.80807821,-3.1543926427,1.4740495085
1.80837814,-3.1548347526,1.4740375989
1.80867807,-3.1552768589,1.4740256832
1.80897800,-3.1557189616,1.4740137614
1.80927793,-3.1561610608,1.4740018335
1.80957786,-3.1566031563,1.4739898994
1.80987779,-3.1570452483,1.4739779591
1.81017772,-3.1574873367,1.4739660126
1.81047765,-3.1579294216,1.4739540599
1.81077758,-3.1583715028,1.4739421009
1.81107751,-3.1588135804,1.4739301357
1.81137744,-3.1592556545,1.4739181641
1.81167737,-3.1596977250,1.4739061863
1.81197730,-3.1601397919,1.4738942022
1.81227723,-3.1605818551,1.4738822117
1.81257716,-3.1610239148,1.4738702149
1.81287709,-3.1614659709,1.4738582116
1.81317702,-3.1619080234,1.4738462020
1.81347695,-3.1623500723,1.4738341860
1.81377688,-3.1627921175,1.4738221635
1.81407681,-3.1632341592,1.4738101346
1.81437674,-3.1636761973,1.4737980992
1.81467667,-3.1641182317,1.4737860573
1.81497660,-3.1645602625,1.4737740089
1.81527653,-3.1650022898,1.4737619540
1.81557646,-3.1654443134,1.4737498925
1.81587639,-3.1658863334,1.4737378244
1.81617632,-3.1663283497,1.4737257498
1.81647625,-3.1667703625,1.4737136685
1.81677618,-3.1672123716,1.4737015807
1.81707611,-3.1676543771,1.4736894862
1.81737604,-3.1680963789,1.4736773850
1.81767597,-3.1685383772,1.4736652771
1.81797590,-3.1689803718,1.4736531626
1.81827583,-3.1694223627,1.4736410413
1.81857576,-3.1698643501,1.4736289133
1.81887569,-3.1703063338,1.4736167785
1.81917562,-3.1707483138,1.4736046369
1.81947555,-3.1711902902,1.4735924886
1.81977548,-3.1716322630,1.4735803334
1.82007541,-3.1720742321,1.4735681714
1.82037534,-3.1725161976,1.4735560026
1.82067527,-3.1729581594,1.4735438269
1.82097520,-3.1734001175,1.4735316443
1.82127513,-3.1738420720,1.4735194548
1.82157506,-3.1742840229,1.4735072584
1.82187499,-3.1747259701,1.4734950550
1.82217492,-3.1751679136,1.4734828446
1.82247485,-3.1756098535,1.4734706273
1.82277478,-3.1760517897,1.4734584030
1.82307471,-3.1764937222,1.4734461717
1.82337464,-3.1769356511,1.4734339333
1.82367457,-3.1773775763,1.4734216879
1.82397450,-3.1778194978,1.4734094354
1.82427443,-3.1782614157,1.4733971758
1.82457436,-3.1787033298,1.4733849091
1.82487429,-3.1791452403,1.4733726353
1.82517422,-3.1795871471,1.4733603543
1.82547415,-3.1800290502,1.4733480661
1.82577408,-3.1804709497,1.4733357708
1.82607401,-3.1809128454,1.4733234683
1.82637394,-3.1813547375,1.4733111586
1.82667387,-3.1817966258,1.4732988416
1.82697380,-3.1822385105,1.4732865173
1.82727373,-3.1826803914,1.4732741858
1.82757366,-3.1831222687,1.4732618470
1.82787359,-3.1835641423,1.4732495009
1.82817352,-3.1840060121,1.4732371474
1.82847345,-3.1844478783,1.4732247866
1.82877338,-3.1848897407,1.4732124185
1.82907331,-3.1853315995,1.4732000429
1.82937324,-3.1857734545,1.4731876600
1.82967317,-3.1862153058,1.4731752696
1.82997310,-3.1866571534,1.4731628718
1.83027303,-3.1870989973,1.4731504665
1.83057296,-3.1875408374,1.4731380538
1.83087289,-3.1879826738,1.4731256335
1.83117282,-3.1884245065,1.4731132058
1.83147275,-3.1888663355,1.4731007705
1.83177268,-3.1893081607,1.4730883277
1.83207261,-3.1897499822,1.4730758773
1.83237254,-3.1901918000,1.4730634193
1.83267247,-3.1906336140,1.4730509538
1.83297240,-3.1910754243,1.4730384806
1.83327233,-3.1915172309,1.4730259997
1.83357226,-3.1919590337,1.4730135113
1.83387219,-3.1924008327,1.4730010151
1.83417212,-3.1928426281,1.4729885113
1.83447205,-3.1932844196,1.4729759997
1.83477198,-3.1937262074,1.4729634804
1.83507191,-3.1941679915,1.4729509534
1.83537184,-3.1946097718,1.4729384186
1.83567177,-3.1950515483,1.4729258761
1.83597170,-3.1954933211,1.4729133257
1.83627163,-3.1959350901,1.4729007676
1.83657156,-3.1963768553,1.4728882015
1.83687149,-3.1968186168,1.4728756277
1.83717142,-3.1972603744,1.4728630460
1.83747135,-3.1977021284,1.4728504564
1.83777128,-3.1981438785,1.4728378588
1.83807121,-3.1985856249,1.4728252534
1.83837114,-3.1990273674,1.4728126400
1.83867107,-3.1994691062,1.4728000187
1.83897100,-3.1999108412,1.4727873894
1.83927093,-3.2003525724,1.4727747521
1.83957086,-3.2007942999,1.4727621068
1.83987079,-3.2012360235,1.4727494535
1.84017072,-3.2016777433,1.4727367921
1.84047065,-3.2021194594,1.4727241227
1.84077058,-3.2025611716,1.4727114452
1.84107051,-3.2030028800,1.4726987596
1.84137044,-3.2034445847,1.4726860659
1.84167037,-3.2038862855,1.4726733640
1.84197030,-3.2043279825,1.4726606540
1.84227023,-3.2047696757,1.4726479358
1.84257016,-3.2052113651,1.4726352095
1.84287009,-3.2056530506,1.4726224750
1.84317002,-3.2060947324,1.4726097322
1.84346995,-3.2065364103,1.4725969812
1.84376988,-3.2069780844,1.4725842219
1.84406981,-3.2074197546,1.4725714544
1.84436974,-3.2078614211,1.4725586786
1.84466967,-3.2083030837,1.4725458945
1.84496960,-3.2087447424,1.4725331021
1.84526953,-3.2091863973,1.4725203013
1.84556946,-3.2096280484,1.4725074922
1.84586939,-3.2100696957,1.4724946747
1.84616932,-3.2105113391,1.4724818488
1.84646925,-3.2109529786,1.4724690145
1.84676918,-3.2113946143,1.4724561718
1.84706911,-3.2118362461,1.4724433206
1.84736904,-3.2122778741,1.4724304610
1.84766897,-3.2127194983,1.4724175929
1.84796890,-3.2131611185,1.4724047163
1.84826883,-3.2136027349,1.4723918312
1.84856876,-3.2140443475,1.4723789376
1.84886869,-3.2144859561,1.4723660354
1.84916862,-3.2149275609,1.4723531247
1.84946855,-3.2153691619,1.4723402054
1.84976848,-3.2158107589,1.4723272774
1.85006841,-3.2162523521,1.4723143409
1.85036834,-3.2166939414,1.4723013958
1.85066827,-3.2171355268,1.4722884420
1.85096820,-3.2175771083,1.4722754796
1.85126813,-3.2180186859,1.4722625084
1.85156806,-3.2184602597,1.4722495286
1.85186799,-3.2189018295,1.4722365401
1.85216792,-3.2193433955,1.4722235428
1.85246785,-3.2197849575,1.4722105368
1.85276778,-3.2202265157,1.4721975220
1.85306771,-3.2206680699,1.4721844985
1.85336764,-3.2211096202,1.4721714661
1.85366757,-3.2215511667,1.4721584250
1.85396750,-3.2219927092,1.4721453750
1.85426743,-3.2224342478,1.4721323162
1.85456736,-3.2228757824,1.4721192485
1.85486729,-3.2233173132,1.4721061719
1.85516722,-3.2237588400,1.4720930864
1.85546715,-3.2242003629,1.4720799920
1.85576708,-3.2246418819,1.4720668887
1.85606701,-3.2250833969,1.4720537764
1.85636694,-3.2255249081,1.4720406552
1.85666687,-3.2259664152,1.4720275250
1.85696680,-3.2264079185,1.4720143858
1.85726673,-3.2268494178,1.4720012376
1.85756666,-3.2272909131,1.4719880804
1.85786659,-3.2277324045,1.4719749141
1.85816652,-3.2281738920,1.4719617387
1.85846645,-3.2286153755,1.4719485543
1.85876638,-3.2290568550,1.4719353608
1.85906631,-3.2294983306,1.4719221582
1.85936624,-3.2299398022,1.4719089464
1.85966617,-3.2303812699,1.4718957255
1.85996610,-3.2308227336,1.4718824954
1.86026603,-3.2312641933,1.4718692562
1.86056596,-3.2317056490,1.4718560078
1.86086589,-3.2321471008,1.4718427501
1.86116582,-3.2325885486,1.4718294833
1.86146575,-3.2330299924,1.4718162072
1.86176568,-3.2334714323,1.4718029218
1.86206561,-3.2339128681,1.4717896272
1.86236554,-3.2343543000,1.4717763233
1.86266547,-3.2347957278,1.4717630101
1.86296540,-3.2352371517,1.4717496875
1.86326533,-3.2356785716,1.4717363556
1.86356526,-3.2361199874,1.4717230144
1.86386519,-3.2365613993,1.4717096638
1.86416512,-3.2370028072,1.4716963038
1.86446505,-3.2374442110,1.4716829344
1.86476498,-3.2378856109,1.4716695556
1.86506491,-3.2383270067,1.4716561673
1.86536484,-3.2387683985,1.4716427696
1.86566477,-3.2392097863,1.4716293624
1.86596470,-3.2396511701,1.4716159458
1.86626463,-3.2400925499,1.4716025196
1.86656456,-3.2405339256,1.4715890840
1.86686449,-3.2409752973,1.4715756388
1.86716442,-3.2414166649,1.4715621840
1.86746435,-3.2418580285,1.4715487197
1.86776428,-3.2422993881,1.4715352458
1.86806421,-3.2427407436,1.4715217624
1.86836414,-3.2431820951,1.4715082693
1.86866407,-3.2436234426,1.4714947666
1.86896400,-3.2440647860,1.4714812542
1.86926393,-3.2445061253,1.4714677322
1.86956386,-3.2449474606,1.4714542005
1.86986379,-3.2453887918,1.4714406592
1.87016372,-3.2458301190,1.4714271081
1.87046365,-3.2462714420,1.4714135473
1.87076358,-3.2467127611,1.4713999768
1.87106351,-3.2471540760,1.4713863965
1.87136344,-3.2475953869,1.4713728064
1.87166337,-3.2480366937,1.4713592066
1.87196330,-3.2484779964,1.4713455970
1.87226323,-3.2489192950,1.4713319775
1.87256316,-3.2493605896,1.4713183482
1.87286309,-3.2498018800,1.4713047091
1.87316302,-3.2502431664,1.4712910601
1.87346295,-3.2506844487,1.4712774013
1.87376288,-3.2511257268,1.4712637325
1.87406281,-3.2515670009,1.4712500539
1.87436274,-3.2520082709,1.4712363653
1.87466267,-3.2524495367,1.4712226668
1.87496260,-3.2528907985,1.4712089583
1.87526253,-3.2533320561,1.4711952399
1.87556246,-3.2537733096,1.4711815115
1.87586239,-3.2542145590,1.4711677730
1.87616232,-3.2546558043,1.4711540246
1.87646225,-3.2550970455,1.4711402661
1.87676218,-3.2555382825,1.4711264976
1.87706211,-3.2559795154,1.4711127190
1.87736204,-3.2564207442,1.4710989304
1.87766197,-3.2568619688,1.4710851316
1.87796190,-3.2573031893,1.4710713228
1.87826183,-3.2577444056,1.4710575038
1.87856176,-3.2581856178,1.4710436747
1.87886169,-3.2586268258,1.4710298354
1.87916162,-3.2590680297,1.4710159860
1.87946155,-3.2595092295,1.4710021264
1.87976148,-3.2599504251,1.4709882566
1.88006141,-3.2603916165,1.4709743766
1.88036134,-3.2608328037,1.4709604863
1.88066127,-3.2612739868,1.4709465858
1.88096120,-3.2617151657,1.4709326750
1.88126113,-3.2621563405,1.4709187540
1.88156106,-3.2625975110,1.4709048227
1.88186099,-3.2630386774,1.4708908811
1.88216092,-3.2634798396,1.4708769291
1.88246085,-3.2639209976,1.4708629668
1.88276078,-3.2643621514,1.4708489942
1.88306071,-3.2648033011,1.4708350112
1.88336064,-3.2652444465,1.4708210179
1.88366057,-3.2656855878,1.4708070141
1.88396050,-3.2661267248,1.4707929999
1.88426043,-3.2665678576,1.4707789753
1.88456036,-3.2670089862,1.4707649403
1.88486029,-3.2674501107,1.4707508948
1.88516022,-3.2678912309,1.4707368388
1.88546015,-3.2683323468,1.4707227724
1.88576008,-3.2687734586,1.4707086955
1.88606001,-3.2692145661,1.4706946080
1.88635994,-3.2696556694,1.4706805100
1.88665987,-3.2700967685,1.4706664015
1.88695980,-3.2705378634,1.4706522824
1.88725973,-3.2709789540,1.4706381528
1.88755966,-3.2714200404,1.4706240125
1.88785959,-3.2718611225,1.4706098617
1.88815952,-3.2723022004,1.4705957003
1.88845945,-3.2727432740,1.4705815282
1.88875938,-3.2731843434,1.4705673454
1.88905931,-3.2736254085,1.4705531520
1.88935924,-3.2740664694,1.4705389480
1.88965917,-3.2745075260,1.4705247332
1.88995910,-3.2749485783,1.4705105078
1.89025903,-3.2753896264,1.4704962716
1.89055896,-3.2758306702,1.4704820247
1.89085889,-3.2762717097,1.4704677670
1.89115882,-3.2767127450,1.4704534986
1.89145875,-3.2771537759,1.4704392194
1.89175868,-3.2775948026,1.4704249295
1.89205861,-3.2780358250,1.4704106287
1.89235854,-3.2784768431,1.4703963171
1.89265847,-3.2789178569,1.4703819946
1.89295840,-3.2793588664,1.4703676613
1.89325833,-3.2797998717,1.4703533172
1.89355826,-3.2802408726,1.4703389622
1.89385819,-3.2806818692,1.4703245962
1.89415812,-3.2811228615,1.4703102194
1.89445805,-3.2815638494,1.4702958317
1.89475798,-3.2820048331,1.4702814330
1.89505791,-3.2824458124,1.4702670234
1.89535784,-3.2828867874,1.4702526028
1.89565777,-3.2833277581,1.4702381712
1.89595770,-3.2837687245,1.4702237287
1.89625763,-3.2842096865,1.4702092751
1.89655756,-3.2846506442,1.4701948105
1.89685749,-3.2850915976,1.4701803349
1.89715742,-3.2855325466,1.4701658482
1.89745735,-3.2859734912,1.4701513505
1.89775728,-3.2864144315,1.4701368417
1.89805721,-3.2868553675,1.4701223218
1.89835714,-3.2872962991,1.4701077908
1.89865707,-3.2877372263,1.4700932487
1.89895700,-3.2881781492,1.4700786954
1.89925693,-3.2886190677,1.4700641311
1.89955686,-3.2890599819,1.4700495555
1.89985679,-3.2895008916,1.4700349688
1.90015672,-3.2899417970,1.4700203709
1.90045665,-3.2903826980,1.4700057617
1.90075658,-3.2908235946,1.4699911414
1.90105651,-3.2912644869,1.4699765098
1.90135644,-3.2917053747,1.4699618670
1.90165637,-3.2921462582,1.4699472130
1.90195630,-3.2925871373,1.4699325476
1.90225623,-3.2930280119,1.4699178710
1.90255616,-3.2934688822,1.4699031831
1.90285609,-3.2939097480,1.4698884838
1.90315602,-3.2943506095,1.4698737733
1.90345595,-3.2947914665,1.4698590514
1.90375588,-3.2952323191,1.4698443181
1.90405581,-3.2956731673,1.4698295735
1.90435574,-3.2961140110,1.4698148175
1.90465567,-3.2965548504,1.4698000501
1.90495560,-3.2969956853,1.4697852713
1.90525553,-3.2974365157,1.4697704810
1.90555546,-3.2978773418,1.4697556793
1.90585539,-3.2983181634,1.4697408662
1.90615532,-3.2987589805,1.4697260416
1.90645525,-3.2991997932,1.4697112056
1.90675518,-3.2996406014,1.4696963580
1.90705511,-3.3000814052,1.4696814989
1.90735504,-3.3005222046,1.4696666284
1.90765497,-3.3009629994,1.4696517462
1.90795490,-3.3014037898,1.4696368526
1.90825483,-3.3018445758,1.4696219474
1.90855476,-3.3022853572,1.4696070306
1.90885469,-3.3027261342,1.4695921022
1.90915462,-3.3031669067,1.4695771622
1.90945455,-3.3036076748,1.4695622106
1.90975448,-3.3040484383,1.4695472474
1.91005441,-3.3044891974,1.4695322726
1.91035434,-3.3049299519,1.4695172861
1.91065427,-3.3053707020,1.4695022879
1.91095420,-3.3058114475,1.4694872780
1.91125413,-3.3062521886,1.4694722565
1.91155406,-3.3066929252,1.4694572232
1.91185399,-3.3071336572,1.4694421783
1.91215392,-3.3075743847,1.4694271216
1.91245385,-3.3080151077,1.4694120531
1.91275378,-3.3084558262,1.4693969729
1.91305371,-3.3088965402,1.4693818809
1.91335364,-3.3093372496,1.4693667772
1.91365357,-3.3097779545,1.4693516616
1.91395350,-3.3102186549,1.4693365342
1.91425343,-3.3106593507,1.4693213950
1.91455336,-3.3111000420,1.4693062440
1.91485329,-3.3115407287,1.4692910811
1.91515322,-3.3119814109,1.4692759063
1.91545315,-3.3124220885,1.4692607197
1.91575308,-3.3128627616,1.4692455212
1.91605301,-3.3133034301,1.4692303107
1.91635294,-3.3137440941,1.4692150884
1.91665287,-3.3141847535,1.4691998541
1.91695280,-3.3146254083,1.4691846079
1.91725273,-3.3150660585,1.4691693497
1.91755266,-3.3155067042,1.4691540796
1.91785259,-3.3159473453,1.4691387975
1.91815252,-3.3163879818,1.4691235033
1.91845245,-3.3168286137,1.4691081972
1.91875238,-3.3172692410,1.4690928791
1.91905231,-3.3177098637,1.4690775489
1.91935224,-3.3181504819,1.4690622067
1.91965217,-3.3185910954,1.4690468524
1.91995210,-3.3190317043,1.4690314860
1.92025203,-3.3194723086,1.4690161076
1.92055196,-3.3199129083,1.4690007170
1.92085189,-3.3203535033,1.4689853144
1.92115182,-3.3207940938,1.4689698996
1.92145175,-3.3212346796,1.4689544727
1.92175168,-3.3216752608,1.4689390336
1.92205161,-3.3221158373,1.4689235824
1.92235154,-3.3225564093,1.4689081190
1.92265147,-3.3229969765,1.4688926435
1.92295140,-3.3234375392,1.4688771557
1.92325133,-3.3238780972,1.4688616557
1.92355126,-3.3243186505,1.4688461435
1.92385119,-3.3247591992,1.4688306190
1.92415112,-3.3251997432,1.4688150823
1.92445105,-3.3256402826,1.4687995334
1.92475098,-3.3260808173,1.4687839721
1.92505091,-3.3265213473,1.4687683986
1.92535084,-3.3269618727,1.4687528128
1.92565077,-3.3274023934,1.4687372147
1.92595070,-3.3278429094,1.4687216042
1.92625063,-3.3282834207,1.4687059814
1.92655056,-3.3287239273,1.4686903463
1.92685049,-3.3291644293,1.4686746988
1.92715042,-3.3296049265,1.4686590389
1.92745035,-3.3300454190,1.4686433666
1.92775028,-3.3304859069,1.4686276819
1.92805021,-3.3309263900,1.4686119849
1.92835014,-3.3313668685,1.4685962754
1.92865007,-3.3318073422,1.4685805534
1.92894999,-3.3322478112,1.4685648190
1.92924992,-3.3326882754,1.4685490722
1.92954985,-3.3331287350,1.4685333129
1.92984978,-3.3335691898,1.4685175411
1.93014971,-3.3340096399,1.4685017568
1.93044964,-3.3344500853,1.4684859600
1.93074957,-3.3348905259,1.4684701506
1.93104950,-3.3353309617,1.4684543287
1.93134943,-3.3357713929,1.4684384943
1.93164936,-3.3362118192,1.4684226474
1.93194929,-3.3366522409,1.4684067878
1.93224922,-3.3370926577,1.4683909157
1.93254915,-3.3375330698,1.4683750310
1.93284908,-3.3379734771,1.4683591336
1.93314901,-3.3384138797,1.4683432237
1.93344894,-3.3388542775,1.4683273011
1.93374887,-3.3392946705,1.4683113659
1.93404880,-3.3397350587,1.4682954180
1.93434873,-3.3401754422,1.4682794575
1.93464866,-3.3406158208,1.4682634843
1.93494859,-3.3410561947,1.4682474984
1.93524852,-3.3414965637,1.4682314997
1.93554845,-3.3419369280,1.4682154884
1.93584838,-3.3423772875,1.4681994644
1.93614831,-3.3428176421,1.4681834276
1.93644824,-3.3432579920,1.4681673780
1.93674817,-3.3436983370,1.4681513157
1.93704810,-3.3441386772,1.4681352406
1.93734803,-3.3445790126,1.4681191528
1.93764796,-3.3450193431,1.4681030521
1.93794789,-3.3454596688,1.4680869386
1.93824782,-3.3458999897,1.4680708123
1.93854775,-3.3463403058,1.4680546732
1.93884768,-3.3467806170,1.4680385212
1.93914761,-3.3472209233,1.4680223564
1.93944754,-3.3476612249,1.4680061787
1.93974747,-3.3481015215,1.4679899881
1.94004740,-3.3485418133,1.4679737847
1.94034733,-3.3489821002,1.4679575683
1.94064726,-3.3494223823,1.4679413390
1.94094719,-3.3498626595,1.4679250968
1.94124712,-3.3503029318,1.4679088416
1.94154705,-3.3507431993,1.4678925735
1.94184698,-3.3511834619,1.4678762925
1.94214691,-3.3516237195,1.4678599984
1.94244684,-3.3520639723,1.4678436914
1.94274677,-3.3525042202,1.4678273714
1.94304670,-3.3529444632,1.4678110384
1.94334663,-3.3533847014,1.4677946923
1.94364656,-3.3538249345,1.4677783333
1.94394649,-3.3542651628,1.4677619612
1.94424642,-3.3547053862,1.4677455760
1.94454635,-3.3551456047,1.4677291778
1.94484628,-3.3555858182,1.4677127665
1.94514621,-3.3560260268,1.4676963421
1.94544614,-3.3564662305,1.4676799046
1.94574607,-3.3569064293,1.4676634540
1.94604600,-3.3573466231,1.4676469902
1.94634593,-3.3577868120,1.4676305134
1.94664586,-3.3582269959,1.4676140234
1.94694579,-3.3586671749,1.4675975202
1.94724572,-3.3591073490,1.4675810039
1.94754565,-3.3595475180,1.4675644744
1.94784558,-3.3599876822,1.4675479317
1.94814551,-3.3604278413,1.4675313758
1.94844544,-3.3608679955,1.4675148067
1.94874537,-3.3613081447,1.4674982244
1.94904530,-3.3617482890,1.4674816288
1.94934523,-3.3621884282,1.4674650200
1.94964516,-3.3626285625,1.4674483980
1.94994509,-3.3630686918,1.4674317626
1.95024502,-3.3635088161,1.4674151140
1.95054495,-3.3639489354,1.4673984521
1.95084488,-3.3643890497,1.4673817769
1.95114481,-3.3648291590,1.4673650884
1.95144474,-3.3652692633,1.4673483866
1.95174467,-3.3657093626,1.4673316714
1.95204460,-3.3661494569,1.4673149429
1.95234453,-3.3665895461,1.4672982011
1.95264446,-3.3670296304,1.4672814458
1.95294439,-3.3674697096,1.4672646772
1.95324432,-3.3679097837,1.4672478952
1.95354425,-3.3683498529,1.4672310999
1.95384418,-3.3687899170,1.4672142910
1.95414411,-3.3692299760,1.4671974688
1.95444404,-3.3696700300,1.4671806332
1.95474397,-3.3701100790,1.4671637841
1.95504390,-3.3705501229,1.4671469215
1.95534383,-3.3709901617,1.4671300455
1.95564376,-3.3714301955,1.4671131560
1.95594369,-3.3718702242,1.4670962530
1.95624362,-3.3723102478,1.4670793366
1.95654355,-3.3727502664,1.4670624066
1.95684348,-3.3731902799,1.4670454631
1.95714341,-3.3736302882,1.4670285060
1.95744334,-3.3740702916,1.4670115355
1.95774327,-3.3745102898,1.4669945514
1.95804320,-3.3749502829,1.4669775537
1.95834313,-3.3753902709,1.4669605424
1.95864306,-3.3758302538,1.4669435176
1.95894299,-3.3762702316,1.4669264792
1.95924292,-3.3767102043,1.4669094271
1.95954285,-3.3771501719,1.4668923615
1.95984278,-3.3775901343,1.4668752822
1.96014271,-3.3780300917,1.4668581893
1.96044264,-3.3784700439,1.4668410828
1.96074257,-3.3789099909,1.4668239626
1.96104250,-3.3793499329,1.4668068287
1.96134243,-3.3797898697,1.4667896812
1.96164236,-3.3802298013,1.4667725199
1.96194229,-3.3806697278,1.4667553450
1.96224222,-3.3811096492,1.4667381564
1.96254215,-3.3815495653,1.4667209540
1.96284208,-3.3819894764,1.4667037379
1.96314201,-3.3824293822,1.4666865081
1.96344194,-3.3828692829,1.4666692645
1.96374187,-3.3833091784,1.4666520072
1.96404180,-3.3837490688,1.4666347360
1.96434173,-3.3841889539,1.4666174512
1.96464166,-3.3846288339,1.4666001525
1.96494159,-3.3850687087,1.4665828400
1.96524152,-3.3855085783,1.4665655137
1.96554145,-3.3859484426,1.4665481736
1.96584138,-3.3863883018,1.4665308196
1.96614131,-3.3868281558,1.4665134519
1.96644124,-3.3872680046,1.4664960702
1.96674117,-3.3877078481,1.4664786747
1.96704110,-3.3881476864,1.4664612653
1.96734103,-3.3885875195,1.4664438421
1.96764096,-3.3890273474,1.4664264049
1.96794089,-3.3894671701,1.4664089539
1.96824082,-3.3899069875,1.4663914889
1.96854075,-3.3903467996,1.4663740100
1.96884068,-3.3907866066,1.4663565172
1.96914061,-3.3912264082,1.4663390104
1.96944054,-3.3916662047,1.4663214897
1.96974047,-3.3921059958,1.4663039550
1.97004040,-3.3925457817,1.4662864063
1.97034033,-3.3929855624,1.4662688437
1.97064026,-3.3934253377,1.4662512670
1.97094019,-3.3938651078,1.4662336764
1.97124012,-3.3943048727,1.4662160718
1.97154005,-3.3947446322,1.4661984531
1.97183998,-3.3951843864,1.4661808204
1.97213991,-3.3956241354,1.4661631736
1.97243984,-3.3960638791,1.4661455128
1.97273977,-3.3965036174,1.4661278379
1.97303970,-3.3969433505,1.4661101490
1.97333963,-3.3973830782,1.4660924460
1.97363956,-3.3978228007,1.4660747289
1.97393949,-3.3982625178,1.4660569976
1.97423942,-3.3987022296,1.4660392523
1.97453935,-3.3991419361,1.4660214929
1.97483928,-3.3995816372,1.4660037193
1.97513921,-3.4000213331,1.4659859316
1.97543914,-3.4004610235,1.4659681297
1.97573907,-3.4009007087,1.4659503136
1.97603900,-3.4013403885,1.4659324834
1.97633893,-3.4017800629,1.4659146391
1.97663886,-3.4022197320,1.4658967805
1.97693879,-3.4026593957,1.4658789077
1.97723872,-3.4030990541,1.4658610207
1.97753865,-3.4035387071,1.4658431195
1.97783858,-3.4039783548,1.4658252041
1.97813851,-3.4044179970,1.4658072745
1.97843844,-3.4048576339,1.4657893306
1.97873837,-3.4052972654,1.4657713724
1.97903830,-3.4057368915,1.4657534000
1.97933823,-3.4061765122,1.4657354133
1.97963816,-3.4066161275,1.4657174123
1.97993809,-3.4070557374,1.4656993970
1.98023802,-3.4074953419,1.4656813674
1.98053795,-3.4079349410,1.4656633235
1.98083788,-3.4083745347,1.4656452653
1.98113781,-3.4088141230,1.4656271927
1.98143774,-3.4092537058,1.4656091058
1.98173767,-3.4096932832,1.4655910046
1.98203760,-3.4101328552,1.4655728890
1.98233753,-3.4105724218,1.4655547590
1.98263746,-3.4110119829,1.4655366147
1.98293739,-3.4114515385,1.4655184559
1.98323732,-3.4118910887,1.4655002828
1.98353725,-3.4123306335,1.4654820952
1.98383718,-3.4127701728,1.4654638933
1.98413711,-3.4132097067,1.4654456769
1.98443704,-3.4136492350,1.4654274461
1.98473697,-3.4140887579,1.4654092008
1.98503690,-3.4145282754,1.4653909411
1.98533683,-3.4149677873,1.4653726669
1.98563676,-3.4154072938,1.4653543783
1.98593669,-3.4158467948,1.4653360752
1.98623662,-3.4162862903,1.4653177576
1.98653655,-3.4167257803,1.4652994254
1.98683648,-3.4171652648,1.4652810788
1.98713641,-3.4176047438,1.4652627177
1.98743634,-3.4180442173,1.4652443420
1.98773627,-3.4184836852,1.4652259519
1.98803620,-3.4189231477,1.4652075471
1.98833613,-3.4193626046,1.4651891278
1.98863606,-3.4198020560,1.4651706940
1.98893599,-3.4202415019,1.4651522456
1.98923592,-3.4206809422,1.4651337826
1.98953585,-3.4211203770,1.4651153050
1.98983578,-3.4215598063,1.4650968128
1.99013571,-3.4219992300,1.4650783060
1.99043564,-3.4224386481,1.4650597846
1.99073557,-3.4228780607,1.4650412486
1.99103550,-3.4233174677,1.4650226979
1.99133543,-3.4237568692,1.4650041326
1.99163536,-3.4241962651,1.4649855527
1.99193529,-3.4246356554,1.4649669581
1.99223522,-3.4250750402,1.4649483488
1.99253515,-3.4255144193,1.4649297249
1.99283508,-3.4259537929,1.4649110862
1.99313501,-3.4263931609,1.4648924329
1.99343494,-3.4268325232,1.4648737649
1.99373487,-3.4272718800,1.4648550821
1.99403480,-3.4277112312,1.4648363847
1.99433473,-3.4281505767,1.4648176725
1.99463466,-3.4285899167,1.4647989456
1.99493459,-3.4290292510,1.4647802039
1.99523452,-3.4294685797,1.4647614475
1.99553445,-3.4299079028,1.4647426763
1.99583438,-3.4303472202,1.4647238903
1.99613431,-3.4307865320,1.4647050896
1.99643424,-3.4312258382,1.4646862740
1.99673417,-3.4316651387,1.4646674437
1.99703410,-3.4321044336,1.4646485986
1.99733403,-3.4325437228,1.4646297386
1.99763396,-3.4329830064,1.4646108639
1.99793389,-3.4334222843,1.4645919742
1.99823382,-3.4338615565,1.4645730698
1.99853375,-3.4343008231,1.4645541505
1.99883368,-3.4347400839,1.4645352164
1.99913361,-3.4351793391,1.4645162674
1.99943354,-3.4356185886,1.4644973035
1.99973347,-3.4360578325,1.4644783247
2.00003340,-3.4364970706,1.4644593310
2.00033333,-3.4369363030,1.4644403225
2.00063326,-3.4373755297,1.4644212990
2.00093319,-3.4378147508,1.4644022606
2.00123312,-3.4382539661,1.4643832073
2.00153305,-3.4386931757,1.4643641391
2.00183298,-3.4391323795,1.4643450559
2.00213291,-3.4395715777,1.4643259578
2.00243284,-3.4400107701,1.4643068447
2.00273277,-3.4404499567,1.4642877167
2.00303270,-3.4408891377,1.4642685737
2.00333263,-3.4413283129,1.4642494157
2.00363256,-3.4417674823,1.4642302427
2.00393249,-3.4422066460,1.4642110547
2.00423242,-3.4426458039,1.4641918517
2.00453235,-3.4430849561,1.4641726337
2.00483228,-3.4435241025,1.4641534007
2.00513221,-3.4439632431,1.4641341526
2.00543214,-3.4444023780,1.4641148895
2.00573207,-3.4448415071,1.4640956114
2.00603200,-3.4452806304,1.4640763182
2.00633193,-3.4457197479,1.4640570099
2.00663186,-3.4461588596,1.4640376866
2.00693179,-3.4465979655,1.4640183482
2.00723172,-3.4470370656,1.4639989947
2.00753165,-3.4474761599,1.4639796261
2.00783158,-3.4479152484,1.4639602424
2.00813151,-3.4483543311,1.4639408436
2.00843144,-3.4487934079,1.4639214296
2.00873137,-3.4492324790,1.4639020006
2.00903130,-3.4496715442,1.4638825564
2.00933123,-3.4501106036,1.4638630971
2.00963116,-3.4505496571,1.4638436226
2.00993109,-3.4509887048,1.4638241330
2.01023102,-3.4514277466,1.4638046282
2.01053095,-3.4518667826,1.4637851082
2.01083088,-3.4523058127,1.4637655731
2.01113081,-3.4527448370,1.4637460227
2.01143074,-3.4531838554,1.4637264572
2.01173067,-3.4536228679,1.4637068765
2.01203060,-3.4540618746,1.4636872805
2.01233053,-3.4545008754,1.4636676693
2.01263046,-3.4549398702,1.4636480429
2.01293039,-3.4553788592,1.4636284013
2.01323032,-3.4558178424,1.4636087444
2.01353025,-3.4562568196,1.4635890723
2.01383018,-3.4566957909,1.4635693849
2.01413011,-3.4571347563,1.4635496823
2.01443004,-3.4575737158,1.4635299643
2.01472997,-3.4580126693,1.4635102311
2.01502990,-3.4584516170,1.4634904826
2.01532983,-3.4588905587,1.4634707188
2.01562976,-3.4593294945,1.4634509397
2.01592969,-3.4597684244,1.4634311453
2.01622962,-3.4602073483,1.4634113356
2.01652955,-3.4606462663,1.4633915106
2.01682948,-3.4610851783,1.4633716702
2.01712941,-3.4615240844,1.4633518144
2.01742934,-3.4619629845,1.4633319434
2.01772927,-3.4624018787,1.4633120569
2.01802920,-3.4628407669,1.4632921551
2.01832913,-3.4632796491,1.4632722380
2.01862906,-3.4637185253,1.4632523054
2.01892899,-3.4641573956,1.4632323575
2.01922892,-3.4645962599,1.4632123942
2.01952885,-3.4650351182,1.4631924154
2.01982878,-3.4654739705,1.4631724213
2.02012871,-3.4659128168,1.4631524117
2.02042864,-3.4663516570,1.4631323868
2.02072857,-3.4667904913,1.4631123464
2.02102850,-3.4672293196,1.4630922905
2.02132843,-3.4676681418,1.4630722193
2.02162836,-3.4681069581,1.4630521325
2.02192829,-3.4685457683,1.4630320303
2.02222822,-3.4689845724,1.4630119127
2.02252815,-3.4694233706,1.4629917795
2.02282808,-3.4698621627,1.4629716309
2.02312801,-3.4703009487,1.4629514668
2.02342794,-3.4707397287,1.4629312872
2.02372787,-3.4711785027,1.4629110921
2.02402780,-3.4716172706,1.4628908815
2.02432773,-3.4720560324,1.4628706554
2.02462766,-3.4724947881,1.4628504138
2.02492759,-3.4729335378,1.4628301566
2.02522752,-3.4733722814,1.4628098839
2.02552745,-3.4738110189,1.4627895956
2.02582738,-3.4742497503,1.4627692918
2.02612731,-3.4746884757,1.4627489724
2.02642724,-3.4751271949,1.4627286375
2.02672717,-3.4755659081,1.4627082870
2.02702710,-3.4760046151,1.4626879209
2.02732703,-3.4764433160,1.4626675392
2.02762696,-3.4768820108,1.4626471420
2.02792689,-3.4773206995,1.4626267291
2.02822682,-3.4777593821,1.4626063006
2.02852675,-3.4781980585,1.4625858565
2.02882668,-3.4786367288,1.4625653968
2.02912661,-3.4790753930,1.4625449215
2.02942654,-3.4795140510,1.4625244305
2.02972647,-3.4799527029,1.4625039239
2.03002640,-3.4803913486,1.4624834017
2.03032633,-3.4808299881,1.4624628638
2.03062626,-3.4812686215,1.4624423102
2.03092619,-3.4817072487,1.4624217409
2.03122612,-3.4821458698,1.4624011560
2.03152605,-3.4825844847,1.4623805554
2.03182598,-3.4830230934,1.4623599391
2.03212591,-3.4834616959,1.4623393071
2.03242584,-3.4839002922,1.4623186595
2.03272577,-3.4843388823,1.4622979961
2.03302570,-3.4847774663,1.4622773170
2.03332563,-3.4852160440,1.4622566221
2.03362556,-3.4856546155,1.4622359116
2.03392549,-3.4860931808,1.4622151853
2.03422542,-3.4865317399,1.4621944432
2.03452535,-3.4869702928,1.4621736854
2.03482528,-3.4874088394,1.4621529119
2.03512521,-3.4878473798,1.4621321226
2.03542514,-3.4882859139,1.4621113175
2.03572507,-3.4887244419,1.4620904967
2.03602500,-3.4891629635,1.4620696600
2.03632493,-3.4896014789,1.4620488076
2.03662486,-3.4900399881,1.4620279394
2.03692479,-3.4904784910,1.4620070554
2.03722472,-3.4909169876,1.4619861556
2.03752465,-3.4913554780,1.4619652399
2.03782458,-3.4917939621,1.4619443085
2.03812451,-3.4922324399,1.4619233612
2.03842444,-3.4926709114,1.4619023981
2.03872437,-3.4931093766,1.4618814191
2.03902430,-3.4935478356,1.4618604243
2.03932423,-3.4939862882,1.4618394137
2.03962416,-3.4944247345,1.4618183872
2.03992409,-3.4948631746,1.4617973448
2.04022402,-3.4953016083,1.4617762866
2.04052395,-3.4957400357,1.4617552124
2.04082388,-3.4961784567,1.4617341224
2.04112381,-3.4966168715,1.4617130165
2.04142374,-3.4970552799,1.4616918947
2.04172367,-3.4974936820,1.4616707570
2.04202360,-3.4979320777,1.4616496034
2.04232353,-3.4983704671,1.4616284339
2.04262346,-3.4988088501,1.4616072485
2.04292339,-3.4992472268,1.4615860471
2.04322332,-3.4996855971,1.4615648298
2.04352325,-3.5001239610,1.4615435966
2.04382318,-3.5005623186,1.4615223474
2.04412311,-3.5010006698,1.4615010823
2.04442304,-3.5014390146,1.4614798012
2.04472297,-3.5018773531,1.4614585041
2.04502290,-3.5023156851,1.4614371911
2.04532283,-3.5027540108,1.4614158621
2.04562276,-3.5031923300,1.4613945171
2.04592269,-3.5036306429,1.4613731562
2.04622262,-3.5040689493,1.4613517792
2.04652255,-3.5045072493,1.4613303862
2.04682248,-3.5049455429,1.4613089773
2.04712241,-3.5053838301,1.4612875523
2.04742234,-3.5058221108,1.4612661113
2.04772227,-3.5062603852,1.4612446543
2.04802220,-3.5066986530,1.4612231812
2.04832213,-3.5071369145,1.4612016921
2.04862206,-3.5075751695,1.4611801870
2.04892199,-3.5080134180,1.4611586658
2.04922192,-3.5084516601,1.4611371286
2.04952185,-3.5088898957,1.4611155753
2.04982178,-3.5093281249,1.4610940059
2.05012171,-3.5097663475,1.4610724205
2.05042164,-3.5102045637,1.4610508190
2.05072157,-3.5106427735,1.4610292014
2.05102150,-3.5110809767,1.4610075678
2.05132143,-3.5115191734,1.4609859180
2.05162136,-3.5119573637,1.4609642521
2.05192129,-3.5123955474,1.4609425702
2.05222122,-3.5128337247,1.4609208721
2.05252115,-3.5132718954,1.4608991579
2.05282108,-3.5137100596,1.4608774276
2.05312101,-3.5141482173,1.4608556811
2.05342094,-3.5145863685,1.4608339185
2.05372087,-3.5150245131,1.4608121398
2.05402080,-3.5154626512,1.4607903450
2.05432073,-3.5159007828,1.4607685339
2.05462066,-3.5163389078,1.4607467068
2.05492059,-3.5167770263,1.4607248634
2.05522052,-3.5172151382,1.4607030039
2.05552045,-3.5176532436,1.4606811283
2.05582038,-3.5180913424,1.4606592364
2.05612031,-3.5185294346,1.4606373284
2.05642024,-3.5189675203,1.4606154042
2.05672017,-3.5194055994,1.4605934637
2.05702010,-3.5198436719,1.4605715071
2.05732003,-3.5202817378,1.4605495343
2.05761996,-3.5207197971,1.4605275453
2.05791989,-3.5211578498,1.4605055400
2.05821982,-3.5215958959,1.4604835185
2.05851975,-3.5220339354,1.4604614808
2.05881968,-3.5224719683,1.4604394269
2.05911961,-3.5229099946,1.4604173567
2.05941954,-3.5233480143,1.4603952703
2.05971947,-3.5237860273,1.4603731676
2.06001940,-3.5242240337,1.4603510487
2.06031933,-3.5246620334,1.4603289135
2.06061926,-3.5251000266,1.4603067621
2.06091919,-3.5255380130,1.4602845944
2.06121912,-3.5259759929,1.4602624104
2.06151905,-3.5264139660,1.4602402101
2.06181898,-3.5268519325,1.4602179935
2.06211891,-3.5272898924,1.4601957607
2.06241884,-3.5277278455,1.4601735115
2.06271877,-3.5281657920,1.4601512461
2.06301870,-3.5286037318,1.4601289643
2.06331863,-3.5290416650,1.4601066663
2.06361856,-3.5294795914,1.4600843519
2.06391849,-3.5299175112,1.4600620212
2.06421842,-3.5303554242,1.4600396741
2.06451835,-3.5307933305,1.4600173108
2.06481828,-3.5312312302,1.4599949311
2.06511821,-3.5316691231,1.4599725350
2.06541814,-3.5321070093,1.4599501226
2.06571807,-3.5325448887,1.4599276939
2.06601800,-3.5329827615,1.4599052488
2.06631793,-3.5334206275,1.4598827873
2.06661786,-3.5338584867,1.4598603095
2.06691779,-3.5342963393,1.4598378153
2.06721772,-3.5347341850,1.4598153047
2.06751765,-3.5351720240,1.4597927777
2.06781758,-3.5356098563,1.4597702343
2.06811751,-3.5360476818,1.4597476746
2.06841744,-3.5364855005,1.4597250984
2.06871737,-3.5369233125,1.4597025059
2.06901730,-3.5373611176,1.4596798969
2.06931723,-3.5377989160,1.4596572715
2.06961716,-3.5382367076,1.4596346297
2.06991709,-3.5386744924,1.4596119715
2.07021702,-3.5391122705,1.4595892969
2.07051695,-3.5395500417,1.4595666058
2.07081688,-3.5399878061,1.4595438983
2.07111681,-3.5404255636,1.4595211744
2.07141674,-3.5408633144,1.4594984340
2.07171667,-3.5413010584,1.4594756771
2.07201660,-3.5417387955,1.4594529038
2.07231653,-3.5421765258,1.4594301140
2.07261646,-3.5426142492,1.4594073078
2.07291639,-3.5430519658,1.4593844851
2.07321632,-3.5434896756,1.4593616459
2.07351625,-3.5439273785,1.4593387903
2.07381618,-3.5443650745,1.4593159181
2.07411611,-3.5448027637,1.4592930295
2.07441604,-3.5452404460,1.4592701244
2.07471597,-3.5456781214,1.4592472027
2.07501590,-3.5461157900,1.4592242646
2.07531583,-3.5465534517,1.4592013100
2.07561576,-3.5469911065,1.4591783388
2.07591569,-3.5474287544,1.4591553512
2.07621562,-3.5478663954,1.4591323470
2.07651555,-3.5483040295,1.4591093263
2.07681548,-3.5487416567,1.4590862890
2.07711541,-3.5491792770,1.4590632353
2.07741534,-3.5496168903,1.4590401649
2.07771527,-3.5500544968,1.4590170781
2.07801520,-3.5504920963,1.4589939747
2.07831513,-3.5509296889,1.4589708547
2.07861506,-3.5513672745,1.4589477182
2.07891499,-3.5518048533,1.4589245651
2.07921492,-3.5522424250,1.4589013955
2.07951485,-3.5526799898,1.4588782093
2.07981478,-3.5531175477,1.4588550065
2.08011471,-3.5535550986,1.4588317871
2.08041464,-3.5539926425,1.4588085511
2.08071457,-3.5544301794,1.4587852986
2.08101450,-3.5548677094,1.4587620295
2.08131443,-3.5553052324,1.4587387437
2.08161436,-3.5557427484,1.4587154414
2.08191429,-3.5561802574,1.4586921225
2.08221422,-3.5566177595,1.4586687869
2.08251415,-3.5570552545,1.4586454347
2.08281408,-3.5574927425,1.4586220660
2.08311401,-3.5579302235,1.4585986806
2.08341394,-3.5583676975,1.4585752785
2.08371387,-3.5588051644,1.4585518599
2.08401380,-3.5592426244,1.4585284246
2.08431373,-3.5596800773,1.4585049726
2.08461366,-3.5601175231,1.4584815041
2.08491359,-3.5605549620,1.4584580188
2.08521352,-3.5609923938,1.4584345169
2.08551345,-3.5614298185,1.4584109984
2.08581338,-3.5618672362,1.4583874632
2.08611331,-3.5623046468,1.4583639114
2.08641324,-3.5627420503,1.4583403428
2.08671317,-3.5631794468,1.4583167576
2.08701310,-3.5636168362,1.4582931557
2.08731303,-3.5640542185,1.4582695372
2.08761296,-3.5644915937,1.4582459019
2.08791289,-3.5649289619,1.4582222500
2.08821282,-3.5653663229,1.4581985814
2.08851275,-3.5658036768,1.4581748961
2.08881268,-3.5662410237,1.4581511940
2.08911261,-3.5666783634,1.4581274753
2.08941254,-3.5671156960,1.4581037399
2.08971247,-3.5675530215,1.4580799877
2.09001240,-3.5679903398,1.4580562188
2.09031233,-3.5684276511,1.4580324333
2.09061226,-3.5688649552,1.4580086310
2.09091219,-3.5693022521,1.4579848119
2.09121212,-3.5697395419,1.4579609761
2.09151205,-3.5701768246,1.4579371236
2.09181198,-3.5706141001,1.4579132544
2.09211191,-3.5710513684,1.4578893684
2.09241184,-3.5714886295,1.4578654656
2.09271177,-3.5719258835,1.4578415462
2.09301170,-3.5723631304,1.4578176099
2.09331163,-3.5728003700,1.4577936569
2.09361156,-3.5732376024,1.4577696871
2.09391149,-3.5736748277,1.4577457006
2.09421142,-3.5741120458,1.4577216973
2.09451135,-3.5745492566,1.4576976772
2.09481128,-3.5749864603,1.4576736404
2.09511121,-3.5754236567,1.4576495867
2.09541114,-3.5758608459,1.4576255163
2.09571107,-3.5762980279,1.4576014291
2.09601100,-3.5767352027,1.4575773251
2.09631093,-3.5771723702,1.4575532043
2.09661086,-3.5776095305,1.4575290667
2.09691079,-3.5780466836,1.4575049123
2.09721072,-3.5784838294,1.4574807410
2.09751065,-3.5789209680,1.4574565530
2.09781058,-3.5793580993,1.4574323482
2.09811051,-3.5797952233,1.4574081265
2.09841044,-3.5802323401,1.4573838880
2.09871037,-3.5806694496,1.4573596327
2.09901030,-3.5811065518,1.4573353606
2.09931023,-3.5815436468,1.4573110717
2.09961016,-3.5819807344,1.4572867659
2.09991009,-3.5824178148,1.4572624432
2.10021002,-3.5828548879,1.4572381037
2.10050995,-3.5832919536,1.4572137474
2.10080988,-3.5837290121,1.4571893742
2.10110981,-3.5841660632,1.4571649842
2.10140974,-3.5846031070,1.4571405773
2.10170967,-3.5850401435,1.4571161536
2.10200960,-3.5854771727,1.4570917130
2.10230953,-3.5859141946,1.4570672555
2.10260946,-3.5863512091,1.4570427811
2.10290939,-3.5867882162,1.4570182899
2.10320932,-3.5872252160,1.4569937818
2.10350925,-3.5876622085,1.4569692568
2.10380918,-3.5880991936,1.4569447150
2.10410911,-3.5885361713,1.4569201562
2.10440904,-3.5889731417,1.4568955806
2.10470897,-3.5894101047,1.4568709881
2.10500890,-3.5898470603,1.4568463787
2.10530883,-3.5902840085,1.4568217523
2.10560876,-3.5907209494,1.4567971091
2.10590869,-3.5911578828,1.4567724490
2.10620862,-3.5915948089,1.4567477719
2.10650855,-3.5920317275,1.4567230780
2.10680848,-3.5924686388,1.4566983671
2.10710841,-3.5929055426,1.4566736393
2.10740834,-3.5933424390,1.4566488946
2.10770827,-3.5937793280,1.4566241329
2.10800820,-3.5942162095,1.4565993544
2.10830813,-3.5946530837,1.4565745589
2.10860806,-3.5950899503,1.4565497464
2.10890799,-3.5955268096,1.4565249171
2.10920792,-3.5959636613,1.4565000708
2.10950785,-3.5964005057,1.4564752075
2.10980778,-3.5968373425,1.4564503273
2.11010771,-3.5972741719,1.4564254301
2.11040764,-3.5977109939,1.4564005160
2.11070757,-3.5981478083,1.4563755850
2.11100750,-3.5985846153,1.4563506369
2.11130743,-3.5990214148,1.4563256720
2.11160736,-3.5994582068,1.4563006900
2.11190729,-3.5998949913,1.4562756911
2.11220722,-3.6003317683,1.4562506752
2.11250715,-3.6007685378,1.4562256423
2.11280708,-3.6012052998,1.4562005925
2.11310701,-3.6016420543,1.4561755257
2.11340694,-3.6020788013,1.4561504419
2.11370687,-3.6025155407,1.4561253411
2.11400680,-3.6029522726,1.4561002233
2.11430673,-3.6033889969,1.4560750885
2.11460666,-3.6038257138,1.4560499368
2.11490659,-3.6042624230,1.4560247680
2.11520652,-3.6046991248,1.4559995822
2.11550645,-3.6051358189,1.4559743795
2.11580638,-3.6055725055,1.4559491597
2.11610631,-3.6060091846,1.4559239229
2.11640624,-3.6064458560,1.4558986691
2.11670617,-3.6068825199,1.4558733983
2.11700610,-3.6073191762,1.4558481105
2.11730603,-3.6077558250,1.4558228057
2.11760596,-3.6081924661,1.4557974838
2.11790589,-3.6086290996,1.4557721449
2.11820582,-3.6090657255,1.4557467890
2.11850575,-3.6095023439,1.4557214160
2.11880568,-3.6099389546,1.4556960261
2.11910561,-3.6103755577,1.4556706190
2.11940554,-3.6108121531,1.4556451950
2.11970547,-3.6112487410,1.4556197539
2.12000540,-3.6116853212,1.4555942958
2.12030533,-3.6121218937,1.4555688206
2.12060526,-3.6125584587,1.4555433283
2.12090519,-3.6129950159,1.4555178191
2.12120512,-3.6134315656,1.4554922927
2.12150505,-3.6138681075,1.4554667493
2.12180498,-3.6143046418,1.4554411889
2.12210491,-3.6147411685,1.4554156113
2.12240484,-3.6151776874,1.4553900168
2.12270477,-3.6156141987,1.4553644051
2.12300470,-3.6160507023,1.4553387764
2.12330463,-3.6164871982,1.4553131306
2.12360456,-3.6169236864,1.4552874677
2.12390449,-3.6173601669,1.4552617878
2.12420442,-3.6177966397,1.4552360908
2.12450435,-3.6182331048,1.4552103767
2.12480428,-3.6186695622,1.4551846455
2.12510421,-3.6191060119,1.4551588972
2.12540414,-3.6195424538,1.4551331319
2.12570407,-3.6199788880,1.4551073494
2.12600400,-3.6204153145,1.4550815499
2.12630393,-3.6208517332,1.4550557332
2.12660386,-3.6212881442,1.4550298995
2.12690379,-3.6217245474,1.4550040486
2.12720372,-3.6221609429,1.4549781807
2.12750365,-3.6225973306,1.4549522956
2.12780358,-3.6230337106,1.4549263935
2.12810351,-3.6234700827,1.4549004742
2.12840344,-3.6239064471,1.4548745378
2.12870337,-3.6243428037,1.4548485843
2.12900330,-3.6247791526,1.4548226137
2.12930323,-3.6252154936,1.4547966260
2.12960316,-3.6256518269,1.4547706211
2.12990309,-3.6260881523,1.4547445992
2.13020302,-3.6265244699,1.4547185601
2.13050295,-3.6269607798,1.4546925038
2.13080288,-3.6273970818,1.4546664305
2.13110281,-3.6278333759,1.4546403400
2.13140274,-3.6282696623,1.4546142324
2.13170267,-3.6287059408,1.4545881076
2.13200260,-3.6291422115,1.4545619657
2.13230253,-3.6295784743,1.4545358067
2.13260246,-3.6300147293,1.4545096305
2.13290239,-3.6304509765,1.4544834371
2.13320232,-3.6308872157,1.4544572267
2.13350225,-3.6313234472,1.4544309990
2.13380218,-3.6317596707,1.4544047543
2.13410211,-3.6321958864,1.4543784923
2.13440204,-3.6326320942,1.4543522132
2.13470197,-3.6330682941,1.4543259170
2.13500190,-3.6335044861,1.4542996036
2.13530183,-3.6339406702,1.4542732730
2.13560176,-3.6343768464,1.4542469253
2.13590169,-3.6348130148,1.4542205604
2.13620162,-3.6352491752,1.4541941784
2.13650155,-3.6356853277,1.4541677791
2.13680148,-3.6361214722,1.4541413627
2.13710141,-3.6365576089,1.4541149292
2.13740134,-3.6369937376,1.4540884784
2.13770127,-3.6374298584,1.4540620105
2.13800120,-3.6378659712,1.4540355254
2.13830113,-3.6383020761,1.4540090231
2.13860106,-3.6387381730,1.4539825036
2.13890099,-3.6391742620,1.4539559670
2.13920092,-3.6396103430,1.4539294131
2.13950085,-3.6400464161,1.4539028421
2.13980078,-3.6404824812,1.4538762539
2.14010071,-3.6409185383,1.4538496485
2.14040064,-3.6413545874,1.4538230259
2.14070057,-3.6417906285,1.4537963861
2.14100050,-3.6422266617,1.4537697291
2.14130043,-3.6426626868,1.4537430549
2.14160036,-3.6430987040,1.4537163635
2.14190029,-3.6435347131,1.4536896549
2.14220022,-3.6439707142,1.4536629291
2.14250015,-3.6444067073,1.4536361861
2.14280008,-3.6448426924,1.4536094259
2.14310001,-3.6452786695,1.4535826485
2.14339994,-3.6457146385,1.4535558539
2.14369987,-3.6461505995,1.4535290420
2.14399980,-3.6465865524,1.4535022130
2.14429973,-3.6470224973,1.4534753667
2.14459966,-3.6474584341,1.4534485032
2.14489959,-3.6478943629,1.4534216225
2.14519952,-3.6483302836,1.4533947246
2.14549945,-3.6487661962,1.4533678094
2.14579938,-3.6492021008,1.4533408770
2.14609931,-3.6496379973,1.4533139274
2.14639924,-3.6500738856,1.4532869606
2.14669917,-3.6505097660,1.4532599766
2.14699910,-3.6509456382,1.4532329753
2.14729903,-3.6513815023,1.4532059568
2.14759896,-3.6518173583,1.4531789210
2.14789889,-3.6522532062,1.4531518680
2.14819882,-3.6526890459,1.4531247978
2.14849875,-3.6531248776,1.4530977103
2.14879868,-3.6535607011,1.4530706057
2.14909861,-3.6539965165,1.4530434837
2.14939854,-3.6544323237,1.4530163445
2.14969847,-3.6548681229,1.4529891881
2.14999840,-3.6553039138,1.4529620145
2.15029833,-3.6557396966,1.4529348235
2.15059826,-3.6561754713,1.4529076154
2.15089819,-3.6566112378,1.4528803900
2.15119812,-3.6570469961,1.4528531473
2.15149805,-3.6574827462,1.4528258874
2.15179798,-3.6579184882,1.4527986102
2.15209791,-3.6583542220,1.4527713158
2.15239784,-3.6587899476,1.4527440042
2.15269777,-3.6592256650,1.4527166752
2.15299770,-3.6596613742,1.4526893290
2.15329763,-3.6600970752,1.4526619656
2.15359756,-3.6605327680,1.4526345849
2.15389749,-3.6609684525,1.4526071869
2.15419742,-3.6614041289,1.4525797717
2.15449735,-3.6618397970,1.4525523392
2.15479728,-3.6622754569,1.4525248894
2.15509721,-3.6627111086,1.4524974224
2.15539714,-3.6631467520,1.4524699381
2.15569707,-3.6635823872,1.4524424365
2.15599700,-3.6640180141,1.4524149177
2.15629693,-3.6644536328,1.4523873816
2.15659686,-3.6648892432,1.4523598282
2.15689679,-3.6653248453,1.4523322576
2.15719672,-3.6657604392,1.4523046696
2.15749665,-3.6661960248,1.4522770644
2.15779658,-3.6666316021,1.4522494420
2.15809651,-3.6670671711,1.4522218022
2.15839644,-3.6675027318,1.4521941452
2.15869637,-3.6679382843,1.4521664708
2.15899630,-3.6683738284,1.4521387792
2.15929623,-3.6688093642,1.4521110703
2.15959616,-3.6692448917,1.4520833442
2.15989609,-3.6696804109,1.4520556007
2.16019602,-3.6701159218,1.4520278400
2.16049595,-3.6705514243,1.4520000620
2.16079588,-3.6709869185,1.4519722667
2.16109581,-3.6714224044,1.4519444541
2.16139574,-3.6718578819,1.4519166242
2.16169567,-3.6722933511,1.4518887770
2.16199560,-3.6727288119,1.4518609125
2.16229553,-3.6731642643,1.4518330307
2.16259546,-3.6735997084,1.4518051317
2.16289539,-3.6740351441,1.4517772153
2.16319532,-3.6744705715,1.4517492817
2.16349525,-3.6749059904,1.4517213307
2.16379518,-3.6753414010,1.4516933625
2.16409511,-3.6757768032,1.4516653769
2.16439504,-3.6762121970,1.4516373741
2.16469497,-3.6766475824,1.4516093540
2.16499490,-3.6770829594,1.4515813165
2.16529483,-3.6775183279,1.4515532618
2.16559476,-3.6779536881,1.4515251897
2.16589469,-3.6783890398,1.4514971004
2.16619462,-3.6788243831,1.4514689937
2.16649455,-3.6792597180,1.4514408698
2.16679448,-3.6796950444,1.4514127285
2.16709441,-3.6801303624,1.4513845700
2.16739434,-3.6805656719,1.4513563941
2.16769427,-3.6810009730,1.4513282009
2.16799420,-3.6814362657,1.4512999904
2.16829413,-3.6818715498,1.4512717626
2.16859406,-3.6823068255,1.4512435175
2.16889399,-3.6827420927,1.4512152551
2.16919392,-3.6831773515,1.4511869754
2.16949385,-3.6836126017,1.4511586783
2.16979378,-3.6840478435,1.4511303640
2.17009371,-3.6844830768,1.4511020323
2.17039364,-3.6849183015,1.4510736833
2.17069357,-3.6853535178,1.4510453170
2.17099350,-3.6857887256,1.4510169334
2.17129343,-3.6862239248,1.4509885325
2.17159336,-3.6866591155,1.4509601143
2.17189329,-3.6870942977,1.4509316787
2.17219322,-3.6875294714,1.4509032258
2.17249315,-3.6879646365,1.4508747556
2.17279308,-3.6883997931,1.4508462681
2.17309301,-3.6888349411,1.4508177633
2.17339294,-3.6892700806,1.4507892411
2.17369287,-3.6897052115,1.4507607017
2.17399280,-3.6901403339,1.4507321449
2.17429273,-3.6905754477,1.4507035708
2.17459266,-3.6910105529,1.4506749793
2.17489259,-3.6914456496,1.4506463706
2.17519252,-3.6918807376,1.4506177445
2.17549245,-3.6923158171,1.4505891011
2.17579238,-3.6927508880,1.4505604404
2.17609231,-3.6931859503,1.4505317623
2.17639224,-3.6936210040,1.4505030670
2.17669217,-3.6940560490,1.4504743543
2.17699210,-3.6944910855,1.4504456242
2.17729203,-3.6949261133,1.4504168769
2.17759196,-3.6953611325,1.4503881122
2.17789189,-3.6957961431,1.4503593302
2.17819182,-3.6962311451,1.4503305309
2.17849175,-3.6966661384,1.4503017142
2.17879168,-3.6971011230,1.4502728802
2.17909161,-3.6975360990,1.4502440289
2.17939154,-3.6979710664,1.4502151603
2.17969147,-3.6984060251,1.4501862743
2.17999140,-3.6988409751,1.4501573710
2.18029133,-3.6992759165,1.4501284504
2.18059126,-3.6997108492,1.4500995125
2.18089119,-3.7001457731,1.4500705572
2.18119112,-3.7005806885,1.4500415846
2.18149105,-3.7010155951,1.4500125946
2.18179098,-3.7014504930,1.4499835874
2.18209091,-3.7018853822,1.4499545628
2.18239084,-3.7023202627,1.4499255208
2.18269077,-3.7027551345,1.4498964616
2.18299070,-3.7031899976,1.4498673850
2.18329063,-3.7036248519,1.4498382911
2.18359056,-3.7040596976,1.4498091798
2.18389049,-3.7044945345,1.4497800512
2.18419042,-3.7049293626,1.4497509053
2.18449035,-3.7053641820,1.4497217421
2.18479028,-3.7057989927,1.4496925615
2.18509021,-3.7062337946,1.4496633636
2.18539014,-3.7066685877,1.4496341483
2.18569007,-3.7071033721,1.4496049158
2.18599000,-3.7075381477,1.4495756658
2.18628993,-3.7079729145,1.4495463986
2.18658986,-3.7084076726,1.4495171140
2.18688979,-3.7088424218,1.4494878121
2.18718972,-3.7092771623,1.4494584929
2.18748965,-3.7097118940,1.4494291563
2.18778958,-3.7101466169,1.4493998024
2.18808951,-3.7105813309,1.4493704312
2.18838944,-3.7110160362,1.4493410426
2.18868937,-3.7114507326,1.4493116367
2.18898930,-3.7118854203,1.4492822135
2.18928923,-3.7123200990,1.4492527729
2.18958916,-3.7127547690,1.4492233150
2.18988909,-3.7131894301,1.4491938398
2.19018902,-3.7136240824,1.4491643472
2.19048895,-3.7140587258,1.4491348374
2.19078888,-3.7144933604,1.4491053101
2.19108881,-3.7149279861,1.4490757656
2.19138874,-3.7153626030,1.4490462037
2.19168867,-3.7157972110,1.4490166245
2.19198860,-3.7162318101,1.4489870279
2.19228853,-3.7166664003,1.4489574140
2.19258846,-3.7171009816,1.4489277828
2.19288839,-3.7175355541,1.4488981343
2.19318832,-3.7179701177,1.4488684684
2.19348825,-3.7184046723,1.4488387852
2.19378818,-3.7188392181,1.4488090847
2.19408811,-3.7192737549,1.4487793668
2.19438804,-3.7197082828,1.4487496316
2.19468797,-3.7201428018,1.4487198791
2.19498790,-3.7205773119,1.4486901092
2.19528783,-3.7210118131,1.4486603220
2.19558776,-3.7214463053,1.4486305175
2.19588769,-3.7218807886,1.4486006957
2.19618762,-3.7223152629,1.4485708565
2.19648755,-3.7227497283,1.4485410000
2.19678748,-3.7231841847,1.4485111262
2.19708741,-3.7236186321,1.4484812350
2.19738734,-3.7240530706,1.4484513266
2.19768727,-3.7244875001,1.4484214007
2.19798720,-3.7249219206,1.4483914576
2.19828713,-3.7253563322,1.4483614971
2.19858706,-3.7257907347,1.4483315194
2.19888699,-3.7262251283,1.4483015242
2.19918692,-3.7266595129,1.4482715118
2.19948685,-3.7270938884,1.4482414820
2.19978678,-3.7275282550,1.4482114349
2.20008671,-3.7279626125,1.4481813705
2.20038664,-3.7283969611,1.4481512888
2.20068657,-3.7288313005,1.4481211897
2.20098650,-3.7292656310,1.4480910734
2.20128643,-3.7296999524,1.4480609397
2.20158636,-3.7301342648,1.4480307886
2.20188629,-3.7305685682,1.4480006203
2.20218622,-3.7310028625,1.4479704346
2.20248615,-3.7314371477,1.4479402316
2.20278608,-3.7318714239,1.4479100113
2.20308601,-3.7323056910,1.4478797737
2.20338594,-3.7327399490,1.4478495187
2.20368587,-3.7331741980,1.4478192465
2.20398580,-3.7336084378,1.4477889569
2.20428573,-3.7340426686,1.4477586500
2.20458566,-3.7344768903,1.4477283258
2.20488559,-3.7349111029,1.4476979842
2.20518552,-3.7353453064,1.4476676254
2.20548545,-3.7357795008,1.4476372492
2.20578538,-3.7362136861,1.4476068557
2.20608531,-3.7366478622,1.4475764449
2.20638524,-3.7370820293,1.4475460168
2.20668517,-3.7375161872,1.4475155714
2.20698510,-3.7379503359,1.4474851087
2.20728503,-3.7383844756,1.4474546286
2.20758496,-3.7388186060,1.4474241313
2.20788489,-3.7392527274,1.4473936166
2.20818482,-3.7396868396,1.4473630846
2.20848475,-3.7401209426,1.4473325354
2.20878468,-3.7405550364,1.4473019688
2.20908461,-3.7409891211,1.4472713849
2.20938454,-3.7414231966,1.4472407837
2.20968447,-3.7418572630,1.4472101652
2.20998440,-3.7422913201,1.4471795293
2.21028433,-3.7427253680,1.4471488762
2.21058426,-3.7431594068,1.4471182058
2.21088419,-3.7435934364,1.4470875181
2.21118412,-3.7440274567,1.4470568131
2.21148405,-3.7444614678,1.4470260907
2.21178398,-3.7448954697,1.4469953511
2.21208391,-3.7453294624,1.4469645942
2.21238384,-3.7457634459,1.4469338199
2.21268377,-3.7461974201,1.4469030284
2.21298370,-3.7466313851,1.4468722196
2.21328363,-3.7470653409,1.4468413935
2.21358356,-3.7474992874,1.4468105501
2.21388349,-3.7479332246,1.4467796894
2.21418342,-3.7483671526,1.4467488113
2.21448335,-3.7488010714,1.4467179161
2.21478328,-3.7492349808,1.4466870035
2.21508321,-3.7496688810,1.4466560736
2.21538314,-3.7501027719,1.4466251264
2.21568307,-3.7505366535,1.4465941620
2.21598300,-3.7509705259,1.4465631802
2.21628293,-3.7514043889,1.4465321812
2.21658286,-3.7518382427,1.4465011649
2.21688279,-3.7522720871,1.4464701313
2.21718272,-3.7527059222,1.4464390804
2.21748265,-3.7531397480,1.4464080122
2.21778258,-3.7535735645,1.4463769267
2.21808251,-3.7540073717,1.4463458240
2.21838244,-3.7544411695,1.4463147040
2.21868237,-3.7548749580,1.4462835667
2.21898230,-3.7553087371,1.4462524121
2.21928223,-3.7557425069,1.4462212402
2.21958216,-3.7561762674,1.4461900511
2.21988209,-3.7566100185,1.4461588447
2.22018202,-3.7570437602,1.4461276210
2.22048195,-3.7574774926,1.4460963801
2.22078188,-3.7579112156,1.4460651218
2.22108181,-3.7583449292,1.4460338463
2.22138174,-3.7587786334,1.4460025536
2.22168167,-3.7592123282,1.4459712435
2.22198160,-3.7596460137,1.4459399162
2.22228153,-3.7600796897,1.4459085717
2.22258146,-3.7605133564,1.4458772098
2.22288139,-3.7609470136,1.4458458307
2.22318132,-3.7613806614,1.4458144344
2.22348125,-3.7618142998,1.4457830207
2.22378118,-3.7622479288,1.4457515898
2.22408111,-3.7626815484,1.4457201417
2.22438104,-3.7631151585,1.4456886763
2.22468097,-3.7635487592,1.4456571936
2.22498090,-3.7639823504,1.4456256937
2.22528083,-3.7644159322,1.4455941765
2.22558076,-3.7648495045,1.4455626421
2.22588069,-3.7652830674,1.4455310904
2.22618062,-3.7657166208,1.4454995215
2.22648055,-3.7661501647,1.4454679353
2.22678048,-3.7665836991,1.4454363319
2.22708041,-3.7670172241,1.4454047112
2.22738034,-3.7674507396,1.4453730733
2.22768027,-3.7678842456,1.4453414181
2.22798020,-3.7683177421,1.4453097457
2.22828013,-3.7687512291,1.4452780561
2.22858006,-3.7691847065,1.4452463492
2.22887999,-3.7696181745,1.4452146250
2.22917992,-3.7700516330,1.4451828837
2.22947985,-3.7704850819,1.4451511250
2.22977978,-3.7709185213,1.4451193492
2.23007971,-3.7713519512,1.4450875561
2.23037964,-3.7717853715,1.4450557458
2.23067957,-3.7722187823,1.4450239183
2.23097950,-3.7726521835,1.4449920735
2.23127943,-3.7730855752,1.4449602115
2.23157936,-3.7735189573,1.4449283323
2.23187929,-3.7739523299,1.4448964358
2.23217922,-3.7743856929,1.4448645221
2.23247915,-3.7748190463,1.4448325912
2.23277908,-3.7752523902,1.4448006431
2.23307901,-3.7756857244,1.4447686778
2.23337894,-3.7761190491,1.4447366952
2.23367887,-3.7765523641,1.4447046954
2.23397880,-3.7769856696,1.4446726784
2.23427873,-3.7774189655,1.4446406442
2.23457866,-3.7778522517,1.4446085928
2.23487859,-3.7782855284,1.4445765242
2.23517852,-3.7787187954,1.4445444383
2.23547845,-3.7791520528,1.4445123353
2.23577838,-3.7795853005,1.4444802150
2.23607831,-3.7800185387,1.4444480776
2.23637824,-3.7804517671,1.4444159229
2.23667817,-3.7808849860,1.4443837510
2.23697810,-3.7813181951,1.4443515620
2.23727803,-3.7817513947,1.4443193557
2.23757796,-3.7821845845,1.4442871323
2.23787789,-3.7826177647,1.4442548916
2.23817782,-3.7830509353,1.4442226338
2.23847775,-3.7834840961,1.4441903587
2.23877768,-3.7839172473,1.4441580665
2.23907761,-3.7843503887,1.4441257571
2.23937754,-3.7847835205,1.4440934304
2.23967747,-3.7852166426,1.4440610867
2.23997740,-3.7856497550,1.4440287257
2.24027733,-3.7860828577,1.4439963475
2.24057726,-3.7865159506,1.4439639522
2.24087719,-3.7869490339,1.4439315397
2.24117712,-3.7873821074,1.4438991100
2.24147705,-3.7878151712,1.4438666631
2.24177698,-3.7882482252,1.4438341990
2.24207691,-3.7886812695,1.4438017178
2.24237684,-3.7891143041,1.4437692194
2.24267677,-3.7895473289,1.4437367039
2.24297670,-3.7899803440,1.4437041712
2.24327663,-3.7904133493,1.4436716213
2.24357656,-3.7908463448,1.4436390542
2.24387649,-3.7912793306,1.4436064700
2.24417642,-3.7917123066,1.4435738686
2.24447635,-3.7921452728,1.4435412501
2.24477628,-3.7925782292,1.4435086144
2.24507621,-3.7930111758,1.4434759616
2.24537614,-3.7934441127,1.4434432916
2.24567607,-3.7938770397,1.4434106044
2.24597600,-3.7943099569,1.4433779001
2.24627593,-3.7947428643,1.4433451787
2.24657586,-3.7951757619,1.4433124401
2.24687579,-3.7956086497,1.4432796844
2.24717572,-3.7960415277,1.4432469115
2.24747565,-3.7964743958,1.4432141215
2.24777558,-3.7969072541,1.4431813144
2.24807551,-3.7973401025,1.4431484901
2.24837544,-3.7977729411,1.4431156487
2.24867537,-3.7982057699,1.4430827901
2.24897530,-3.7986385887,1.4430499144
2.24927523,-3.7990713978,1.4430170216
2.24957516,-3.7995041969,1.4429841117
2.24987509,-3.7999369862,1.4429511847
2.25017502,-3.8003697656,1.4429182405
2.25047495,-3.8008025351,1.4428852792
2.25077488,-3.8012352947,1.4428523008
2.25107481,-3.8016680445,1.4428193052
2.25137474,-3.8021007843,1.4427862926
2.25167467,-3.8025335142,1.4427532628
2.25197460,-3.8029662342,1.4427202160
2.25227453,-3.8033989444,1.4426871520
2.25257446,-3.8038316445,1.4426540709
2.25287439,-3.8042643348,1.4426209727
2.25317432,-3.8046970151,1.4425878574
2.25347425,-3.8051296855,1.4425547250
2.25377418,-3.8055623460,1.4425215755
2.25407411,-3.8059949965,1.4424884090
2.25437404,-3.8064276371,1.4424552253
2.25467397,-3.8068602677,1.4424220245
2.25497390,-3.8072928883,1.4423888067
2.25527383,-3.8077254990,1.4423555717
2.25557376,-3.8081580997,1.4423223197
2.25587369,-3.8085906905,1.4422890506
2.25617362,-3.8090232712,1.4422557644
2.25647355,-3.8094558420,1.4422224611
2.25677348,-3.8098884028,1.4421891408
2.25707341,-3.8103209535,1.4421558033
2.25737334,-3.8107534943,1.4421224488
2.25767327,-3.8111860251,1.4420890773
2.25797320,-3.8116185459,1.4420556886
2.25827313,-3.8120510566,1.4420222829
2.25857306,-3.8124835573,1.4419888602
2.25887299,-3.8129160480,1.4419554203
2.25917292,-3.8133485287,1.4419219634
2.25947285,-3.8137809993,1.4418884895
2.25977278,-3.8142134599,1.4418549985
2.26007271,-3.8146459104,1.4418214904
2.26037264,-3.8150783509,1.4417879653
2.26067257,-3.8155107813,1.4417544232
2.26097250,-3.8159432017,1.4417208640
2.26127243,-3.8163756120,1.4416872877
2.26157236,-3.8168080122,1.4416536945
2.26187229,-3.8172404024,1.4416200841
2.26217222,-3.8176727824,1.4415864568
2.26247215,-3.8181051524,1.4415528124
2.26277208,-3.8185375123,1.4415191510
2.26307201,-3.8189698620,1.4414854725
2.26337194,-3.8194022017,1.4414517770
2.26367187,-3.8198345313,1.4414180645
2.26397180,-3.8202668507,1.4413843350
2.26427173,-3.8206991601,1.4413505884
2.26457166,-3.8211314593,1.4413168249
2.26487159,-3.8215637484,1.4412830443
2.26517152,-3.8219960273,1.4412492467
2.26547145,-3.8224282961,1.4412154321
2.26577138,-3.8228605548,1.4411816004
2.26607131,-3.8232928033,1.4411477518
2.26637124,-3.8237250416,1.4411138862
2.26667117,-3.8241572698,1.4410800036
2.26697110,-3.8245894879,1.4410461039
2.26727103,-3.8250216957,1.4410121873
2.26757096,-3.8254538934,1.4409782537
2.26787089,-3.8258860809,1.4409443031
2.26817082,-3.8263182583,1.4409103355
2.26847075,-3.8267504254,1.4408763509
2.26877068,-3.8271825823,1.4408423493
2.26907061,-3.8276147291,1.4408083307
2.26937054,-3.8280468656,1.4407742952
2.26967047,-3.8284789919,1.4407402427
2.26997040,-3.8289111080,1.4407061732
2.27027033,-3.8293432139,1.4406720867
2.27057026,-3.8297753096,1.4406379833
2.27087019,-3.8302073950,1.4406038629
2.27117012,-3.8306394702,1.4405697256
2.27147005,-3.8310715351,1.4405355712
2.27176998,-3.8315035898,1.4405014000
2.27206991,-3.8319356343,1.4404672117
2.27236984,-3.8323676685,1.4404330065
2.27266977,-3.8327996924,1.4403987844
2.27296970,-3.8332317060,1.4403645453
2.27326963,-3.8336637094,1.4403302893
2.27356956,-3.8340957026,1.4402960163
2.27386949,-3.8345276854,1.4402617264
2.27416942,-3.8349596579,1.4402274195
2.27446935,-3.8353916202,1.4401930957
2.27476928,-3.8358235721,1.4401587550
2.27506921,-3.8362555138,1.4401243973
2.27536914,-3.8366874451,1.4400900227
2.27566907,-3.8371193662,1.4400556312
2.27596900,-3.8375512769,1.4400212228
2.27626893,-3.8379831773,1.4399867974
2.27656886,-3.8384150674,1.4399523551
2.27686879,-3.8388469471,1.4399178959
2.27716872,-3.8392788165,1.4398834198
2.27746865,-3.8397106755,1.4398489268
2.27776858,-3.8401425242,1.4398144169
2.27806851,-3.8405743626,1.4397798901
2.27836844,-3.8410061906,1.4397453464
2.27866837,-3.8414380082,1.4397107857
2.27896830,-3.8418698155,1.4396762082
2.27926823,-3.8423016124,1.4396416138
2.27956816,-3.8427333989,1.4396070025
2.27986809,-3.8431651750,1.4395723743
2.28016802,-3.8435969407,1.4395377292
2.28046795,-3.8440286961,1.4395030673
2.28076788,-3.8444604410,1.4394683884
2.28106781,-3.8448921756,1.4394336927
2.28136774,-3.8453238997,1.4393989801
2.28166767,-3.8457556134,1.4393642507
2.28196760,-3.8461873167,1.4393295044
2.28226753,-3.8466190096,1.4392947412
2.28256746,-3.8470506921,1.4392599611
2.28286739,-3.8474823641,1.4392251642
2.28316732,-3.8479140256,1.4391903504
2.28346725,-3.8483456768,1.4391555198
2.28376718,-3.8487773174,1.4391206723
2.28406711,-3.8492089477,1.4390858080
2.28436704,-3.8496405674,1.4390509269
2.28466697,-3.8500721767,1.4390160289
2.28496690,-3.8505037756,1.4389811140
2.28526683,-3.8509353639,1.4389461823
2.28556676,-3.8513669418,1.4389112338
2.28586669,-3.8517985092,1.4388762684
2.28616662,-3.8522300661,1.4388412863
2.28646655,-3.8526616125,1.4388062873
2.28676648,-3.8530931484,1.4387712714
2.28706641,-3.8535246738,1.4387362388
2.28736634,-3.8539561887,1.4387011893
2.28766627,-3.8543876931,1.4386661231
2.28796620,-3.8548191870,1.4386310400
2.28826613,-3.8552506703,1.4385959401
2.28856606,-3.8556821431,1.4385608234
2.28886599,-3.8561136054,1.4385256899
2.28916592,-3.8565450571,1.4384905396
2.28946585,-3.8569764983,1.4384553725
2.28976578,-3.8574079289,1.4384201886
2.29006571,-3.8578393490,1.4383849880
2.29036564,-3.8582707585,1.4383497705
2.29066557,-3.8587021575,1.4383145363
2.29096550,-3.8591335459,1.4382792852
2.29126543,-3.8595649237,1.4382440174
2.29156536,-3.8599962909,1.4382087329
2.29186529,-3.8604276475,1.4381734315
2.29216522,-3.8608589936,1.4381381134
2.29246515,-3.8612903291,1.4381027785
2.29276508,-3.8617216539,1.4380674269
2.29306501,-3.8621529682,1.4380320585
2.29336494,-3.8625842718,1.4379966733
2.29366487,-3.8630155648,1.4379612714
2.29396480,-3.8634468472,1.4379258528
2.29426473,-3.8638781190,1.4378904174
2.29456466,-3.8643093802,1.4378549652
2.29486459,-3.8647406307,1.4378194963
2.29516452,-3.8651718705,1.4377840107
2.29546445,-3.8656030998,1.4377485083
2.29576438,-3.8660343183,1.4377129892
2.29606431,-3.8664655263,1.4376774534
2.29636424,-3.8668967235,1.4376419009
2.29666417,-3.8673279101,1.4376063316
2.29696410,-3.8677590860,1.4375707456
2.29726403,-3.8681902513,1.4375351429
2.29756396,-3.8686214058,1.4374995235
2.29786389,-3.8690525497,1.4374638874
2.29816382,-3.8694836829,1.4374282346
2.29846375,-3.8699148054,1.4373925651
2.29876368,-3.8703459172,1.4373568789
2.29906361,-3.8707770183,1.4373211759
2.29936354,-3.8712081087,1.4372854563
2.29966347,-3.8716391883,1.4372497200
2.29996340,-3.8720702573,1.4372139670
2.30026333,-3.8725013155,1.4371781974
2.30056326,-3.8729323629,1.4371424110
2.30086319,-3.8733633997,1.4371066080
2.30116312,-3.8737944257,1.4370707883
2.30146305,-3.8742254410,1.4370349519
2.30176298,-3.8746564455,1.4369990989
2.30206291,-3.8750874392,1.4369632292
2.30236284,-3.8755184222,1.4369273428
2.30266277,-3.8759493944,1.4368914398
2.30296270,-3.8763803559,1.4368555202
2.30326263,-3.8768113066,1.4368195838
2.30356256,-3.8772422465,1.4367836309
2.30386249,-3.8776731756,1.4367476613
2.30416242,-3.8781040939,1.4367116750
2.30446235,-3.8785350014,1.4366756721
2.30476228,-3.8789658981,1.4366396526
2.30506221,-3.8793967841,1.4366036165
2.30536214,-3.8798276592,1.4365675637
2.30566207,-3.8802585235,1.4365314943
2.30596200,-3.8806893769,1.4364954083
2.30626193,-3.8811202196,1.4364593057
2.30656186,-3.8815510514,1.4364231864
2.30686179,-3.8819818724,1.4363870506
2.30716172,-3.8824126825,1.4363508981
2.30746165,-3.8828434818,1.4363147290
2.30776158,-3.8832742702,1.4362785434
2.30806151,-3.8837050478,1.4362423411
2.30836144,-3.8841358145,1.4362061223
2.30866137,-3.8845665704,1.4361698868
2.30896130,-3.8849973154,1.4361336348
2.30926123,-3.8854280495,1.4360973662
2.30956116,-3.8858587727,1.4360610810
2.30986109,-3.8862894851,1.4360247792
2.31016102,-3.8867201865,1.4359884609
2.31046095,-3.8871508771,1.4359521260
2.31076088,-3.8875815568,1.4359157745
2.31106081,-3.8880122255,1.4358794065
2.31136074,-3.8884428834,1.4358430219
2.31166067,-3.8888735303,1.4358066208
2.31196060,-3.8893041663,1.4357702031
2.31226053,-3.8897347914,1.4357337689
2.31256046,-3.8901654055,1.4356973181
2.31286039,-3.8905960088,1.4356608508
2.31316032,-3.8910266010,1.4356243669
2.31346025,-3.8914571824,1.4355878665
2.31376018,-3.8918877528,1.4355513496
2.31406011,-3.8923183122,1.4355148162
2.31436004,-3.8927488607,1.4354782662
2.31465997,-3.8931793982,1.4354416997
2.31495990,-3.8936099247,1.4354051167
2.31525983,-3.8940404403,1.4353685172
2.31555976,-3.8944709448,1.4353319012
2.31585969,-3.8949014384,1.4352952686
2.31615962,-3.8953319210,1.4352586196
2.31645955,-3.8957623926,1.4352219541
2.31675948,-3.8961928533,1.4351852721
2.31705941,-3.8966233029,1.4351485736
2.31735934,-3.8970537415,1.4351118586
2.31765927,-3.8974841690,1.4350751271
2.31795920,-3.8979145856,1.4350383792
2.31825913,-3.8983449911,1.4350016147
2.31855906,-3.8987753857,1.4349648338
2.31885899,-3.8992057691,1.4349280365
2.31915892,-3.8996361416,1.4348912226
2.31945885,-3.9000665030,1.4348543923
2.31975878,-3.9004968533,1.4348175456
2.32005871,-3.9009271926,1.4347806824
2.32035864,-3.9013575208,1.4347438027
2.32065857,-3.9017878380,1.4347069066
2.32095850,-3.9022181441,1.4346699941
2.32125843,-3.9026484391,1.4346330651
2.32155836,-3.9030787231,1.4345961197
2.32185829,-3.9035089959,1.4345591579
2.32215822,-3.9039392577,1.4345221796
2.32245815,-3.9043695084,1.4344851849
2.32275808,-3.9047997480,1.4344481738
2.32305801,-3.9052299764,1.4344111462
2.32335794,-3.9056601938,1.4343741023
2.32365787,-3.9060904001,1.4343370419
2.32395780,-3.9065205952,1.4342999652
2.32425773,-3.9069507792,1.4342628720
2.32455766,-3.9073809521,1.4342257625
2.32485759,-3.9078111139,1.4341886365
2.32515752,-3.9082412645,1.4341514942
2.32545745,-3.9086714040,1.4341143355
2.32575738,-3.9091015323,1.4340771604
2.32605731,-3.9095316495,1.4340399689
2.32635724,-3.9099617555,1.4340027610
2.32665717,-3.9103918503,1.4339655368
2.32695710,-3.9108219340,1.4339282962
2.32725703,-3.9112520066,1.4338910393
2.32755696,-3.9116820679,1.4338537659
2.32785689,-3.9121121181,1.4338164763
2.32815682,-3.9125421570,1.4337791703
2.32845675,-3.9129721848,1.4337418479
2.32875668,-3.9134022014,1.4337045092
2.32905661,-3.9138322068,1.4336671541
2.32935654,-3.9142622009,1.4336297827
2.32965647,-3.9146921839,1.4335923950
2.32995640,-3.9151221557,1.4335549910
2.33025633,-3.9155521162,1.4335175706
2.33055626,-3.9159820655,1.4334801339
2.33085619,-3.9164120036,1.4334426809
2.33115612,-3.9168419304,1.4334052116
2.33145605,-3.9172718460,1.4333677260
2.33175598,-3.9177017503,1.4333302240
2.33205591,-3.9181316434,1.4332927058
2.33235584,-3.9185615253,1.4332551713
2.33265577,-3.9189913959,1.4332176205
2.33295570,-3.9194212552,1.4331800534
2.33325563,-3.9198511032,1.4331424700
2.33355556,-3.9202809400,1.4331048703
2.33385549,-3.9207107655,1.4330672543
2.33415542,-3.9211405797,1.4330296221
2.33445535,-3.9215703826,1.4329919736
2.33475528,-3.9220001743,1.4329543089
2.33505521,-3.9224299546,1.4329166279
2.33535514,-3.9228597236,1.4328789306
2.33565507,-3.9232894813,1.4328412171
2.33595500,-3.9237192277,1.4328034873
2.33625493,-3.9241489628,1.4327657413
2.33655486,-3.9245786866,1.4327279790
2.33685479,-3.9250083990,1.4326902005
2.33715472,-3.9254381001,1.4326524058
2.33745465,-3.9258677898,1.4326145948
2.33775458,-3.9262974683,1.4325767677
2.33805451,-3.9267271353,1.4325389243
2.33835444,-3.9271567910,1.4325010646
2.33865437,-3.9275864354,1.4324631888
2.33895430,-3.9280160684,1.4324252968
2.33925423,-3.9284456900,1.4323873885
2.33955416,-3.9288753003,1.4323494641
2.33985409,-3.9293048991,1.4323115235
2.34015402,-3.9297344866,1.4322735666
2.34045395,-3.9301640627,1.4322355936
2.34075388,-3.9305936275,1.4321976044
2.34105381,-3.9310231808,1.4321595991
2.34135374,-3.9314527227,1.4321215775
2.34165367,-3.9318822532,1.4320835398
2.34195360,-3.9323117723,1.4320454859
2.34225353,-3.9327412800,1.4320074158
2.34255346,-3.9331707762,1.4319693296
2.34285339,-3.9336002611,1.4319312273
2.34315332,-3.9340297345,1.4318931087
2.34345325,-3.9344591965,1.4318549741
2.34375318,-3.9348886470,1.4318168233
2.34405311,-3.9353180861,1.4317786563
2.34435304,-3.9357475137,1.4317404733
2.34465297,-3.9361769299,1.4317022741
2.34495290,-3.9366063346,1.4316640587
2.34525283,-3.9370357279,1.4316258273
2.34555276,-3.9374651097,1.4315875797
2.34585269,-3.9378944800,1.4315493160
2.34615262,-3.9383238388,1.4315110362
2.34645255,-3.9387531862,1.4314727403
2.34675248,-3.9391825221,1.4314344283
2.34705241,-3.9396118464,1.4313961003
2.34735234,-3.9400411593,1.4313577561
2.34765227,-3.9404704607,1.4313193958
2.34795220,-3.9408997505,1.4312810195
2.34825213,-3.9413290289,1.4312426270
2.34855206,-3.9417582957,1.4312042185
2.34885199,-3.9421875510,1.4311657940
2.34915192,-3.9426167948,1.4311273533
2.34945185,-3.9430460271,1.4310888966
2.34975178,-3.9434752478,1.4310504239
2.35005171,-3.9439044569,1.4310119350
2.35035164,-3.9443336546,1.4309734302
2.35065157,-3.9447628406,1.4309349093
2.35095150,-3.9451920152,1.4308963723
2.35125143,-3.9456211781,1.4308578193
2.35155136,-3.9460503295,1.4308192503
2.35185129,-3.9464794693,1.4307806653
2.35215122,-3.9469085976,1.4307420642
2.35245115,-3.9473377143,1.4307034472
2.35275108,-3.9477668193,1.4306648141
2.35305101,-3.9481959128,1.4306261650
2.35335094,-3.9486249947,1.4305874998
2.35365087,-3.9490540650,1.4305488187
2.35395080,-3.9494831237,1.4305101216
2.35425073,-3.9499121708,1.4304714085
2.35455066,-3.9503412063,1.4304326794
2.35485059,-3.9507702301,1.4303939344
2.35515052,-3.9511992424,1.4303551733
2.35545045,-3.9516282430,1.4303163963
2.35575038,-3.9520572319,1.4302776033
2.35605031,-3.9524862093,1.4302387943
2.35635024,-3.9529151750,1.4301999694
2.35665017,-3.9533441290,1.4301611285
2.35695010,-3.9537730714,1.4301222717
2.35725003,-3.9542020021,1.4300833989
2.35754995,-3.9546309212,1.4300445102
2.35784988,-3.9550598286,1.4300056055
2.35814981,-3.9554887243,1.4299666849
2.35844974,-3.9559176084,1.4299277484
2.35874967,-3.9563464808,1.4298887959
2.35904960,-3.9567753415,1.4298498275
2.35934953,-3.9572041905,1.4298108432
2.35964946,-3.9576330278,1.4297718430
2.35994939,-3.9580618534,1.4297328269
2.36024932,-3.9584906673,1.4296937949
2.36054925,-3.9589194695,1.4296547470
2.36084918,-3.9593482600,1.4296156831
2.36114911,-3.9597770387,1.4295766034
2.36144904,-3.9602058058,1.4295375078
2.36174897,-3.9606345611,1.4294983964
2.36204890,-3.9610633047,1.4294592690
2.36234883,-3.9614920365,1.4294201258
2.36264876,-3.9619207566,1.4293809667
2.36294869,-3.9623494650,1.4293417917
2.36324862,-3.9627781616,1.4293026009
2.36354855,-3.9632068464,1.4292633943
2.36384848,-3.9636355195,1.4292241717
2.36414841,-3.9640641808,1.4291849334
2.36444834,-3.9644928303,1.4291456792
2.36474827,-3.9649214681,1.4291064091
2.36504820,-3.9653500941,1.4290671232
2.36534813,-3.9657787083,1.4290278215
2.36564806,-3.9662073107,1.4289885040
2.36594799,-3.9666359013,1.4289491707
2.36624792,-3.9670644801,1.4289098215
2.36654785,-3.9674930471,1.4288704566
2.36684778,-3.9679216023,1.4288310758
2.36714771,-3.9683501457,1.4287916792
2.36744764,-3.9687786773,1.4287522669
2.36774757,-3.9692071970,1.4287128387
2.36804750,-3.9696357050,1.4286733948
2.36834743,-3.9700642010,1.4286339351
2.36864736,-3.9704926853,1.4285944596
2.36894729,-3.9709211577,1.4285549683
2.36924722,-3.9713496182,1.4285154613
2.36954715,-3.9717780670,1.4284759385
2.36984708,-3.9722065038,1.4284363999
2.37014701,-3.9726349288,1.4283968456
2.37044694,-3.9730633419,1.4283572755
2.37074687,-3.9734917432,1.4283176897
2.37104680,-3.9739201325,1.4282780882
2.37134673,-3.9743485100,1.4282384709
2.37164666,-3.9747768757,1.4281988379
2.37194659,-3.9752052294,1.4281591892
2.37224652,-3.9756335712,1.4281195247
2.37254645,-3.9760619011,1.4280798446
2.37284638,-3.9764902192,1.4280401487
2.37314631,-3.9769185253,1.4280004371
2.37344624,-3.9773468195,1.4279607098
2.37374617,-3.9777751018,1.4279209668
2.37404610,-3.9782033721,1.4278812081
2.37434603,-3.9786316306,1.4278414338
2.37464596,-3.9790598771,1.4278016437
2.37494589,-3.9794881116,1.4277618380
2.37524582,-3.9799163343,1.4277220166
2.37554575,-3.9803445450,1.4276821795
2.37584568,-3.9807727437,1.4276423268
2.37614561,-3.9812009305,1.4276024584
2.37644554,-3.9816291053,1.4275625744
2.37674547,-3.9820572681,1.4275226747
2.37704540,-3.9824854190,1.4274827593
2.37734533,-3.9829135579,1.4274428283
2.37764526,-3.9833416848,1.4274028817
2.37794519,-3.9837697998,1.4273629195
2.37824512,-3.9841979027,1.4273229416
2.37854505,-3.9846259937,1.4272829481
2.37884498,-3.9850540727,1.4272429390
2.37914491,-3.9854821396,1.4272029142
2.37944484,-3.9859101946,1.4271628739
2.37974477,-3.9863382375,1.4271228180
2.38004470,-3.9867662685,1.4270827464
2.38034463,-3.9871942874,1.4270426593
2.38064456,-3.9876222943,1.4270025566
2.38094449,-3.9880502891,1.4269624383
2.38124442,-3.9884782719,1.4269223044
2.38154435,-3.9889062427,1.4268821550
2.38184428,-3.9893342014,1.4268419900
2.38214421,-3.9897621481,1.4268018094
2.38244414,-3.9901900827,1.4267616133
2.38274407,-3.9906180053,1.4267214016
2.38304400,-3.9910459158,1.4266811743
2.38334393,-3.9914738143,1.4266409315
2.38364386,-3.9919017006,1.4266006732
2.38394379,-3.9923295749,1.4265603993
2.38424372,-3.9927574371,1.4265201100
2.38454365,-3.9931852873,1.4264798050
2.38484358,-3.9936131253,1.4264394846
2.38514351,-3.9940409512,1.4263991487
2.38544344,-3.9944687651,1.4263587972
2.38574337,-3.9948965668,1.4263184302
2.38604330,-3.9953243564,1.4262780478
2.38634323,-3.9957521339,1.4262376498
2.38664316,-3.9961798993,1.4261972364
2.38694309,-3.9966076526,1.4261568074
2.38724302,-3.9970353937,1.4261163630
2.38754295,-3.9974631227,1.4260759031
2.38784288,-3.9978908396,1.4260354278
2.38814281,-3.9983185443,1.4259949369
2.38844274,-3.9987462369,1.4259544306
2.38874267,-3.9991739173,1.4259139089
2.38904260,-3.9996015856,1.4258733717
2.38934253,-4.0000292417,1.4258328190
2.38964246,-4.0004568856,1.4257922510
2.38994239,-4.0008845174,1.4257516674
2.39024232,-4.0013121370,1.4257110685
2.39054225,-4.0017397444,1.4256704541
2.39084218,-4.0021673397,1.4256298243
2.39114211,-4.0025949227,1.4255891791
2.39144204,-4.0030224936,1.4255485185
2.39174197,-4.0034500522,1.4255078424
2.39204190,-4.0038775987,1.4254671510
2.39234183,-4.0043051330,1.4254264442
2.39264176,-4.0047326550,1.4253857219
2.39294169,-4.0051601648,1.4253449843
2.39324162,-4.0055876624,1.4253042313
2.39354155,-4.0060151478,1.4252634630
2.39384148,-4.0064426209,1.4252226792
2.39414141,-4.0068700818,1.4251818801
2.39444134,-4.0072975305,1.4251410657
2.39474127,-4.0077249669,1.4251002358
2.39504120,-4.0081523911,1.4250593907
2.39534113,-4.0085798030,1.4250185301
2.39564106,-4.0090072027,1.4249776543
2.39594099,-4.0094345901,1.4249367631
2.39624092,-4.0098619653,1.4248958566
2.39654085,-4.0102893281,1.4248549347
2.39684078,-4.0107166787,1.4248139975
2.39714071,-4.0111440170,1.4247730450
2.39744064,-4.0115713431,1.4247320772
2.39774057,-4.0119986568,1.4246910941
2.39804050,-4.0124259582,1.4246500957
2.39834043,-4.0128532474,1.4246090820
2.39864036,-4.0132805242,1.4245680530
2.39894029,-4.0137077888,1.4245270087
2.39924022,-4.0141350410,1.4244859492
2.39954015,-4.0145622809,1.4244448743
2.39984008,-4.0149895085,1.4244037842
2.40014001,-4.0154167237,1.4243626788
2.40043994,-4.0158439266,1.4243215582
2.40073987,-4.0162711172,1.4242804223
2.40103980,-4.0166982955,1.4242392712
2.40133973,-4.0171254614,1.4241981048
2.40163966,-4.0175526149,1.4241569232
2.40193959,-4.0179797561,1.4241157263
2.40223952,-4.0184068850,1.4240745143
2.40253945,-4.0188340014,1.4240332869
2.40283938,-4.0192611056,1.4239920444
2.40313931,-4.0196881973,1.4239507867
2.40343924,-4.0201152767,1.4239095137
2.40373917,-4.0205423436,1.4238682256
2.40403910,-4.0209693982,1.4238269222
2.40433903,-4.0213964404,1.4237856037
2.40463896,-4.0218234702,1.4237442699
2.40493889,-4.0222504877,1.4237029210
2.40523882,-4.0226774927,1.4236615569
2.40553875,-4.0231044853,1.4236201777
2.40583868,-4.0235314654,1.4235787832
2.40613861,-4.0239584332,1.4235373736
2.40643854,-4.0243853885,1.4234959489
2.40673847,-4.0248123315,1.4234545090
2.40703840,-4.0252392619,1.4234130539
2.40733833,-4.0256661800,1.4233715837
2.40763826,-4.0260930856,1.4233300984
2.40793819,-4.0265199788,1.4232885980
2.40823812,-4.0269468595,1.4232470824
2.40853805,-4.0273737277,1.4232055517
2.40883798,-4.0278005835,1.4231640058
2.40913791,-4.0282274269,1.4231224449
2.40943784,-4.0286542578,1.4230808689
2.40973777,-4.0290810762,1.4230392777
2.41003770,-4.0295078821,1.4229976715
2.41033763,-4.0299346755,1.4229560502
2.41063756,-4.0303614565,1.4229144138
2.41093749,-4.0307882249,1.4228727623
2.41123742,-4.0312149809,1.4228310958
2.41153735,-4.0316417244,1.4227894141
2.41183728,-4.0320684553,1.4227477175
2.41213721,-4.0324951738,1.4227060057
2.41243714,-4.0329218798,1.4226642789
2.41273707,-4.0333485732,1.4226225371
2.41303700,-4.0337752541,1.4225807802
2.41333693,-4.0342019225,1.4225390083
2.41363686,-4.0346285783,1.4224972213
2.41393679,-4.0350552216,1.4224554193
2.41423672,-4.0354818524,1.4224136023
2.41453665,-4.0359084706,1.4223717703
2.41483658,-4.0363350763,1.4223299233
2.41513651,-4.0367616694,1.4222880613
2.41543644,-4.0371882500,1.4222461843
2.41573637,-4.0376148180,1.4222042922
2.41603630,-4.0380413735,1.4221623852
2.41633623,-4.0384679163,1.4221204632
2.41663616,-4.0388944466,1.4220785263
2.41693609,-4.0393209643,1.4220365743
2.41723602,-4.0397474695,1.4219946074
2.41753595,-4.0401739620,1.4219526255
2.41783588,-4.0406004419,1.4219106287
2.41813581,-4.0410269093,1.4218686169
2.41843574,-4.0414533640,1.4218265902
2.41873567,-4.0418798062,1.4217845485
2.41903560,-4.0423062357,1.4217424919
2.41933553,-4.0427326526,1.4217004204
2.41963546,-4.0431590569,1.4216583340
2.41993539,-4.0435854485,1.4216162326
2.42023532,-4.0440118276,1.4215741163
2.42053525,-4.0444381940,1.4215319851
2.42083518,-4.0448645477,1.4214898390
2.42113511,-4.0452908888,1.4214476780
2.42143504,-4.0457172173,1.4214055021
2.42173497,-4.0461435331,1.4213633113
2.42203490,-4.0465698363,1.4213211057
2.42233483,-4.0469961268,1.4212788851
2.42263476,-4.0474224046,1.4212366497
2.42293469,-4.0478486698,1.4211943995
2.42323462,-4.0482749223,1.4211521343
2.42353455,-4.0487011621,1.4211098543
2.42383448,-4.0491273892,1.4210675595
2.42413441,-4.0495536037,1.4210252498
2.42443434,-4.0499798054,1.4209829253
2.42473427,-4.0504059945,1.4209405860
2.42503420,-4.0508321708,1.4208982318
2.42533413,-4.0512583344,1.4208558628
2.42563406,-4.0516844854,1.4208134790
2.42593399,-4.0521106236,1.4207710803
2.42623392,-4.0525367491,1.4207286669
2.42653385,-4.0529628619,1.4206862387
2.42683378,-4.0533889619,1.4206437956
2.42713371,-4.0538150492,1.4206013378
2.42743364,-4.0542411238,1.4205588652
2.42773357,-4.0546671857,1.4205163779
2.42803350,-4.0550932348,1.4204738757
2.42833343,-4.0555192711,1.4204313588
2.42863336,-4.0559452947,1.4203888271
2.42893329,-4.0563713055,1.4203462807
2.42923322,-4.0567973036,1.4203037195
2.42953315,-4.0572232889,1.4202611435
2.42983308,-4.0576492614,1.4202185529
2.43013301,-4.0580752212,1.4201759475
2.43043294,-4.0585011682,1.4201333273
2.43073287,-4.0589271023,1.4200906925
2.43103280,-4.0593530237,1.4200480429
2.43133273,-4.0597789323,1.4200053786
2.43163266,-4.0602048281,1.4199626996
2.43193259,-4.0606307111,1.4199200059
2.43223252,-4.0610565813,1.4198772975
2.43253245,-4.0614824387,1.4198345744
2.43283238,-4.0619082833,1.4197918366
2.43313231,-4.0623341150,1.4197490842
2.43343224,-4.0627599339,1.4197063171
2.43373217,-4.0631857400,1.4196635353
2.43403210,-4.0636115333,1.4196207388
2.43433203,-4.0640373137,1.4195779277
2.43463196,-4.0644630813,1.4195351019
2.43493189,-4.0648888360,1.4194922615
2.43523182,-4.0653145779,1.4194494065
2.43553175,-4.0657403069,1.4194065368
2.43583168,-4.0661660231,1.4193636525
2.43613161,-4.0665917264,1.4193207535
2.43643154,-4.0670174168,1.4192778400
2.43673147,-4.0674430944,1.4192349118
2.43703140,-4.0678687590,1.4191919690
2.43733133,-4.0682944108,1.4191490117
2.43763126,-4.0687200498,1.4191060397
2.43793119,-4.0691456758,1.4190630531
2.43823112,-4.0695712889,1.4190200520
2.43853105,-4.0699968891,1.4189770362
2.43883098,-4.0704224764,1.4189340059
2.43913091,-4.0708480509,1.4188909611
2.43943084,-4.0712736124,1.4188479016
2.43973077,-4.0716991609,1.4188048276
2.44003070,-4.0721246966,1.4187617391
2.44033063,-4.0725502193,1.4187186360
2.44063056,-4.0729757291,1.4186755184
2.44093049,-4.0734012260,1.4186323862
2.44123042,-4.0738267099,1.4185892395
2.44153035,-4.0742521809,1.4185460783
2.44183028,-4.0746776390,1.4185029026
2.44213021,-4.0751030841,1.4184597123
2.44243014,-4.0755285162,1.4184165076
2.44273007,-4.0759539354,1.4183732883
2.44303000,-4.0763793416,1.4183300546
2.44332993,-4.0768047348,1.4182868063
2.44362986,-4.0772301151,1.4182435436
2.44392979,-4.0776554824,1.4182002664
2.44422972,-4.0780808367,1.4181569747
2.44452965,-4.0785061780,1.4181136686
2.44482958,-4.0789315063,1.4180703480
2.44512951,-4.0793568217,1.4180270129
2.44542944,-4.0797821240,1.4179836634
2.44572937,-4.0802074133,1.4179402995
2.44602930,-4.0806326896,1.4178969211
2.44632923,-4.0810579529,1.4178535283
2.44662916,-4.0814832032,1.4178101210
2.44692909,-4.0819084405,1.4177666993
2.44722902,-4.0823336647,1.4177232632
2.44752895,-4.0827588760,1.4176798128
2.44782888,-4.0831840741,1.4176363478
2.44812881,-4.0836092593,1.4175928685
2.44842874,-4.0840344314,1.4175493749
2.44872867,-4.0844595904,1.4175058668
2.44902860,-4.0848847364,1.4174623443
2.44932853,-4.0853098694,1.4174188075
2.44962846,-4.0857349892,1.4173752563
2.44992839,-4.0861600961,1.4173316907
2.45022832,-4.0865851898,1.4172881107
2.45052825,-4.0870102705,1.4172445165
2.45082818,-4.0874353381,1.4172009078
2.45112811,-4.0878603926,1.4171572848
2.45142804,-4.0882854340,1.4171136475
2.45172797,-4.0887104624,1.4170699959
2.45202790,-4.0891354776,1.4170263299
2.45232783,-4.0895604798,1.4169826496
2.45262776,-4.0899854688,1.4169389550
2.45292769,-4.0904104448,1.4168952461
2.45322762,-4.0908354076,1.4168515229
2.45352755,-4.0912603573,1.4168077854
2.45382748,-4.0916852939,1.4167640336
2.45412741,-4.0921102173,1.4167202675
2.45442734,-4.0925351277,1.4166764872
2.45472727,-4.0929600249,1.4166326925
2.45502720,-4.0933849090,1.4165888836
2.45532713,-4.0938097799,1.4165450605
2.45562706,-4.0942346377,1.4165012231
2.45592699,-4.0946594823,1.4164573714
2.45622692,-4.0950843137,1.4164135055
2.45652685,-4.0955091321,1.4163696253
2.45682678,-4.0959339372,1.4163257310
2.45712671,-4.0963587292,1.4162818224
2.45742664,-4.0967835080,1.4162378995
2.45772657,-4.0972082736,1.4161939625
2.45802650,-4.0976330261,1.4161500112
2.45832643,-4.0980577654,1.4161060458
2.45862636,-4.0984824915,1.4160620661
2.45892629,-4.0989072043,1.4160180723
2.45922622,-4.0993319040,1.4159740642
2.45952615,-4.0997565905,1.4159300420
2.45982608,-4.1001812638,1.4158860056
2.46012601,-4.1006059239,1.4158419551
2.46042594,-4.1010305707,1.4157978904
2.46072587,-4.1014552044,1.4157538115
2.46102580,-4.1018798248,1.4157097184
2.46132573,-4.1023044320,1.4156656113
2.46162566,-4.1027290260,1.4156214900
2.46192559,-4.1031536067,1.4155773545
2.46222552,-4.1035781742,1.4155332049
2.46252545,-4.1040027284,1.4154890412
2.46282538,-4.1044272694,1.4154448634
2.46312531,-4.1048517971,1.4154006715
2.46342524,-4.1052763116,1.4153564655
2.46372517,-4.1057008129,1.4153122453
2.46402510,-4.1061253008,1.4152680111
2.46432503,-4.1065497755,1.4152237628
2.46462496,-4.1069742369,1.4151795004
2.46492489,-4.1073986851,1.4151352239
2.46522482,-4.1078231199,1.4150909334
2.46552475,-4.1082475415,1.4150466288
2.46582468,-4.1086719498,1.4150023101
2.46612461,-4.1090963448,1.4149579774
2.46642454,-4.1095207264,1.4149136307
2.46672447,-4.1099450948,1.4148692699
2.46702440,-4.1103694499,1.4148248950
2.46732433,-4.1107937917,1.4147805062
2.46762426,-4.1112181201,1.4147361033
2.46792419,-4.1116424352,1.4146916864
2.46822412,-4.1120667371,1.4146472555
2.46852405,-4.1124910255,1.4146028105
2.46882398,-4.1129153007,1.4145583516
2.46912391,-4.1133395625,1.4145138787
2.46942384,-4.1137638110,1.4144693918
2.46972377,-4.1141880461,1.4144248909
2.47002370,-4.1146122678,1.4143803761
2.47032363,-4.1150364763,1.4143358472
2.47062356,-4.1154606713,1.4142913045
2.47092349,-4.1158848530,1.4142467477
2.47122342,-4.1163090214,1.4142021770
2.47152335,-4.1167331763,1.4141575924
2.47182328,-4.1171573179,1.4141129938
2.47212321,-4.1175814461,1.4140683813
2.47242314,-4.1180055610,1.4140237548
2.47272307,-4.1184296624,1.4139791144
2.47302300,-4.1188537504,1.4139344601
2.47332293,-4.1192778251,1.4138897919
2.47362286,-4.1197018864,1.4138451098
2.47392279,-4.1201259342,1.4138004138
2.47422272,-4.1205499687,1.4137557039
2.47452265,-4.1209739897,1.4137109802
2.47482258,-4.1213979973,1.4136662425
2.47512251,-4.1218219915,1.4136214910
2.47542244,-4.1222459723,1.4135767256
2.47572237,-4.1226699396,1.4135319463
2.47602230,-4.1230938935,1.4134871532
2.47632223,-4.1235178340,1.4134423462
2.47662216,-4.1239417610,1.4133975254
2.47692209,-4.1243656746,1.4133526907
2.47722202,-4.1247895748,1.4133078422
2.47752195,-4.1252134614,1.4132629799
2.47782188,-4.1256373347,1.4132181037
2.47812181,-4.1260611944,1.4131732138
2.47842174,-4.1264850407,1.4131283100
2.47872167,-4.1269088736,1.4130833924
2.47902160,-4.1273326929,1.4130384610
2.47932153,-4.1277564988,1.4129935159
2.47962146,-4.1281802912,1.4129485569
2.47992139,-4.1286040701,1.4129035842
2.48022132,-4.1290278355,1.4128585977
2.48052125,-4.1294515874,1.4128135974
2.48082118,-4.1298753259,1.4127685834
2.48112111,-4.1302990508,1.4127235556
2.48142104,-4.1307227622,1.4126785140
2.48172097,-4.1311464601,1.4126334588
2.48202090,-4.1315701445,1.4125883897
2.48232083,-4.1319938153,1.4125433070
2.48262076,-4.1324174727,1.4124982105
2.48292069,-4.1328411165,1.4124531003
2.48322062,-4.1332647468,1.4124079764
2.48352055,-4.1336883635,1.4123628388
2.48382048,-4.1341119667,1.4123176875
2.48412041,-4.1345355564,1.4122725224
2.48442034,-4.1349591325,1.4122273437
2.48472027,-4.1353826951,1.4121821513
2.48502020,-4.1358062441,1.4121369453
2.48532013,-4.1362297795,1.4120917255
2.48562006,-4.1366533014,1.4120464921
2.48591999,-4.1370768097,1.4120012451
2.48621992,-4.1375003044,1.4119559843
2.48651985,-4.1379237856,1.4119107100
2.48681978,-4.1383472532,1.4118654220
2.48711971,-4.1387707072,1.4118201203
2.48741964,-4.1391941476,1.4117748051
2.48771957,-4.1396175744,1.4117294762
2.48801950,-4.1400409876,1.4116841336
2.48831943,-4.1404643872,1.4116387775
2.48861936,-4.1408877732,1.4115934078
2.48891929,-4.1413111456,1.4115480245
2.48921922,-4.1417345044,1.4115026275
2.48951915,-4.1421578496,1.4114572170
2.48981908,-4.1425811811,1.4114117929
2.49011901,-4.1430044990,1.4113663553
2.49041894,-4.1434278033,1.4113209040
2.49071887,-4.1438510940,1.4112754392
2.49101880,-4.1442743710,1.4112299609
2.49131873,-4.1446976343,1.4111844690
2.49161866,-4.1451208841,1.4111389635
2.49191859,-4.1455441201,1.4110934445
2.49221852,-4.1459673426,1.4110479120
2.49251845,-4.1463905513,1.4110023660
2.49281838,-4.1468137464,1.4109568064
2.49311831,-4.1472369279,1.4109112333
2.49341824,-4.1476600956,1.4108656467
2.49371817,-4.1480832497,1.4108200466
2.49401810,-4.1485063901,1.4107744330
2.49431803,-4.1489295168,1.4107288060
2.49461796,-4.1493526299,1.4106831654
2.49491789,-4.1497757292,1.4106375114
2.49521782,-4.1501988149,1.4105918438
2.49551775,-4.1506218868,1.4105461629
2.49581768,-4.1510449451,1.4105004684
2.49611761,-4.1514679896,1.4104547605
2.49641754,-4.1518910204,1.4104090392
2.49671747,-4.1523140376,1.4103633044
2.49701740,-4.1527370410,1.4103175562
2.49731733,-4.1531600306,1.4102717946
2.49761726,-4.1535830066,1.4102260195
2.49791719,-4.1540059688,1.4101802310
2.49821712,-4.1544289173,1.4101344291
2.49851705,-4.1548518520,1.4100886138
2.49881698,-4.1552747730,1.4100427851
2.49911691,-4.1556976803,1.4099969430
2.49941684,-4.1561205737,1.4099510875
2.49971677,-4.1565434535,1.4099052187
2.50001670,-4.1569663195,1.4098593365
2.50031663,-4.1573891717,1.4098134409
2.50061656,-4.1578120101,1.4097675319
2.50091649,-4.1582348348,1.4097216096
2.50121642,-4.1586576457,1.4096756739
2.50151635,-4.1590804429,1.4096297249
2.50181628,-4.1595032262,1.4095837626
2.50211621,-4.1599259958,1.4095377869
2.50241614,-4.1603487515,1.4094917979
2.50271607,-4.1607714935,1.4094457956
2.50301600,-4.1611942216,1.4093997799
2.50331593,-4.1616169360,1.4093537510
2.50361586,-4.1620396366,1.4093077088
2.50391579,-4.1624623233,1.4092616532
2.50421572,-4.1628849962,1.4092155844
2.50451565,-4.1633076554,1.4091695023
2.50481558,-4.1637303006,1.4091234069
2.50511551,-4.1641529321,1.4090772983
2.50541544,-4.1645755497,1.4090311764
2.50571537,-4.1649981535,1.4089850412
2.50601530,-4.1654207435,1.4089388928
2.50631523,-4.1658433196,1.4088927311
2.50661516,-4.1662658819,1.4088465562
2.50691509,-4.1666884303,1.4088003681
2.50721502,-4.1671109648,1.4087541667
2.50751495,-4.1675334855,1.4087079521
2.50781488,-4.1679559924,1.4086617244
2.50811481,-4.1683784853,1.4086154833
2.50841474,-4.1688009644,1.4085692291
2.50871467,-4.1692234296,1.4085229617
2.50901460,-4.1696458810,1.4084766812
2.50931453,-4.1700683184,1.4084303874
2.50961446,-4.1704907420,1.4083840804
2.50991439,-4.1709131517,1.4083377603
2.51021432,-4.1713355475,1.4082914270
2.51051425,-4.1717579294,1.4082450806
2.51081418,-4.1721802974,1.4081987210
2.51111411,-4.1726026514,1.4081523482
2.51141404,-4.1730249916,1.4081059624
2.51171397,-4.1734473179,1.4080595634
2.51201390,-4.1738696302,1.4080131512
2.51231383,-4.1742919286,1.4079667260
2.51261376,-4.1747142131,1.4079202876
2.51291369,-4.1751364837,1.4078738361
2.51321362,-4.1755587403,1.4078273715
2.51351355,-4.1759809830,1.4077808938
2.51381348,-4.1764032117,1.4077344030
2.51411341,-4.1768254265,1.4076878992
2.51441334,-4.1772476273,1.4076413822
2.51471327,-4.1776698142,1.4075948522
2.51501320,-4.1780919872,1.4075483092
2.51531313,-4.1785141462,1.4075017530
2.51561306,-4.1789362912,1.4074551839
2.51591299,-4.1793584222,1.4074086016
2.51621292,-4.1797805393,1.4073620064
2.51651285,-4.1802026424,1.4073153980
2.51681278,-4.1806247315,1.4072687767
2.51711271,-4.1810468066,1.4072221424
2.51741264,-4.1814688677,1.4071754950
2.51771257,-4.1818909149,1.4071288346
2.51801250,-4.1823129480,1.4070821612
2.51831243,-4.1827349671,1.4070354749
2.51861236,-4.1831569723,1.4069887755
2.51891229,-4.1835789634,1.4069420631
2.51921222,-4.1840009405,1.4068953378
2.51951215,-4.1844229036,1.4068485995
2.51981208,-4.1848448527,1.4068018482
2.52011201,-4.1852667878,1.4067550840
2.52041194,-4.1856887088,1.4067083068
2.52071187,-4.1861106158,1.4066615167
2.52101180,-4.1865325087,1.4066147136
2.52131173,-4.1869543877,1.4065678976
2.52161166,-4.1873762525,1.4065210687
2.52191159,-4.1877981034,1.4064742269
2.52221152,-4.1882199402,1.4064273721
2.52251145,-4.1886417629,1.4063805044
2.52281138,-4.1890635715,1.4063336238
2.52311131,-4.1894853661,1.4062867304
2.52341124,-4.1899071467,1.4062398240
2.52371117,-4.1903289131,1.4061929047
2.52401110,-4.1907506655,1.4061459726
2.52431103,-4.1911724039,1.4060990276
2.52461096,-4.1915941281,1.4060520698
2.52491089,-4.1920158382,1.4060050990
2.52521082,-4.1924375343,1.4059581155
2.52551075,-4.1928592162,1.4059111190
2.52581068,-4.1932808841,1.4058641098
2.52611061,-4.1937025379,1.4058170877
2.52641054,-4.1941241775,1.4057700528
2.52671047,-4.1945458031,1.4057230050
2.52701040,-4.1949674145,1.4056759445
2.52731033,-4.1953890118,1.4056288711
2.52761026,-4.1958105950,1.4055817849
2.52791019,-4.1962321641,1.4055346860
2.52821012,-4.1966537190,1.4054875742
2.52851005,-4.1970752599,1.4054404497
2.52880998,-4.1974967865,1.4053933123
2.52910991,-4.1979182991,1.4053461623
2.52940984,-4.1983397975,1.4052989994
2.52970977,-4.1987612817,1.4052518238
2.53000970,-4.1991827518,1.4052046354
2.53030963,-4.1996042077,1.4051574343
2.53060956,-4.2000256495,1.4051102205
2.53090949,-4.2004470771,1.4050629939
2.53120942,-4.2008684906,1.4050157546
2.53150935,-4.2012898899,1.4049685025
2.53180928,-4.2017112750,1.4049212378
2.53210921,-4.2021326459,1.4048739604
2.53240914,-4.2025540026,1.4048266702
2.53270907,-4.2029753452,1.4047793674
2.53300900,-4.2033966736,1.4047320518
2.53330893,-4.2038179878,1.4046847236
2.53360886,-4.2042392877,1.4046373827
2.53390879,-4.2046605735,1.4045900291
2.53420872,-4.2050818451,1.4045426629
2.53450865,-4.2055031025,1.4044952840
2.53480858,-4.2059243456,1.4044478925
2.53510851,-4.2063455745,1.4044004883
2.53540844,-4.2067667893,1.4043530715
2.53570837,-4.2071879898,1.4043056420
2.53600830,-4.2076091760,1.4042581999
2.53630823,-4.2080303481,1.4042107452
2.53660816,-4.2084515059,1.4041632779
2.53690809,-4.2088726494,1.4041157980
2.53720802,-4.2092937788,1.4040683055
2.53750795,-4.2097148938,1.4040208004
2.53780788,-4.2101359946,1.4039732827
2.53810781,-4.2105570812,1.4039257524
2.53840774,-4.2109781535,1.4038782095
2.53870767,-4.2113992116,1.4038306541
2.53900760,-4.2118202554,1.4037830861
2.53930753,-4.2122412849,1.4037355056
2.53960746,-4.2126623001,1.4036879125
2.53990739,-4.2130833011,1.4036403068
2.54020732,-4.2135042878,1.4035926887
2.54050725,-4.2139252602,1.4035450579
2.54080718,-4.2143462183,1.4034974147
2.54110711,-4.2147671621,1.4034497590
2.54140704,-4.2151880917,1.4034020907
2.54170697,-4.2156090069,1.4033544099
2.54200690,-4.2160299078,1.4033067167
2.54230683,-4.2164507944,1.4032590109
2.54260676,-4.2168716667,1.4032112927
2.54290669,-4.2172925247,1.4031635619
2.54320662,-4.2177133684,1.4031158187
2.54350655,-4.2181341978,1.4030680631
2.54380648,-4.2185550128,1.4030202950
2.54410641,-4.2189758135,1.4029725144
2.54440634,-4.2193965999,1.4029247213
2.54470627,-4.2198173719,1.4028769159
2.54500620,-4.2202381296,1.4028290980
2.54530613,-4.2206588730,1.4027812676
2.54560606,-4.2210796020,1.4027334249
2.54590599,-4.2215003166,1.4026855697
2.54620592,-4.2219210169,1.4026377021
2.54650585,-4.2223417028,1.4025898221
2.54680578,-4.2227623744,1.4025419298
2.54710571,-4.2231830316,1.4024940250
2.54740564,-4.2236036745,1.4024461078
2.54770557,-4.2240243029,1.4023981783
2.54800550,-4.2244449170,1.4023502364
2.54830543,-4.2248655167,1.4023022821
2.54860536,-4.2252861020,1.4022543155
2.54890529,-4.2257066730,1.4022063365
2.54920522,-4.2261272295,1.4021583451
2.54950515,-4.2265477717,1.4021103415
2.54980508,-4.2269682994,1.4020623255
2.55010501,-4.2273888127,1.4020142971
2.55040494,-4.2278093117,1.4019662565
2.55070487,-4.2282297962,1.4019182035
2.55100480,-4.2286502663,1.4018701382
2.55130473,-4.2290707220,1.4018220607
2.55160466,-4.2294911633,1.4017739708
2.55190459,-4.2299115901,1.4017258686
2.55220452,-4.2303320025,1.4016777542
2.55250445,-4.2307524005,1.4016296275
2.55280438,-4.2311727841,1.4015814885
2.55310431,-4.2315931532,1.4015333372
2.55340424,-4.2320135078,1.4014851737
2.55370417,-4.2324338480,1.4014369980
2.55400410,-4.2328541738,1.4013888100
2.55430403,-4.2332744851,1.4013406097
2.55460396,-4.2336947820,1.4012923972
2.55490389,-4.2341150644,1.4012441726
2.55520382,-4.2345353323,1.4011959356
2.55550375,-4.2349555857,1.4011476865
2.55580368,-4.2353758247,1.4010994252
2.55610361,-4.2357960492,1.4010511516
2.55640354,-4.2362162592,1.4010028659
2.55670347,-4.2366364548,1.4009545680
2.55700340,-4.2370566358,1.4009062579
2.55730333,-4.2374768024,1.4008579357
2.55760326,-4.2378969544,1.4008096012
2.55790319,-4.2383170920,1.4007612546
2.55820312,-4.2387372151,1.4007128959
2.55850305,-4.2391573236,1.4006645250
2.55880298,-4.2395774177,1.4006161420
2.55910291,-4.2399974972,1.4005677468
2.55940284,-4.2404175622,1.4005193395
2.55970277,-4.2408376127,1.4004709201
2.56000270,-4.2412576487,1.4004224885
2.56030263,-4.2416776701,1.4003740449
2.56060256,-4.2420976770,1.4003255892
2.56090249,-4.2425176694,1.4002771213
2.56120242,-4.2429376473,1.4002286414
2.56150235,-4.2433576106,1.4001801494
2.56180228,-4.2437775593,1.4001316453
2.56210221,-4.2441974935,1.4000831291
2.56240214,-4.2446174131,1.4000346009
2.56270207,-4.2450373182,1.3999860606
2.56300200,-4.2454572088,1.3999375082
2.56330193,-4.2458770847,1.3998889439
2.56360186,-4.2462969461,1.3998403674
2.56390179,-4.2467167930,1.3997917790
2.56420172,-4.2471366252,1.3997431785
2.56450165,-4.2475564429,1.3996945660
2.56480158,-4.2479762460,1.3996459415
2.56510151,-4.2483960345,1.3995973050
2.56540144,-4.2488158084,1.3995486564
2.56570137,-4.2492355677,1.3994999959
2.56600130,-4.2496553124,1.3994513234
2.56630123,-4.2500750426,1.3994026389
2.56660116,-4.2504947581,1.3993539425
2.56690109,-4.2509144590,1.3993052341
2.56720102,-4.2513341453,1.3992565137
2.56750095,-4.2517538170,1.3992077813
2.56780088,-4.2521734741,1.3991590370
2.56810081,-4.2525931165,1.3991102808
2.56840074,-4.2530127443,1.3990615126
2.56870067,-4.2534323575,1.3990127326
2.56900060,-4.2538519561,1.3989639405
2.56930053,-4.2542715400,1.3989151366
2.56960046,-4.2546911093,1.3988663208
2.56990039,-4.2551106640,1.3988174930
2.57020032,-4.2555302040,1.3987686534
2.57050025,-4.2559497293,1.3987198018
2.57080018,-4.2563692400,1.3986709384
2.57110011,-4.2567887360,1.3986220631
2.57140004,-4.2572082174,1.3985731759
2.57169997,-4.2576276841,1.3985242769
2.57199990,-4.2580471362,1.3984753660
2.57229983,-4.2584665735,1.3984264433
2.57259976,-4.2588859962,1.3983775087
2.57289969,-4.2593054042,1.3983285622
2.57319962,-4.2597247976,1.3982796040
2.57349955,-4.2601441762,1.3982306339
2.57379948,-4.2605635402,1.3981816520
2.57409941,-4.2609828894,1.3981326583
2.57439934,-4.2614022240,1.3980836527
2.57469927,-4.2618215439,1.3980346354
2.57499920,-4.2622408491,1.3979856063
2.57529913,-4.2626601395,1.3979365654
2.57559906,-4.2630794153,1.3978875127
2.57589899,-4.2634986763,1.3978384482
2.57619892,-4.2639179226,1.3977893720
2.57649885,-4.2643371542,1.3977402840
2.57679878,-4.2647563711,1.3976911843
2.57709871,-4.2651755732,1.3976420728
2.57739864,-4.2655947606,1.3975929495
2.57769857,-4.2660139333,1.3975438146
2.57799850,-4.2664330913,1.3974946679
2.57829843,-4.2668522344,1.3974455094
2.57859836,-4.2672713629,1.3973963393
2.57889829,-4.2676904766,1.3973471574
2.57919822,-4.2681095755,1.3972979639
2.57949815,-4.2685286597,1.3972487586
2.57979808,-4.2689477292,1.3971995417
2.58009801,-4.2693667838,1.3971503131
2.58039794,-4.2697858237,1.3971010728
2.58069787,-4.2702048489,1.3970518208
2.58099780,-4.2706238592,1.3970025572
2.58129773,-4.2710428548,1.3969532819
2.58159766,-4.2714618356,1.3969039949
2.58189759,-4.2718808016,1.3968546963
2.58219752,-4.2722997528,1.3968053861
2.58249745,-4.2727186893,1.3967560642
2.58279738,-4.2731376109,1.3967067307
2.58309731,-4.2735565177,1.3966573856
2.58339724,-4.2739754098,1.3966080289
2.58369717,-4.2743942870,1.3965586606
2.58399710,-4.2748131494,1.3965092807
2.58429703,-4.2752319971,1.3964598891
2.58459696,-4.2756508299,1.3964104860
2.58489689,-4.2760696478,1.3963610714
2.58519682,-4.2764884510,1.3963116451
2.58549675,-4.2769072393,1.3962622073
2.58579668,-4.2773260128,1.3962127579
2.58609661,-4.2777447715,1.3961632969
2.58639654,-4.2781635153,1.3961138245
2.58669647,-4.2785822443,1.3960643404
2.58699640,-4.2790009584,1.3960148449
2.58729633,-4.2794196577,1.3959653378
2.58759626,-4.2798383422,1.3959158191
2.58789619,-4.2802570118,1.3958662890
2.58819612,-4.2806756665,1.3958167474
2.58849605,-4.2810943064,1.3957671942
2.58879598,-4.2815129314,1.3957176296
2.58909591,-4.2819315416,1.3956680535
2.58939584,-4.2823501368,1.3956184659
2.58969577,-4.2827687172,1.3955688668
2.58999570,-4.2831872828,1.3955192562
2.59029563,-4.2836058334,1.3954696342
2.59059556,-4.2840243691,1.3954200007
2.59089549,-4.2844428900,1.3953703558
2.59119542,-4.2848613960,1.3953206994
2.59149535,-4.2852798871,1.3952710316
2.59179528,-4.2856983633,1.3952213524
2.59209521,-4.2861168245,1.3951716617
2.59239514,-4.2865352709,1.3951219596
2.59269507,-4.2869537024,1.3950722461
2.59299500,-4.2873721189,1.3950225212
2.59329493,-4.2877905206,1.3949727849
2.59359486,-4.2882089073,1.3949230372
2.59389479,-4.2886272791,1.3948732781
2.59419472,-4.2890456359,1.3948235077
2.59449465,-4.2894639779,1.3947737259
2.59479458,-4.2898823049,1.3947239327
2.59509451,-4.2903006170,1.3946741281
2.59539444,-4.2907189141,1.3946243122
2.59569437,-4.2911371963,1.3945744850
2.59599430,-4.2915554635,1.3945246464
2.59629423,-4.2919737158,1.3944747964
2.59659416,-4.2923919532,1.3944249352
2.59689409,-4.2928101755,1.3943750626
2.59719402,-4.2932283830,1.3943251787
2.59749395,-4.2936465754,1.3942752835
2.59779388,-4.2940647529,1.3942253770
2.59809381,-4.2944829154,1.3941754592
2.59839374,-4.2949010630,1.3941255301
2.59869367,-4.2953191956,1.3940755898
2.59899360,-4.2957373131,1.3940256381
2.59929353,-4.2961554158,1.3939756752
2.59959346,-4.2965735034,1.3939257011
2.59989339,-4.2969915760,1.3938757156
2.60019332,-4.2974096336,1.3938257190
2.60049325,-4.2978276763,1.3937757111
2.60079318,-4.2982457039,1.3937256919
2.60109311,-4.2986637166,1.3936756615
2.60139304,-4.2990817142,1.3936256199
2.60169297,-4.2994996968,1.3935755671
2.60199290,-4.2999176644,1.3935255031
2.60229283,-4.3003356170,1.3934754278
2.60259276,-4.3007535546,1.3934253414
2.60289269,-4.3011714771,1.3933752438
2.60319262,-4.3015893846,1.3933251350
2.60349255,-4.3020072771,1.3932750150
2.60379248,-4.3024251545,1.3932248838
2.60409241,-4.3028430170,1.3931747415
2.60439234,-4.3032608643,1.3931245880
2.60469227,-4.3036786967,1.3930744234
2.60499220,-4.3040965139,1.3930242476
2.60529213,-4.3045143162,1.3929740607
2.60559206,-4.3049321033,1.3929238627
2.60589199,-4.3053498754,1.3928736535
2.60619192,-4.3057676325,1.3928234332
2.60649185,-4.3061853745,1.3927732018
2.60679178,-4.3066031014,1.3927229593
2.60709171,-4.3070208133,1.3926727057
2.60739164,-4.3074385100,1.3926224410
2.60769157,-4.3078561917,1.3925721652
2.60799150,-4.3082738584,1.3925218784
2.60829143,-4.3086915099,1.3924715804
2.60859136,-4.3091091463,1.3924212714
2.60889129,-4.3095267677,1.3923709514
2.60919122,-4.3099443740,1.3923206202
2.60949115,-4.3103619651,1.3922702781
2.60979108,-4.3107795412,1.3922199249
2.61009101,-4.3111971022,1.3921695606
2.61039094,-4.3116146480,1.3921191853
2.61069087,-4.3120321787,1.3920687991
2.61099080,-4.3124496944,1.3920184018
2.61129073,-4.3128671949,1.3919679934
2.61159066,-4.3132846803,1.3919175741
2.61189059,-4.3137021505,1.3918671438
2.61219052,-4.3141196057,1.3918167025
2.61249045,-4.3145370457,1.3917662502
2.61279038,-4.3149544706,1.3917157870
2.61309031,-4.3153718803,1.3916653127
2.61339024,-4.3157892749,1.3916148275
2.61369017,-4.3162066544,1.3915643314
2.61399010,-4.3166240187,1.3915138243
2.61429003,-4.3170413678,1.3914633063
2.61458996,-4.3174587018,1.3914127773
2.61488989,-4.3178760207,1.3913622374
2.61518982,-4.3182933244,1.3913116866
2.61548975,-4.3187106129,1.3912611248
2.61578968,-4.3191278862,1.3912105522
2.61608961,-4.3195451444,1.3911599686
2.61638954,-4.3199623874,1.3911093741
2.61668947,-4.3203796153,1.3910587688
2.61698940,-4.3207968279,1.3910081525
2.61728933,-4.3212140254,1.3909575254
2.61758926,-4.3216312077,1.3909068875
2.61788919,-4.3220483748,1.3908562386
2.61818912,-4.3224655267,1.3908055789
2.61848905,-4.3228826634,1.3907549083
2.61878898,-4.3232997849,1.3907042269
2.61908891,-4.3237168912,1.3906535347
2.61938884,-4.3241339823,1.3906028316
2.61968877,-4.3245510582,1.3905521177
2.61998870,-4.3249681189,1.3905013930
2.62028863,-4.3253851644,1.3904506575
2.62058856,-4.3258021946,1.3903999111
2.62088849,-4.3262192096,1.3903491540
2.62118842,-4.3266362094,1.3902983860
2.62148835,-4.3270531940,1.3902476073
2.62178828,-4.3274701633,1.3901968178
2.62208821,-4.3278871174,1.3901460176
2.62238814,-4.3283040563,1.3900952065
2.62268807,-4.3287209799,1.3900443847
2.62298800,-4.3291378883,1.3899935522
2.62328793,-4.3295547814,1.3899427088
2.62358786,-4.3299716593,1.3898918548
2.62388779,-4.3303885220,1.3898409900
2.62418772,-4.3308053693,1.3897901145
2.62448765,-4.3312222014,1.3897392283
2.62478758,-4.3316390183,1.3896883313
2.62508751,-4.3320558199,1.3896374237
2.62538744,-4.3324726062,1.3895865053
2.62568737,-4.3328893772,1.3895355763
2.62598730,-4.3333061330,1.3894846365
2.62628723,-4.3337228734,1.3894336861
2.62658716,-4.3341395986,1.3893827250
2.62688709,-4.3345563085,1.3893317533
2.62718702,-4.3349730032,1.3892807708
2.62748695,-4.3353896825,1.3892297777
2.62778688,-4.3358063465,1.3891787740
2.62808681,-4.3362229952,1.3891277596
2.62838674,-4.3366396287,1.3890767346
2.62868667,-4.3370562468,1.3890256990
2.62898660,-4.3374728496,1.3889746527
2.62928653,-4.3378894371,1.3889235958
2.62958646,-4.3383060093,1.3888725283
2.62988639,-4.3387225662,1.3888214502
2.63018632,-4.3391391077,1.3887703615
2.63048625,-4.3395556339,1.3887192622
2.63078618,-4.3399721448,1.3886681523
2.63108611,-4.3403886404,1.3886170319
2.63138604,-4.3408051206,1.3885659009
2.63168597,-4.3412215855,1.3885147593
2.63198590,-4.3416380351,1.3884636071
2.63228583,-4.3420544693,1.3884124444
2.63258576,-4.3424708881,1.3883612712
2.63288569,-4.3428872916,1.3883100874
2.63318562,-4.3433036798,1.3882588930
2.63348555,-4.3437200526,1.3882076882
2.63378548,-4.3441364100,1.3881564728
2.63408541,-4.3445527521,1.3881052470
2.63438534,-4.3449690788,1.3880540106
2.63468527,-4.3453853902,1.3880027637
2.63498520,-4.3458016862,1.3879515063
2.63528513,-4.3462179668,1.3879002384
2.63558506,-4.3466342320,1.3878489601
2.63588499,-4.3470504818,1.3877976713
2.63618492,-4.3474667163,1.3877463720
2.63648485,-4.3478829353,1.3876950622
2.63678478,-4.3482991390,1.3876437420
2.63708471,-4.3487153273,1.3875924114
2.63738464,-4.3491315002,1.3875410703
2.63768457,-4.3495476577,1.3874897188
2.63798450,-4.3499637997,1.3874383568
2.63828443,-4.3503799264,1.3873869844
2.63858436,-4.3507960377,1.3873356016
2.63888429,-4.3512121335,1.3872842084
2.63918422,-4.3516282140,1.3872328048
2.63948415,-4.3520442790,1.3871813908
2.63978408,-4.3524603286,1.3871299664
2.64008401,-4.3528763627,1.3870785317
2.64038394,-4.3532923815,1.3870270865
2.64068387,-4.3537083848,1.3869756310
2.64098380,-4.3541243727,1.3869241651
2.64128373,-4.3545403451,1.3868726889
2.64158366,-4.3549563021,1.3868212023
2.64188359,-4.3553722436,1.3867697054
2.64218352,-4.3557881697,1.3867181981
2.64248345,-4.3562040804,1.3866666805
2.64278338,-4.3566199756,1.3866151526
2.64308331,-4.3570358554,1.3865636143
2.64338324,-4.3574517196,1.3865120658
2.64368317,-4.3578675685,1.3864605069
2.64398310,-4.3582834018,1.3864089378
2.64428303,-4.3586992197,1.3863573583
2.64458296,-4.3591150221,1.3863057686
2.64488289,-4.3595308091,1.3862541686
2.64518282,-4.3599465805,1.3862025583
2.64548275,-4.3603623365,1.3861509378
2.64578268,-4.3607780770,1.3860993070
2.64608261,-4.3611938020,1.3860476659
2.64638254,-4.3616095115,1.3859960146
2.64668247,-4.3620252056,1.3859443530
2.64698240,-4.3624408841,1.3858926813
2.64728233,-4.3628565471,1.3858409993
2.64758226,-4.3632721947,1.3857893070
2.64788219,-4.3636878267,1.3857376046
2.64818212,-4.3641034432,1.3856858920
2.64848205,-4.3645190442,1.3856341691
2.64878198,-4.3649346297,1.3855824361
2.64908191,-4.3653501997,1.3855306928
2.64938184,-4.3657657541,1.3854789394
2.64968177,-4.3661812930,1.3854271759
2.64998170,-4.3665968164,1.3853754021
2.65028163,-4.3670123243,1.3853236182
2.65058156,-4.3674278167,1.3852718241
2.65088149,-4.3678432935,1.3852200199
2.65118142,-4.3682587547,1.3851682056
2.65148135,-4.3686742004,1.3851163811
2.65178128,-4.3690896306,1.3850645464
2.65208121,-4.3695050452,1.3850127017
2.65238114,-4.3699204443,1.3849608468
2.65268107,-4.3703358278,1.3849089819
2.65298100,-4.3707511958,1.3848571068
2.65328093,-4.3711665482,1.3848052216
2.65358086,-4.3715818850,1.3847533264
2.65388079,-4.3719972063,1.3847014210
2.65418072,-4.3724125120,1.3846495056
2.65448065,-4.3728278021,1.3845975801
2.65478058,-4.3732430767,1.3845456446
2.65508051,-4.3736583357,1.3844936990
2.65538044,-4.3740735791,1.3844417433
2.65568037,-4.3744888069,1.3843897776
2.65598030,-4.3749040191,1.3843378019
2.65628023,-4.3753192157,1.3842858161
2.65658016,-4.3757343968,1.3842338203
2.65688009,-4.3761495622,1.3841818145
2.65718002,-4.3765647120,1.3841297986
2.65747995,-4.3769798463,1.3840777728
2.65777988,-4.3773949649,1.3840257370
2.65807981,-4.3778100679,1.3839736911
2.65837974,-4.3782251554,1.3839216353
2.65867967,-4.3786402272,1.3838695695
2.65897960,-4.3790552833,1.3838174938
2.65927953,-4.3794703239,1.3837654080
2.65957946,-4.3798853488,1.3837133124
2.65987939,-4.3803003582,1.3836612067
2.66017932,-4.3807153518,1.3836090911
2.66047925,-4.3811303299,1.3835569656
2.66077918,-4.3815452923,1.3835048301
2.66107911,-4.3819602391,1.3834526847
2.66137904,-4.3823751702,1.3834005294
2.66167897,-4.3827900857,1.3833483642
2.66197890,-4.3832049855,1.3832961891
2.66227883,-4.3836198697,1.3832440040
2.66257876,-4.3840347383,1.3831918091
2.66287869,-4.3844495911,1.3831396043
2.66317862,-4.3848644284,1.3830873896
2.66347855,-4.3852792499,1.3830351650
2.66377848,-4.3856940558,1.3829829305
2.66407841,-4.3861088460,1.3829306862
2.66437834,-4.3865236206,1.3828784321
2.66467827,-4.3869383795,1.3828261680
2.66497820,-4.3873531227,1.3827738942
2.66527813,-4.3877678502,1.3827216105
2.66557806,-4.3881825621,1.3826693170
2.66587799,-4.3885972582,1.3826170136
2.66617792,-4.3890119387,1.3825647004
2.66647785,-4.3894266035,1.3825123775
2.66677778,-4.3898412525,1.3824600447
2.66707771,-4.3902558859,1.3824077021
2.66737764,-4.3906705036,1.3823553497
2.66767757,-4.3910851056,1.3823029876
2.66797750,-4.3914996918,1.3822506156
2.66827743,-4.3919142624,1.3821982339
2.66857736,-4.3923288173,1.3821458425
2.66887729,-4.3927433564,1.3820934412
2.66917722,-4.3931578798,1.3820410303
2.66947715,-4.3935723875,1.3819886095
2.66977708,-4.3939868795,1.3819361791
2.67007701,-4.3944013557,1.3818837389
2.67037694,-4.3948158162,1.3818312889
2.67067687,-4.3952302610,1.3817788293
2.67097680,-4.3956446901,1.3817263599
2.67127673,-4.3960591034,1.3816738809
2.67157666,-4.3964735009,1.3816213921
2.67187659,-4.3968878828,1.3815688936
2.67217652,-4.3973022488,1.3815163855
2.67247645,-4.3977165992,1.3814638677
2.67277638,-4.3981309337,1.3814113402
2.67307631,-4.3985452526,1.3813588030
2.67337624,-4.3989595556,1.3813062561
2.67367617,-4.3993738429,1.3812536997
2.67397610,-4.3997881144,1.3812011335
2.67427603,-4.4002023702,1.3811485577
2.67457596,-4.4006166102,1.3810959723
2.67487589,-4.4010308344,1.3810433773
2.67517582,-4.4014450429,1.3809907726
2.67547575,-4.4018592355,1.3809381583
2.67577568,-4.4022734124,1.3808855344
2.67607561,-4.4026875735,1.3808329009
2.67637554,-4.4031017188,1.3807802578
2.67667547,-4.4035158483,1.3807276052
2.67697540,-4.4039299620,1.3806749429
2.67727533,-4.4043440600,1.3806222710
2.67757526,-4.4047581421,1.3805695896
2.67787519,-4.4051722084,1.3805168986
2.67817512,-4.4055862589,1.3804641981
2.67847505,-4.4060002937,1.3804114880
2.67877498,-4.4064143126,1.3803587684
2.67907491,-4.4068283157,1.3803060392
2.67937484,-4.4072423029,1.3802533005
2.67967477,-4.4076562744,1.3802005522
2.67997470,-4.4080702300,1.3801477945
2.68027463,-4.4084841698,1.3800950272
2.68057456,-4.4088980938,1.3800422505
2.68087449,-4.4093120019,1.3799894642
2.68117442,-4.4097258943,1.3799366684
2.68147435,-4.4101397707,1.3798838632
2.68177428,-4.4105536314,1.3798310484
2.68207421,-4.4109674762,1.3797782242
2.68237414,-4.4113813051,1.3797253905
2.68267407,-4.4117951182,1.3796725474
2.68297400,-4.4122089155,1.3796196948
2.68327393,-4.4126226969,1.3795668328
2.68357386,-4.4130364624,1.3795139613
2.68387379,-4.4134502121,1.3794610804
2.68417372,-4.4138639459,1.3794081900
2.68447365,-4.4142776639,1.3793552903
2.68477358,-4.4146913660,1.3793023811
2.68507351,-4.4151050522,1.3792494625
2.68537344,-4.4155187225,1.3791965345
2.68567337,-4.4159323770,1.3791435971
2.68597330,-4.4163460156,1.3790906503
2.68627323,-4.4167596383,1.3790376941
2.68657316,-4.4171732451,1.3789847286
2.68687309,-4.4175868360,1.3789317537
2.68717302,-4.4180004111,1.3788787694
2.68747295,-4.4184139702,1.3788257757
2.68777288,-4.4188275135,1.3787727727
2.68807281,-4.4192410409,1.3787197604
2.68837274,-4.4196545523,1.3786667387
2.68867267,-4.4200680479,1.3786137077
2.68897260,-4.4204815275,1.3785606674
2.68927253,-4.4208949913,1.3785076177
2.68957246,-4.4213084391,1.3784545588
2.68987239,-4.4217218710,1.3784014905
2.69017232,-4.4221352870,1.3783484129
2.69047225,-4.4225486870,1.3782953261
2.69077218,-4.4229620712,1.3782422299
2.69107211,-4.4233754394,1.3781891245
2.69137204,-4.4237887917,1.3781360098
2.69167197,-4.4242021281,1.3780828858
2.69197190,-4.4246154485,1.3780297525
2.69227183,-4.4250287530,1.3779766100
2.69257176,-4.4254420415,1.3779234583
2.69287169,-4.4258553141,1.3778702973
2.69317162,-4.4262685708,1.3778171271
2.69347155,-4.4266818115,1.3777639476
2.69377148,-4.4270950362,1.3777107590
2.69407141,-4.4275082450,1.3776575611
2.69437134,-4.4279214379,1.3776043540
2.69467127,-4.4283346148,1.3775511377
2.69497120,-4.4287477757,1.3774979122
2.69527113,-4.4291609206,1.3774446775
2.69557106,-4.4295740496,1.3773914336
2.69587099,-4.4299871626,1.3773381806
2.69617092,-4.4304002597,1.3772849183
2.69647085,-4.4308133408,1.3772316469
2.69677078,-4.4312264058,1.3771783664
2.69707071,-4.4316394550,1.3771250767
2.69737064,-4.4320524881,1.3770717779
2.69767057,-4.4324655052,1.3770184699
2.69797050,-4.4328785064,1.3769651527
2.69827043,-4.4332914915,1.3769118265
2.69857036,-4.4337044607,1.3768584911
2.69887029,-4.4341174138,1.3768051467
2.69917022,-4.4345303510,1.3767517931
2.69947015,-4.4349432721,1.3766984304
2.69977008,-4.4353561773,1.3766450586
2.70007001,-4.4357690664,1.3765916777
2.70036994,-4.4361819395,1.3765382878
2.70066987,-4.4365947967,1.3764848888
2.70096980,-4.4370076378,1.3764314807
2.70126973,-4.4374204628,1.3763780635
2.70156966,-4.4378332719,1.3763246373
2.70186959,-4.4382460649,1.3762712020
2.70216952,-4.4386588419,1.3762177577
2.70246945,-4.4390716029,1.3761643044
2.70276938,-4.4394843478,1.3761108420
2.70306931,-4.4398970767,1.3760573706
2.70336924,-4.4403097896,1.3760038902
2.70366917,-4.4407224864,1.3759504008
2.70396910,-4.4411351671,1.3758969023
2.70426903,-4.4415478319,1.3758433949
2.70456896,-4.4419604805,1.3757898785
2.70486889,-4.4423731132,1.3757363531
2.70516882,-4.4427857297,1.3756828187
2.70546875,-4.4431983302,1.3756292753
2.70576868,-4.4436109147,1.3755757230
2.70606861,-4.4440234831,1.3755221617
2.70636854,-4.4444360354,1.3754685915
2.70666847,-4.4448485716,1.3754150123
2.70696840,-4.4452610918,1.3753614242
2.70726833,-4.4456735959,1.3753078271
2.70756826,-4.4460860840,1.3752542211
2.70786819,-4.4464985559,1.3752006062
2.70816812,-4.4469110118,1.3751469824
2.70846805,-4.4473234516,1.3750933496
2.70876798,-4.4477358753,1.3750397080
2.70906791,-4.4481482829,1.3749860575
2.70936784,-4.4485606744,1.3749323980
2.70966777,-4.4489730498,1.3748787297
2.70996770,-4.4493854091,1.3748250526
2.71026763,-4.4497977523,1.3747713665
2.71056756,-4.4502100794,1.3747176716
2.71086749,-4.4506223905,1.3746639678
2.71116742,-4.4510346854,1.3746102552
2.71146735,-4.4514469641,1.3745565337
2.71176728,-4.4518592268,1.3745028034
2.71206721,-4.4522714734,1.3744490642
2.71236714,-4.4526837038,1.3743953163
2.71266707,-4.4530959181,1.3743415595
2.71296700,-4.4535081163,1.3742877939
2.71326693,-4.4539202984,1.3742340195
2.71356686,-4.4543324643,1.3741802363
2.71386679,-4.4547446141,1.3741264443
2.71416672,-4.4551567478,1.3740726435
2.71446665,-4.4555688653,1.3740188339
2.71476658,-4.4559809667,1.3739650156
2.71506651,-4.4563930520,1.3739111885
2.71536644,-4.4568051211,1.3738573526
2.71566637,-4.4572171740,1.3738035079
2.71596630,-4.4576292108,1.3737496546
2.71626623,-4.4580412315,1.3736957924
2.71656616,-4.4584532359,1.3736419216
2.71686609,-4.4588652243,1.3735880420
2.71716602,-4.4592771964,1.3735341537
2.71746595,-4.4596891525,1.3734802566
2.71776588,-4.4601010923,1.3734263509
2.71806581,-4.4605130160,1.3733724364
2.71836574,-4.4609249235,1.3733185133
2.71866567,-4.4613368148,1.3732645815
2.71896560,-4.4617486899,1.3732106409
2.71926553,-4.4621605489,1.3731566917
2.71956546,-4.4625723917,1.3731027338
2.71986539,-4.4629842183,1.3730487673
2.72016532,-4.4633960287,1.3729947921
2.72046525,-4.4638078229,1.3729408082
2.72076518,-4.4642196010,1.3728868157
2.72106511,-4.4646313628,1.3728328146
2.72136504,-4.4650431084,1.3727788048
2.72166497,-4.4654548379,1.3727247864
2.72196490,-4.4658665511,1.3726707594
2.72226483,-4.4662782481,1.3726167237
2.72256476,-4.4666899290,1.3725626794
2.72286469,-4.4671015936,1.3725086266
2.72316462,-4.4675132420,1.3724545651
2.72346455,-4.4679248741,1.3724004951
2.72376448,-4.4683364901,1.3723464164
2.72406441,-4.4687480898,1.3722923292
2.72436434,-4.4691596734,1.3722382334
2.72466427,-4.4695712406,1.3721841291
2.72496420,-4.4699827917,1.3721300162
2.72526413,-4.4703943265,1.3720758947
2.72556406,-4.4708058451,1.3720217647
2.72586399,-4.4712173475,1.3719676262
2.72616392,-4.4716288336,1.3719134791
2.72646385,-4.4720403035,1.3718593235
2.72676378,-4.4724517571,1.3718051594
2.72706371,-4.4728631945,1.3717509867
2.72736364,-4.4732746157,1.3716968056
2.72766357,-4.4736860205,1.3716426159
2.72796350,-4.4740974092,1.3715884178
2.72826343,-4.4745087816,1.3715342112
2.72856336,-4.4749201377,1.3714799960
2.72886329,-4.4753314775,1.3714257724
2.72916322,-4.4757428011,1.3713715404
2.72946315,-4.4761541084,1.3713172998
2.72976308,-4.4765653995,1.3712630509
2.73006301,-4.4769766743,1.3712087934
2.73036294,-4.4773879328,1.3711545275
2.73066287,-4.4777991750,1.3711002532
2.73096280,-4.4782104010,1.3710459705
2.73126273,-4.4786216106,1.3709916793
2.73156266,-4.4790328040,1.3709373797
2.73186259,-4.4794439811,1.3708830717
2.73216252,-4.4798551419,1.3708287553
2.73246245,-4.4802662864,1.3707744304
2.73276238,-4.4806774146,1.3707200972
2.73306231,-4.4810885266,1.3706657556
2.73336224,-4.4814996222,1.3706114056
2.73366217,-4.4819107015,1.3705570473
2.73396210,-4.4823217645,1.3705026805
2.73426203,-4.4827328112,1.3704483055
2.73456196,-4.4831438416,1.3703939220
2.73486189,-4.4835548557,1.3703395302
2.73516182,-4.4839658535,1.3702851301
2.73546175,-4.4843768349,1.3702307216
2.73576168,-4.4847878000,1.3701763048
2.73606161,-4.4851987489,1.3701218796
2.73636154,-4.4856096813,1.3700674462
2.73666147,-4.4860205975,1.3700130044
2.73696140,-4.4864314973,1.3699585543
2.73726133,-4.4868423808,1.3699040960
2.73756126,-4.4872532480,1.3698496293
2.73786119,-4.4876640988,1.3697951543
2.73816112,-4.4880749333,1.3697406711
2.73846105,-4.4884857514,1.3696861796
2.73876098,-4.4888965532,1.3696316798
2.73906091,-4.4893073387,1.3695771718
2.73936084,-4.4897181077,1.3695226555
2.73966077,-4.4901288605,1.3694681309
2.73996070,-4.4905395969,1.3694135981
2.74026063,-4.4909503169,1.3693590571
2.74056056,-4.4913610206,1.3693045079
2.74086049,-4.4917717079,1.3692499504
2.74116042,-4.4921823788,1.3691953847
2.74146035,-4.4925930334,1.3691408108
2.74176028,-4.4930036716,1.3690862287
2.74206021,-4.4934142935,1.3690316383
2.74236014,-4.4938248989,1.3689770398
2.74266007,-4.4942354880,1.3689224331
2.74296000,-4.4946460607,1.3688678183
2.74325993,-4.4950566170,1.3688131952
2.74355986,-4.4954671570,1.3687585640
2.74385979,-4.4958776805,1.3687039246
2.74415972,-4.4962881877,1.3686492771
2.74445965,-4.4966986785,1.3685946214
2.74475958,-4.4971091529,1.3685399576
2.74505951,-4.4975196108,1.3684852856
2.74535944,-4.4979300524,1.3684306055
2.74565937,-4.4983404776,1.3683759173
2.74595930,-4.4987508864,1.3683212210
2.74625923,-4.4991612787,1.3682665165
2.74655916,-4.4995716547,1.3682118040
2.74685909,-4.4999820143,1.3681570833
2.74715902,-4.5003923574,1.3681023546
2.74745895,-4.5008026841,1.3680476177
2.74775888,-4.5012129944,1.3679928728
2.74805881,-4.5016232883,1.3679381198
2.74835874,-4.5020335658,1.3678833588
2.74865867,-4.5024438268,1.3678285897
2.74895860,-4.5028540714,1.3677738125
2.74925853,-4.5032642996,1.3677190273
2.74955846,-4.5036745113,1.3676642340
2.74985839,-4.5040847066,1.3676094327
2.75015832,-4.5044948855,1.3675546234
2.75045825,-4.5049050479,1.3674998060
2.75075818,-4.5053151939,1.3674449807
2.75105811,-4.5057253235,1.3673901473
2.75135804,-4.5061354365,1.3673353059
2.75165797,-4.5065455332,1.3672804565
2.75195790,-4.5069556134,1.3672255991
2.75225783,-4.5073656771,1.3671707338
2.75255776,-4.5077757244,1.3671158604
2.75285769,-4.5081857552,1.3670609791
2.75315762,-4.5085957696,1.3670060898
2.75345755,-4.5090057675,1.3669511926
2.75375748,-4.5094157489,1.3668962874
2.75405741,-4.5098257139,1.3668413742
2.75435734,-4.5102356623,1.3667864531
2.75465727,-4.5106455944,1.3667315241
2.75495720,-4.5110555099,1.3666765871
2.75525713,-4.5114654090,1.3666216422
2.75555706,-4.5118752915,1.3665666894
2.75585699,-4.5122851576,1.3665117287
2.75615692,-4.5126950072,1.3664567601
2.75645685,-4.5131048404,1.3664017836
2.75675678,-4.5135146570,1.3663467991
2.75705671,-4.5139244571,1.3662918068
2.75735664,-4.5143342408,1.3662368067
2.75765657,-4.5147440079,1.3661817986
2.75795650,-4.5151537586,1.3661267827
2.75825643,-4.5155634927,1.3660717589
2.75855636,-4.5159732104,1.3660167272
2.75885629,-4.5163829115,1.3659616877
2.75915622,-4.5167925961,1.3659066404
2.75945615,-4.5172022642,1.3658515852
2.75975608,-4.5176119158,1.3657965222
2.76005601,-4.5180215509,1.3657414514
2.76035594,-4.5184311695,1.3656863727
2.76065587,-4.5188407715,1.3656312863
2.76095580,-4.5192503571,1.3655761920
2.76125573,-4.5196599260,1.3655210899
2.76155566,-4.5200694785,1.3654659801
2.76185559,-4.5204790144,1.3654108624
2.76215552,-4.5208885339,1.3653557370
2.76245545,-4.5212980367,1.3653006038
2.76275538,-4.5217075231,1.3652454628
2.76305531,-4.5221169928,1.3651903141
2.76335524,-4.5225264461,1.3651351576
2.76365517,-4.5229358828,1.3650799933
2.76395510,-4.5233453030,1.3650248213
2.76425503,-4.5237547066,1.3649696416
2.76455496,-4.5241640936,1.3649144542
2.76485489,-4.5245734641,1.3648592590
2.76515482,-4.5249828181,1.3648040561
2.76545475,-4.5253921555,1.3647488454
2.76575468,-4.5258014763,1.3646936271
2.76605461,-4.5262107806,1.3646384011
2.76635454,-4.5266200683,1.3645831674
2.76665447,-4.5270293394,1.3645279260
2.76695440,-4.5274385940,1.3644726769
2.76725433,-4.5278478320,1.3644174201
2.76755426,-4.5282570534,1.3643621556
2.76785419,-4.5286662582,1.3643068835
2.76815412,-4.5290754465,1.3642516038
2.76845405,-4.5294846182,1.3641963164
2.76875398,-4.5298937733,1.3641410213
2.76905391,-4.5303029118,1.3640857186
2.76935384,-4.5307120337,1.3640304083
2.76965377,-4.5311211391,1.3639750903
2.76995370,-4.5315302278,1.3639197647
2.77025363,-4.5319393000,1.3638644315
2.77055356,-4.5323483555,1.3638090907
2.77085349,-4.5327573945,1.3637537423
2.77115342,-4.5331664168,1.3636983863
2.77145335,-4.5335754226,1.3636430227
2.77175328,-4.5339844117,1.3635876516
2.77205321,-4.5343933842,1.3635322728
2.77235314,-4.5348023401,1.3634768865
2.77265307,-4.5352112795,1.3634214926
2.77295300,-4.5356202021,1.3633660912
2.77325293,-4.5360291082,1.3633106821
2.77355286,-4.5364379977,1.3632552656
2.77385279,-4.5368468705,1.3631998415
2.77415272,-4.5372557267,1.3631444099
2.77445265,-4.5376645663,1.3630889707
2.77475258,-4.5380733892,1.3630335241
2.77505251,-4.5384821956,1.3629780699
2.77535244,-4.5388909852,1.3629226082
2.77565237,-4.5392997583,1.3628671389
2.77595230,-4.5397085147,1.3628116622
2.77625223,-4.5401172545,1.3627561780
2.77655216,-4.5405259776,1.3627006864
2.77685209,-4.5409346841,1.3626451872
2.77715202,-4.5413433739,1.3625896806
2.77745195,-4.5417520471,1.3625341665
2.77775188,-4.5421607037,1.3624786449
2.77805181,-4.5425693435,1.3624231159
2.77835174,-4.5429779668,1.3623675794
2.77865167,-4.5433865733,1.3623120355
2.77895160,-4.5437951632,1.3622564842
2.77925153,-4.5442037365,1.3622009254
2.77955146,-4.5446122931,1.3621453592
2.77985139,-4.5450208330,1.3620897856
2.78015132,-4.5454293562,1.3620342045
2.78045125,-4.5458378628,1.3619786161
2.78075118,-4.5462463527,1.3619230202
2.78105111,-4.5466548259,1.3618674170
2.78135104,-4.5470632825,1.3618118064
2.78165097,-4.5474717223,1.3617561884
2.78195090,-4.5478801455,1.3617005630
2.78225083,-4.5482885520,1.3616449303
2.78255076,-4.5486969418,1.3615892902
2.78285069,-4.5491053150,1.3615336427
2.78315062,-4.5495136714,1.3614779879
2.78345055,-4.5499220111,1.3614223257
2.78375048,-4.5503303342,1.3613666562
2.78405041,-4.5507386405,1.3613109794
2.78435034,-4.5511469301,1.3612552952
2.78465027,-4.5515552031,1.3611996037
2.78495020,-4.5519634593,1.3611439049
2.78525013,-4.5523716989,1.3610881988
2.78555006,-4.5527799217,1.3610324854
2.78584998,-4.5531881278,1.3609767647
2.78614991,-4.5535963172,1.3609210367
2.78644984,-4.5540044899,1.3608653014
2.78674977,-4.5544126458,1.3608095589
2.78704970,-4.5548207851,1.3607538091
2.78734963,-4.5552289076,1.3606980520
2.78764956,-4.5556370134,1.3606422876
2.78794949,-4.5560451024,1.3605865160
2.78824942,-4.5564531748,1.3605307371
2.78854935,-4.5568612304,1.3604749510
2.78884928,-4.5572692693,1.3604191577
2.78914921,-4.5576772914,1.3603633572
2.78944914,-4.5580852968,1.3603075494
2.78974907,-4.5584932855,1.3602517344
2.79004900,-4.5589012574,1.3601959122
2.79034893,-4.5593092126,1.3601400827
2.79064886,-4.5597171510,1.3600842461
2.79094879,-4.5601250727,1.3600284023
2.79124872,-4.5605329776,1.3599725513
2.79154865,-4.5609408658,1.3599166931
2.79184858,-4.5613487372,1.3598608278
2.79214851,-4.5617565919,1.3598049553
2.79244844,-4.5621644298,1.3597490756
2.79274837,-4.5625722510,1.3596931887
2.79304830,-4.5629800554,1.3596372947
2.79334823,-4.5633878430,1.3595813936
2.79364816,-4.5637956138,1.3595254853
2.79394809,-4.5642033679,1.3594695699
2.79424802,-4.5646111052,1.3594136474
2.79454795,-4.5650188258,1.3593577177
2.79484788,-4.5654265295,1.3593017810
2.79514781,-4.5658342165,1.3592458371
2.79544774,-4.5662418867,1.3591898861
2.79574767,-4.5666495401,1.3591339280
2.79604760,-4.5670571768,1.3590779629
2.79634753,-4.5674647966,1.3590219906
2.79664746,-4.5678723997,1.3589660113
2.79694739,-4.5682799860,1.3589100249
2.79724732,-4.5686875554,1.3588540314
2.79754725,-4.5690951081,1.3587980309
2.79784718,-4.5695026440,1.3587420233
2.79814711,-4.5699101631,1.3586860087
2.79844704,-4.5703176654,1.3586299870
2.79874697,-4.5707251509,1.3585739583
2.79904690,-4.5711326195,1.3585179226
2.79934683,-4.5715400714,1.3584618798
2.79964676,-4.5719475065,1.3584058300
2.79994669,-4.5723549247,1.3583497733
2.80024662,-4.5727623261,1.3582937095
2.80054655,-4.5731697107,1.3582376387
2.80084648,-4.5735770785,1.3581815609
2.80114641,-4.5739844295,1.3581254761
2.80144634,-4.5743917637,1.3580693843
2.80174627,-4.5747990810,1.3580132856
2.80204620,-4.5752063815,1.3579571799
2.80234613,-4.5756136652,1.3579010672
2.80264606,-4.5760209320,1.3578449476
2.80294599,-4.5764281820,1.3577888210
2.80324592,-4.5768354152,1.3577326875
2.80354585,-4.5772426315,1.3576765471
2.80384578,-4.5776498310,1.3576203997
2.80414571,-4.5780570137,1.3575642453
2.80444564,-4.5784641795,1.3575080841
2.80474557,-4.5788713285,1.3574519159
2.80504550,-4.5792784606,1.3573957409
2.80534543,-4.5796855759,1.3573395589
2.80564536,-4.5800926743,1.3572833700
2.80594529,-4.5804997558,1.3572271743
2.80624522,-4.5809068206,1.3571709716
2.80654515,-4.5813138684,1.3571147621
2.80684508,-4.5817208994,1.3570585457
2.80714501,-4.5821279135,1.3570023224
2.80744494,-4.5825349108,1.3569460923
2.80774487,-4.5829418912,1.3568898553
2.80804480,-4.5833488547,1.3568336115
2.80834473,-4.5837558014,1.3567773608
2.80864466,-4.5841627312,1.3567211033
2.80894459,-4.5845696441,1.3566648389
2.80924452,-4.5849765401,1.3566085677
2.80954445,-4.5853834193,1.3565522897
2.80984438,-4.5857902816,1.3564960049
2.81014431,-4.5861971269,1.3564397133
2.81044424,-4.5866039555,1.3563834149
2.81074417,-4.5870107671,1.3563271097
2.81104410,-4.5874175618,1.3562707977
2.81134403,-4.5878243397,1.3562144789
2.81164396,-4.5882311006,1.3561581533
2.81194389,-4.5886378447,1.3561018210
2.81224382,-4.5890445718,1.3560454818
2.81254375,-4.5894512821,1.3559891360
2.81284368,-4.5898579755,1.3559327834
2.81314361,-4.5902646519,1.3558764240
2.81344354,-4.5906713115,1.3558200579
2.81374347,-4.5910779541,1.3557636850
2.81404340,-4.5914845799,1.3557073054
2.81434333,-4.5918911887,1.3556509191
2.81464326,-4.5922977806,1.3555945261
2.81494319,-4.5927043556,1.3555381264
2.81524312,-4.5931109137,1.3554817199
2.81554305,-4.5935174548,1.3554253068
2.81584298,-4.5939239791,1.3553688869
2.81614291,-4.5943304864,1.3553124604
2.81644284,-4.5947369768,1.3552560272
2.81674277,-4.5951434503,1.3551995873
2.81704270,-4.5955499068,1.3551431407
2.81734263,-4.5959563464,1.3550866875
2.81764256,-4.5963627691,1.3550302276
2.81794249,-4.5967691748,1.3549737611
2.81824242,-4.5971755636,1.3549172879
2.81854235,-4.5975819355,1.3548608081
2.81884228,-4.5979882904,1.3548043216
2.81914221,-4.5983946284,1.3547478285
2.81944214,-4.5988009494,1.3546913288
2.81974207,-4.5992072535,1.3546348225
2.82004200,-4.5996135407,1.3545783095
2.82034193,-4.6000198108,1.3545217900
2.82064186,-4.6004260641,1.3544652638
2.82094179,-4.6008323004,1.3544087311
2.82124172,-4.6012385197,1.3543521917
2.82154165,-4.6016447220,1.3542956458
2.82184158,-4.6020509074,1.3542390933
2.82214151,-4.6024570759,1.3541825343
2.82244144,-4.6028632274,1.3541259686
2.82274137,-4.6032693619,1.3540693964
2.82304130,-4.6036754794,1.3540128177
2.82334123,-4.6040815800,1.3539562324
2.82364116,-4.6044876636,1.3538996406
2.82394109,-4.6048937302,1.3538430422
2.82424102,-4.6052997798,1.3537864373
2.82454095,-4.6057058125,1.3537298259
2.82484088,-4.6061118282,1.3536732079
2.82514081,-4.6065178269,1.3536165835
2.82544074,-4.6069238086,1.3535599525
2.82574067,-4.6073297734,1.3535033151
2.82604060,-4.6077357211,1.3534466711
2.82634053,-4.6081416519,1.3533900207
2.82664046,-4.6085475656,1.3533333638
2.82694039,-4.6089534624,1.3532767004
2.82724032,-4.6093593422,1.3532200305
2.82754025,-4.6097652049,1.3531633542
2.82784018,-4.6101710507,1.3531066714
2.82814011,-4.6105768795,1.3530499822
2.82844004,-4.6109826913,1.3529932865
2.82873997,-4.6113884860,1.3529365843
2.82903990,-4.6117942638,1.3528798758
2.82933983,-4.6122000245,1.3528231608
2.82963976,-4.6126057683,1.3527664394
2.82993969,-4.6130114950,1.3527097115
2.83023962,-4.6134172047,1.3526529773
2.83053955,-4.6138228974,1.3525962366
2.83083948,-4.6142285731,1.3525394896
2.83113941,-4.6146342317,1.3524827361
2.83143934,-4.6150398733,1.3524259763
2.83173927,-4.6154454979,1.3523692101
2.83203920,-4.6158511055,1.3523124375
2.83233913,-4.6162566960,1.3522556585
2.83263906,-4.6166622696,1.3521988732
2.83293899,-4.6170678260,1.3521420815
2.83323892,-4.6174733655,1.3520852834
2.83353885,-4.6178788879,1.3520284790
2.83383878,-4.6182843933,1.3519716683
2.83413871,-4.6186898816,1.3519148512
2.83443864,-4.6190953529,1.3518580278
2.83473857,-4.6195008071,1.3518011981
2.83503850,-4.6199062443,1.3517443620
2.83533843,-4.6203116645,1.3516875197
2.83563836,-4.6207170676,1.3516306710
2.83593829,-4.6211224537,1.3515738161
2.83623822,-4.6215278227,1.3515169548
2.83653815,-4.6219331746,1.3514600872
2.83683808,-4.6223385095,1.3514032134
2.83713801,-4.6227438273,1.3513463333
2.83743794,-4.6231491281,1.3512894469
2.83773787,-4.6235544118,1.3512325543
2.83803780,-4.6239596784,1.3511756554
2.83833773,-4.6243649280,1.3511187502
2.83863766,-4.6247701605,1.3510618388
2.83893759,-4.6251753759,1.3510049211
2.83923752,-4.6255805743,1.3509479973
2.83953745,-4.6259857556,1.3508910671
2.83983738,-4.6263909198,1.3508341308
2.84013731,-4.6267960669,1.3507771882
2.84043724,-4.6272011970,1.3507202394
2.84073717,-4.6276063099,1.3506632845
2.84103710,-4.6280114058,1.3506063233
2.84133703,-4.6284164846,1.3505493559
2.84163696,-4.6288215463,1.3504923823
2.84193689,-4.6292265910,1.3504354025
2.84223682,-4.6296316185,1.3503784166
2.84253675,-4.6300366289,1.3503214245
2.84283668,-4.6304416223,1.3502644262
2.84313661,-4.6308465985,1.3502074218
2.84343654,-4.6312515577,1.3501504112
2.84373647,-4.6316564998,1.3500933944
2.84403640,-4.6320614247,1.3500363715
2.84433633,-4.6324663326,1.3499793425
2.84463626,-4.6328712233,1.3499223073
2.84493619,-4.6332760969,1.3498652660
2.84523612,-4.6336809535,1.3498082186
2.84553605,-4.6340857929,1.3497511651
2.84583598,-4.6344906152,1.3496941055
2.84613591,-4.6348954204,1.3496370397
2.84643584,-4.6353002084,1.3495799679
2.84673577,-4.6357049794,1.3495228900
2.84703570,-4.6361097332,1.3494658059
2.84733563,-4.6365144699,1.3494087159
2.84763556,-4.6369191895,1.3493516197
2.84793549,-4.6373238920,1.3492945174
2.84823542,-4.6377285773,1.3492374091
2.84853535,-4.6381332455,1.3491802948
2.84883528,-4.6385378966,1.3491231744
2.84913521,-4.6389425305,1.3490660479
2.84943514,-4.6393471473,1.3490089154
2.84973507,-4.6397517470,1.3489517769
2.85003500,-4.6401563295,1.3488946323
2.85033493,-4.6405608949,1.3488374817
2.85063486,-4.6409654431,1.3487803251
2.85093479,-4.6413699742,1.3487231625
2.85123472,-4.6417744882,1.3486659939
2.85153465,-4.6421789850,1.3486088192
2.85183458,-4.6425834647,1.3485516386
2.85213451,-4.6429879272,1.3484944520
2.85243444,-4.6433923725,1.3484372594
2.85273437,-4.6437968007,1.3483800609
2.85303430,-4.6442012118,1.3483228563
2.85333423,-4.6446056057,1.3482656458
2.85363416,-4.6450099824,1.3482084294
2.85393409,-4.6454143419,1.3481512069
2.85423402,-4.6458186843,1.3480939786
2.85453395,-4.6462230096,1.3480367443
2.85483388,-4.6466273176,1.3479795040
2.85513381,-4.6470316085,1.3479222578
2.85543374,-4.6474358823,1.3478650057
2.85573367,-4.6478401388,1.3478077477
2.85603360,-4.6482443782,1.3477504838
2.85633353,-4.6486486004,1.3476932139
2.85663346,-4.6490528054,1.3476359382
2.85693339,-4.6494569933,1.3475786565
2.85723332,-4.6498611640,1.3475213690
2.85753325,-4.6502653174,1.3474640756
2.85783318,-4.6506694537,1.3474067763
2.85813311,-4.6510735728,1.3473494711
2.85843304,-4.6514776748,1.3472921600
2.85873297,-4.6518817595,1.3472348431
2.85903290,-4.6522858270,1.3471775204
2.85933283,-4.6526898774,1.3471201917
2.85963276,-4.6530939105,1.3470628573
2.85993269,-4.6534979265,1.3470055170
2.86023262,-4.6539019253,1.3469481708
2.86053255,-4.6543059068,1.3468908189
2.86083248,-4.6547098712,1.3468334611
2.86113241,-4.6551138183,1.3467760975
2.86143234,-4.6555177483,1.3467187280
2.86173227,-4.6559216610,1.3466613528
2.86203220,-4.6563255565,1.3466039718
2.86233213,-4.6567294348,1.3465465850
2.86263206,-4.6571332959,1.3464891924
2.86293199,-4.6575371398,1.3464317940
2.86323192,-4.6579409665,1.3463743898
2.86353185,-4.6583447759,1.3463169798
2.86383178,-4.6587485682,1.3462595641
2.86413171,-4.6591523432,1.3462021427
2.86443164,-4.6595561010,1.3461447154
2.86473157,-4.6599598415,1.3460872824
2.86503150,-4.6603635649,1.3460298437
2.86533143,-4.6607672710,1.3459723993
2.86563136,-4.6611709599,1.3459149491
2.86593129,-4.6615746315,1.3458574932
2.86623122,-4.6619782859,1.3458000315
2.86653115,-4.6623819231,1.3457425642
2.86683108,-4.6627855430,1.3456850911
2.86713101,-4.6631891457,1.3456276123
2.86743094,-4.6635927312,1.3455701279
2.86773087,-4.6639962994,1.3455126377
2.86803080,-4.6643998504,1.3454551419
2.86833073,-4.6648033841,1.3453976403
2.86863066,-4.6652069006,1.3453401331
2.86893059,-4.6656103998,1.3452826203
2.86923052,-4.6660138818,1.3452251017
2.86953045,-4.6664173465,1.3451675775
2.86983038,-4.6668207940,1.3451100477
2.87013031,-4.6672242242,1.3450525122
2.87043024,-4.6676276372,1.3449949710
2.87073017,-4.6680310329,1.3449374242
2.87103010,-4.6684344113,1.3448798718
2.87133003,-4.6688377725,1.3448223138
2.87162996,-4.6692411164,1.3447647501
2.87192989,-4.6696444431,1.3447071809
2.87222982,-4.6700477525,1.3446496060
2.87252975,-4.6704510446,1.3445920255
2.87282968,-4.6708543194,1.3445344394
2.87312961,-4.6712575770,1.3444768478
2.87342954,-4.6716608173,1.3444192505
2.87372947,-4.6720640403,1.3443616477
2.87402940,-4.6724672460,1.3443040393
2.87432933,-4.6728704345,1.3442464253
2.87462926,-4.6732736057,1.3441888057
2.87492919,-4.6736767596,1.3441311806
2.87522912,-4.6740798962,1.3440735500
2.87552905,-4.6744830155,1.3440159138
2.87582898,-4.6748861175,1.3439582720
2.87612891,-4.6752892023,1.3439006248
2.87642884,-4.6756922698,1.3438429719
2.87672877,-4.6760953199,1.3437853136
2.87702870,-4.6764983528,1.3437276498
2.87732863,-4.6769013684,1.3436699804
2.87762856,-4.6773043667,1.3436123055
2.87792849,-4.6777073476,1.3435546252
2.87822842,-4.6781103113,1.3434969393
2.87852835,-4.6785132577,1.3434392479
2.87882828,-4.6789161868,1.3433815511
2.87912821,-4.6793190985,1.3433238487
2.87942814,-4.6797219930,1.3432661409
2.87972807,-4.6801248701,1.3432084277
2.88002800,-4.6805277300,1.3431507089
2.88032793,-4.6809305725,1.3430929848
2.88062786,-4.6813333977,1.3430352551
2.88092779,-4.6817362056,1.3429775200
2.88122772,-4.6821389962,1.3429197795
2.88152765,-4.6825417695,1.3428620335
2.88182758,-4.6829445254,1.3428042821
2.88212751,-4.6833472640,1.3427465253
2.88242744,-4.6837499853,1.3426887631
2.88272737,-4.6841526893,1.3426309954
2.88302730,-4.6845553759,1.3425732224
2.88332723,-4.6849580452,1.3425154439
2.88362716,-4.6853606972,1.3424576600
2.88392709,-4.6857633319,1.3423998708
2.88422702,-4.6861659492,1.3423420762
2.88452695,-4.6865685492,1.3422842762
2.88482688,-4.6869711318,1.3422264708
2.88512681,-4.6873736971,1.3421686600
2.88542674,-4.6877762451,1.3421108439
2.88572667,-4.6881787757,1.3420530224
2.88602660,-4.6885812890,1.3419951956
2.88632653,-4.6889837849,1.3419373634
2.88662646,-4.6893862635,1.3418795259
2.88692639,-4.6897887248,1.3418216831
2.88722632,-4.6901911686,1.3417638349
2.88752625,-4.6905935952,1.3417059814
2.88782618,-4.6909960044,1.3416481225
2.88812611,-4.6913983962,1.3415902584
2.88842604,-4.6918007707,1.3415323890
2.88872597,-4.6922031278,1.3414745142
2.88902590,-4.6926054676,1.3414166342
2.88932583,-4.6930077900,1.3413587488
2.88962576,-4.6934100950,1.3413008582
2.88992569,-4.6938123827,1.3412429623
2.89022562,-4.6942146530,1.3411850611
2.89052555,-4.6946169059,1.3411271547
2.89082548,-4.6950191415,1.3410692430
2.89112541,-4.6954213597,1.3410113260
2.89142534,-4.6958235606,1.3409534038
2.89172527,-4.6962257440,1.3408954763
2.89202520,-4.6966279101,1.3408375436
2.89232513,-4.6970300588,1.3407796056
2.89262506,-4.6974321901,1.3407216625
2.89292499,-4.6978343041,1.3406637141
2.89322492,-4.6982364006,1.3406057604
2.89352485,-4.6986384798,1.3405478016
2.89382478,-4.6990405416,1.3404898376
2.89412471,-4.6994425860,1.3404318683
2.89442464,-4.6998446131,1.3403738939
2.89472457,-4.7002466227,1.3403159142
2.89502450,-4.7006486150,1.3402579294
2.89532443,-4.7010505898,1.3401999394
2.89562436,-4.7014525473,1.3401419442
2.89592429,-4.7018544873,1.3400839438
2.89622422,-4.7022564100,1.3400259383
2.89652415,-4.7026583153,1.3399679276
2.89682408,-4.7030602032,1.3399099118
2.89712401,-4.7034620736,1.3398518908
2.89742394,-4.7038639267,1.3397938647
2.89772387,-4.7042657624,1.3397358334
2.89802380,-4.7046675806,1.3396777970
2.89832373,-4.7050693815,1.3396197555
2.89862366,-4.7054711649,1.3395617089
2.89892359,-4.7058729309,1.3395036571
2.89922352,-4.7062746795,1.3394456002
2.89952345,-4.7066764107,1.3393875383
2.89982338,-4.7070781245,1.3393294712
2.90012331,-4.7074798209,1.3392713990
2.90042324,-4.7078814999,1.3392133218
2.90072317,-4.7082831614,1.3391552394
2.90102310,-4.7086848055,1.3390971520
2.90132303,-4.7090864322,1.3390390595
2.90162296,-4.7094880414,1.3389809619
2.90192289,-4.7098896333,1.3389228593
2.90222282,-4.7102912077,1.3388647516
2.90252275,-4.7106927647,1.3388066389
2.90282268,-4.7110943042,1.3387485211
2.90312261,-4.7114958263,1.3386903983
2.90342254,-4.7118973310,1.3386322705
2.90372247,-4.7122988183,1.3385741376
2.90402240,-4.7127002881,1.3385159997
2.90432233,-4.7131017405,1.3384578568
2.90462226,-4.7135031754,1.3383997089
2.90492219,-4.7139045929,1.3383415559
2.90522212,-4.7143059930,1.3382833980
2.90552205,-4.7147073756,1.3382252351
2.90582198,-4.7151087407,1.3381670671
2.90612191,-4.7155100884,1.3381088942
2.90642184,-4.7159114187,1.3380507163
2.90672177,-4.7163127315,1.3379925335
2.90702170,-4.7167140269,1.3379343456
2.90732163,-4.7171153048,1.3378761528
2.90762156,-4.7175165653,1.3378179551
2.90792149,-4.7179178083,1.3377597523
2.90822142,-4.7183190338,1.3377015447
2.90852135,-4.7187202419,1.3376433321
2.90882128,-4.7191214325,1.3375851145
2.90912121,-4.7195226057,1.3375268921
2.90942114,-4.7199237614,1.3374686647
2.90972107,-4.7203248996,1.3374104323
2.91002100,-4.7207260204,1.3373521951
2.91032093,-4.7211271237,1.3372939530
2.91062086,-4.7215282095,1.3372357059
2.91092079,-4.7219292779,1.3371774540
2.91122072,-4.7223303288,1.3371191971
2.91152065,-4.7227313622,1.3370609354
2.91182058,-4.7231323781,1.3370026688
2.91212051,-4.7235333766,1.3369443973
2.91242044,-4.7239343576,1.3368861209
2.91272037,-4.7243353211,1.3368278397
2.91302030,-4.7247362671,1.3367695536
2.91332023,-4.7251371956,1.3367112626
2.91362016,-4.7255381067,1.3366529668
2.91392009,-4.7259390003,1.3365946662
2.91422002,-4.7263398763,1.3365363607
2.91451995,-4.7267407349,1.3364780504
2.91481988,-4.7271415761,1.3364197352
2.91511981,-4.7275423997,1.3363614152
2.91541974,-4.7279432058,1.3363030904
2.91571967,-4.7283439944,1.3362447608
2.91601960,-4.7287447656,1.3361864264
2.91631953,-4.7291455192,1.3361280872
2.91661946,-4.7295462553,1.3360697432
2.91691939,-4.7299469740,1.3360113944
2.91721932,-4.7303476751,1.3359530408
2.91751925,-4.7307483587,1.3358946824
2.91781918,-4.7311490249,1.3358363192
2.91811911,-4.7315496735,1.3357779513
2.91841904,-4.7319503046,1.3357195786
2.91871897,-4.7323509182,1.3356612012
2.91901890,-4.7327515143,1.3356028189
2.91931883,-4.7331520929,1.3355444320
2.91961876,-4.7335526540,1.3354860403
2.91991869,-4.7339531976,1.3354276438
2.92021862,-4.7343537236,1.3353692427
2.92051855,-4.7347542321,1.3353108368
2.92081848,-4.7351547231,1.3352524261
2.92111841,-4.7355551966,1.3351940108
2.92141834,-4.7359556526,1.3351355907
2.92171827,-4.7363560910,1.3350771660
2.92201820,-4.7367565120,1.3350187365
2.92231813,-4.7371569154,1.3349603023
2.92261806,-4.7375573012,1.3349018635
2.92291799,-4.7379576696,1.3348434200
2.92321792,-4.7383580204,1.3347849717
2.92351785,-4.7387583537,1.3347265188
2.92381778,-4.7391586694,1.3346680613
2.92411771,-4.7395589676,1.3346095990
2.92441764,-4.7399592483,1.3345511322
2.92471757,-4.7403595115,1.3344926606
2.92501750,-4.7407597571,1.3344341844
2.92531743,-4.7411599851,1.3343757036
2.92561736,-4.7415601957,1.3343172181
2.92591729,-4.7419603886,1.3342587280
2.92621722,-4.7423605641,1.3342002333
2.92651715,-4.7427607220,1.3341417339
2.92681708,-4.7431608623,1.3340832299
2.92711701,-4.7435609851,1.3340247213
2.92741694,-4.7439610904,1.3339662082
2.92771687,-4.7443611781,1.3339076904
2.92801680,-4.7447612482,1.3338491680
2.92831673,-4.7451613008,1.3337906410
2.92861666,-4.7455613359,1.3337321094
2.92891659,-4.7459613533,1.3336735733
2.92921652,-4.7463613533,1.3336150325
2.92951645,-4.7467613356,1.3335564873
2.92981638,-4.7471613004,1.3334979374
2.93011631,-4.7475612477,1.3334393830
2.93041624,-4.7479611774,1.3333808240
2.93071617,-4.7483610895,1.3333222605
2.93101610,-4.7487609840,1.3332636924
2.93131603,-4.7491608610,1.3332051198
2.93161596,-4.7495607205,1.3331465427
2.93191589,-4.7499605623,1.3330879610
2.93221582,-4.7503603866,1.3330293748
2.93251575,-4.7507601933,1.3329707841
2.93281568,-4.7511599824,1.3329121889
2.93311561,-4.7515597540,1.3328535892
2.93341554,-4.7519595079,1.3327949850
2.93371547,-4.7523592443,1.3327363763
2.93401540,-4.7527589632,1.3326777631
2.93431533,-4.7531586644,1.3326191454
2.93461526,-4.7535583481,1.3325605232
2.93491519,-4.7539580141,1.3325018965
2.93521512,-4.7543576626,1.3324432654
2.93551505,-4.7547572935,1.3323846298
2.93581498,-4.7551569069,1.3323259898
2.93611491,-4.7555565026,1.3322673453
2.93641484,-4.7559560807,1.3322086963
2.93671477,-4.7563556413,1.3321500429
2.93701470,-4.7567551842,1.3320913851
2.93731463,-4.7571547096,1.3320327228
2.93761456,-4.7575542174,1.3319740561
2.93791449,-4.7579537075,1.3319153850
2.93821442,-4.7583531801,1.3318567095
2.93851435,-4.7587526351,1.3317980295
2.93881428,-4.7591520725,1.3317393451
2.93911421,-4.7595514922,1.3316806564
2.93941414,-4.7599508944,1.3316219632
2.93971407,-4.7603502790,1.3315632657
2.94001400,-4.7607496459,1.3315045637
2.94031393,-4.7611489953,1.3314458574
2.94061386,-4.7615483270,1.3313871467
2.94091379,-4.7619476412,1.3313284316
2.94121372,-4.7623469377,1.3312697122
2.94151365,-4.7627462166,1.3312109884
2.94181358,-4.7631454779,1.3311522602
2.94211351,-4.7635447216,1.3310935277
2.94241344,-4.7639439476,1.3310347909
2.94271337,-4.7643431561,1.3309760497
2.94301330,-4.7647423469,1.3309173042
2.94331323,-4.7651415201,1.3308585543
2.94361316,-4.7655406757,1.3307998001
2.94391309,-4.7659398137,1.3307410416
2.94421302,-4.7663389340,1.3306822788
2.94451295,-4.7667380367,1.3306235117
2.94481288,-4.7671371218,1.3305647403
2.94511281,-4.7675361893,1.3305059646
2.94541274,-4.7679352391,1.3304471845
2.94571267,-4.7683342713,1.3303884002
2.94601260,-4.7687332859,1.3303296116
2.94631253,-4.7691322828,1.3302708188
2.94661246,-4.7695312621,1.3302120216
2.94691239,-4.7699302238,1.3301532202
2.94721232,-4.7703291678,1.3300944145
2.94751225,-4.7707280942,1.3300356046
2.94781218,-4.7711270029,1.3299767904
2.94811211,-4.7715258940,1.3299179720
2.94841204,-4.7719247675,1.3298591493
2.94871197,-4.7723236233,1.3298003224
2.94901190,-4.7727224615,1.3297414912
2.94931183,-4.7731212820,1.3296826558
2.94961176,-4.7735200849,1.3296238162
2.94991169,-4.7739188702,1.3295649724
2.95021162,-4.7743176377,1.3295061244
2.95051155,-4.7747163877,1.3294472722
2.95081148,-4.7751151200,1.3293884157
2.95111141,-4.7755138346,1.3293295551
2.95141134,-4.7759125316,1.3292706903
2.95171127,-4.7763112109,1.3292118213
2.95201120,-4.7767098726,1.3291529481
2.95231113,-4.7771085166,1.3290940707
2.95261106,-4.7775071429,1.3290351892
2.95291099,-4.7779057516,1.3289763035
2.95321092,-4.7783043426,1.3289174136
2.95351085,-4.7787029160,1.3288585196
2.95381078,-4.7791014717,1.3287996214
2.95411071,-4.7795000097,1.3287407191
2.95441064,-4.7798985301,1.3286818127
2.95471057,-4.7802970327,1.3286229021
2.95501050,-4.7806955178,1.3285639873
2.95531043,-4.7810939851,1.3285050685
2.95561036,-4.7814924348,1.3284461455
2.95591029,-4.7818908668,1.3283872185
2.95621022,-4.7822892811,1.3283282873
2.95651015,-4.7826876778,1.3282693520
2.95681008,-4.7830860568,1.3282104126
2.95711001,-4.7834844181,1.3281514691
2.95740994,-4.7838827617,1.3280925215
2.95770987,-4.7842810876,1.3280335698
2.95800980,-4.7846793959,1.3279746141
2.95830973,-4.7850776865,1.3279156543
2.95860966,-4.7854759594,1.3278566904
2.95890959,-4.7858742146,1.3277977224
2.95920952,-4.7862724521,1.3277387504
2.95950945,-4.7866706719,1.3276797744
2.95980938,-4.7870688741,1.3276207943
2.96010931,-4.7874670585,1.3275618101
2.96040924,-4.7878652253,1.3275028219
2.96070917,-4.7882633743,1.3274438297
2.96100910,-4.7886615057,1.3273848334
2.96130903,-4.7890596194,1.3273258331
2.96160896,-4.7894577154,1.3272668288
2.96190889,-4.7898557936,1.3272078205
2.96220882,-4.7902538542,1.3271488082
2.96250875,-4.7906518971,1.3270897919
2.96280868,-4.7910499223,1.3270307716
2.96310861,-4.7914479298,1.3269717472
2.96340854,-4.7918459195,1.3269127189
2.96370847,-4.7922438916,1.3268536867
2.96400840,-4.7926418460,1.3267946504
2.96430833,-4.7930397826,1.3267356101
2.96460826,-4.7934377016,1.3266765659
2.96490819,-4.7938356028,1.3266175178
2.96520812,-4.7942334863,1.3265584656
2.96550805,-4.7946313522,1.3264994096
2.96580798,-4.7950292003,1.3264403495
2.96610791,-4.7954270306,1.3263812855
2.96640784,-4.7958248433,1.3263222176
2.96670777,-4.7962226383,1.3262631458
2.96700770,-4.7966204155,1.3262040700
2.96730763,-4.7970181750,1.3261449903
2.96760756,-4.7974159168,1.3260859067
2.96790749,-4.7978136409,1.3260268192
2.96820742,-4.7982113473,1.3259677277
2.96850735,-4.7986090359,1.3259086324
2.96880728,-4.7990067068,1.3258495332
2.96910721,-4.7994043600,1.3257904300
2.96940714,-4.7998019954,1.3257313230
2.96970707,-4.8001996131,1.3256722121
2.97000700,-4.8005972131,1.3256130973
2.97030693,-4.8009947954,1.3255539787
2.97060686,-4.8013923599,1.3254948561
2.97090679,-4.8017899067,1.3254357298
2.97120672,-4.8021874358,1.3253765995
2.97150665,-4.8025849471,1.3253174654
2.97180658,-4.8029824407,1.3252583275
2.97210651,-4.8033799166,1.3251991857
2.97240644,-4.8037773747,1.3251400400
2.97270637,-4.8041748150,1.3250808906
2.97300630,-4.8045722377,1.3250217373
2.97330623,-4.8049696426,1.3249625802
2.97360616,-4.8053670297,1.3249034193
2.97390609,-4.8057643991,1.3248442545
2.97420602,-4.8061617508,1.3247850860
2.97450595,-4.8065590847,1.3247259136
2.97480588,-4.8069564008,1.3246667374
2.97510581,-4.8073536992,1.3246075575
2.97540574,-4.8077509799,1.3245483738
2.97570567,-4.8081482428,1.3244891862
2.97600560,-4.8085454880,1.3244299949
2.97630553,-4.8089427154,1.3243707999
2.97660546,-4.8093399250,1.3243116010
2.97690539,-4.8097371169,1.3242523984
2.97720532,-4.8101342910,1.3241931921
2.97750525,-4.8105314474,1.3241339819
2.97780518,-4.8109285860,1.3240747681
2.97810511,-4.8113257069,1.3240155505
2.97840504,-4.8117228100,1.3239563291
2.97870497,-4.8121198953,1.3238971040
2.97900490,-4.8125169629,1.3238378752
2.97930483,-4.8129140127,1.3237786427
2.97960476,-4.8133110447,1.3237194064
2.97990469,-4.8137080590,1.3236601664
2.98020462,-4.8141050555,1.3236009227
2.98050455,-4.8145020342,1.3235416754
2.98080448,-4.8148989952,1.3234824243
2.98110441,-4.8152959384,1.3234231695
2.98140434,-4.8156928638,1.3233639110
2.98170427,-4.8160897714,1.3233046489
2.98200420,-4.8164866613,1.3232453830
2.98230413,-4.8168835334,1.3231861135
2.98260406,-4.8172803877,1.3231268403
2.98290399,-4.8176772242,1.3230675635
2.98320392,-4.8180740430,1.3230082830
2.98350385,-4.8184708440,1.3229489988
2.98380378,-4.8188676271,1.3228897110
2.98410371,-4.8192643926,1.3228304195
2.98440364,-4.8196611402,1.3227711244
2.98470357,-4.8200578700,1.3227118257
2.98500350,-4.8204545821,1.3226521031
2.98530343,-4.8208512764,1.3225932173
2.98560336,-4.8212479528,1.3225339076
2.98590329,-4.8216446115,1.3224745944
2.98620322,-4.8220412524,1.3224152776
2.98650315,-4.8224378755,1.3223559571
2.98680308,-4.8228344809,1.3222966330
2.98710301,-4.8232310684,1.3222373054
2.98740294,-4.8236276381,1.3221779741
2.98770287,-4.8240241900,1.3221186393
2.98800280,-4.8244207242,1.3220593009
2.98830273,-4.8248172405,1.3219999589
2.98860266,-4.8252137390,1.3219406133
2.98890259,-4.8256102198,1.3218812642
2.98920252,-4.8260066827,1.3218219115
2.98950245,-4.8264031279,1.3217625553
2.98980238,-4.8267995552,1.3217031955
2.99010231,-4.8271959647,1.3216438321
2.99040224,-4.8275923564,1.3215844652
2.99070217,-4.8279887304,1.3215250948
2.99100210,-4.8283850865,1.3214657208
2.99130203,-4.8287814248,1.3214063433
2.99160196,-4.8291777453,1.3213469623
2.99190189,-4.8295740479,1.3212875777
2.99220182,-4.8299703328,1.3212281897
2.99250175,-4.8303665999,1.3211687981
2.99280168,-4.8307628491,1.3211094030
2.99310161,-4.8311590805,1.3210500044
2.99340154,-4.8315552941,1.3209906024
2.99370147,-4.8319514899,1.3209311968
2.99400140,-4.8323476679,1.3208717878
2.99430133,-4.8327438281,1.3208123752
2.99460126,-4.8331399704,1.3207529593
2.99490119,-4.8335360949,1.3206935398
2.99520112,-4.8339322016,1.3206341168
2.99550105,-4.8343282905,1.3205746905
2.99580098,-4.8347243615,1.3205152606
2.99610091,-4.8351204147,1.3204558273
2.99640084,-4.8355164501,1.3203963905
2.99670077,-4.8359124677,1.3203369503
2.99700070,-4.8363084674,1.3202775067
2.99730063,-4.8367044494,1.3202180596
2.99760056,-4.8371004134,1.3201586092
2.99790049,-4.8374963597,1.3200991552
2.99820042,-4.8378922881,1.3200396979
2.99850035,-4.8382881987,1.3199802371
2.99880028,-4.8386840914,1.3199207730
2.99910021,-4.8390799663,1.3198613054
2.99940014,-4.8394758234,1.3198018345
2.99970007,-4.8398716626,1.3197423601
3.00000000,-4.8402674840,1.3197126221
